event_id,video_id,interaction_id,fusion_id,signature_id,start_frame,end_frame,duration_seconds,person_track_id,vehicle_track_id,location,decision,signature_score,confidence,matched_signature_name,behaviour_patterns,detected_actions,thumbnail_path,video_clip_path
EVT-SIG-822C3315,1.mp4,INT-0001,FUSED-INT-0001,SIG-822C3315,44,44,0.033,-1,-1,Camera 1,No Match,0.1,0.056,StandardMotorcycleSnatch,,,outputs\forensic_thumbnails/thumb_EVT-SIG-822C3315.jpg,outputs/forensic_clips/event_EVT-SIG-822C3315.avi
EVT-SIG-280548F8,1.mp4,INT-0001,FUSED-INT-0001,SIG-280548F8,44,44,0.033,-1,-1,Camera 1,No Match,0.0,0.0,StandardMotorcycleSnatch,,,outputs\forensic_thumbnails/thumb_EVT-SIG-280548F8.jpg,outputs/forensic_clips/event_EVT-SIG-280548F8.avi
EVT-SIG-A2DD2BBA,1.mp4,INT-0001,FUSED-INT-0001,SIG-A2DD2BBA,44,44,0.033,-1,-1,Camera 1,No Match,0.0,0.0,StandardMotorcycleSnatch,,,outputs\forensic_thumbnails/thumb_EVT-SIG-A2DD2BBA.jpg,outputs/forensic_clips/event_EVT-SIG-A2DD2BBA.avi
EVT-SIG-3D4DAD94,1.mp4,INT-0001,FUSED-INT-0001,SIG-3D4DAD94,44,44,0.033,-1,-1,Camera 1,No Match,0.0,0.0,StandardMotorcycleSnatch,,,outputs\forensic_thumbnails/thumb_EVT-SIG-3D4DAD94.jpg,outputs/forensic_clips/event_EVT-SIG-3D4DAD94.avi
EVT-SIG-F5E27C0D,1.mp4,INT-0001,FUSED-INT-0001,SIG-F5E27C0D,44,44,0.033,-1,-1,Camera 1,No Match,0.0,0.0,StandardMotorcycleSnatch,,,outputs\forensic_thumbnails/thumb_EVT-SIG-F5E27C0D.jpg,outputs/forensic_clips/event_EVT-SIG-F5E27C0D.avi
EVT-SIG-0665ADDF,1.mp4,INT-0001,FUSED-INT-0001,SIG-0665ADDF,44,44,0.033,-1,-1,Camera 1,No Match,0.0,0.0,StandardMotorcycleSnatch,,,outputs\forensic_thumbnails/thumb_EVT-SIG-0665ADDF.jpg,outputs/forensic_clips/event_EVT-SIG-0665ADDF.avi
EVT-SIG-4EC171EB,1.mp4,INT-0001,FUSED-INT-0001,SIG-4EC171EB,44,44,0.033,-1,-1,Camera 1,No Match,0.0,0.0,StandardMotorcycleSnatch,,,outputs\forensic_thumbnails/thumb_EVT-SIG-4EC171EB.jpg,outputs/forensic_clips/event_EVT-SIG-4EC171EB.avi
EVT-SIG-68B2DB6E,1.mp4,INT-0001,FUSED-INT-0001,SIG-68B2DB6E,44,44,0.033,-1,-1,Camera 1,No Match,0.0,0.0,StandardMotorcycleSnatch,,,outputs\forensic_thumbnails/thumb_EVT-SIG-68B2DB6E.jpg,outputs/forensic_clips/event_EVT-SIG-68B2DB6E.avi
EVT-SIG-0D975937,1.mp4,INT-0001,FUSED-INT-0001,SIG-0D975937,44,44,0.033,-1,-1,Camera 1,No Match,0.0,0.0,StandardMotorcycleSnatch,,,outputs\forensic_thumbnails/thumb_EVT-SIG-0D975937.jpg,outputs/forensic_clips/event_EVT-SIG-0D975937.avi
EVT-SIG-2B963BEA,1.mp4,INT-0001,FUSED-INT-0001,SIG-2B963BEA,44,44,0.033,-1,-1,Camera 1,No Match,0.0,0.0,StandardMotorcycleSnatch,,,outputs\forensic_thumbnails/thumb_EVT-SIG-2B963BEA.jpg,outputs/forensic_clips/event_EVT-SIG-2B963BEA.avi
EVT-SIG-2ADD39E1,1.mp4,INT-0001,FUSED-INT-0001,SIG-2ADD39E1,44,44,0.033,-1,-1,Camera 1,No Match,0.0,0.0,StandardMotorcycleSnatch,,,outputs\forensic_thumbnails/thumb_EVT-SIG-2ADD39E1.jpg,outputs/forensic_clips/event_EVT-SIG-2ADD39E1.avi
EVT-SIG-C5002257,1.mp4,INT-0001,FUSED-INT-0001,SIG-C5002257,44,44,0.033,-1,-1,Camera 1,No Match,0.0,0.0,StandardMotorcycleSnatch,,,outputs\forensic_thumbnails/thumb_EVT-SIG-C5002257.jpg,outputs/forensic_clips/event_EVT-SIG-C5002257.avi
EVT-SIG-75AB7EEB,1.mp4,INT-0001,FUSED-INT-0001,SIG-75AB7EEB,44,44,0.033,-1,-1,Camera 1,No Match,0.1,0.056,StandardMotorcycleSnatch,,,outputs\forensic_thumbnails/thumb_EVT-SIG-75AB7EEB.jpg,outputs/forensic_clips/event_EVT-SIG-75AB7EEB.avi
EVT-SIG-999B5CA1,1.mp4,INT-0001,FUSED-INT-0001,SIG-999B5CA1,44,44,0.033,-1,-1,Camera 1,No Match,0.1,0.056,StandardMotorcycleSnatch,,,outputs\forensic_thumbnails/thumb_EVT-SIG-999B5CA1.jpg,outputs/forensic_clips/event_EVT-SIG-999B5CA1.avi
EVT-SIG-B6CB88B8,1.mp4,INT-0001,FUSED-INT-0001,SIG-B6CB88B8,44,44,0.033,-1,-1,Camera 1,No Match,0.0,0.0,StandardMotorcycleSnatch,,,outputs\forensic_thumbnails/thumb_EVT-SIG-B6CB88B8.jpg,outputs/forensic_clips/event_EVT-SIG-B6CB88B8.avi
EVT-SIG-9AB11ACB,1.mp4,INT-0001,FUSED-INT-0001,SIG-9AB11ACB,44,44,0.033,-1,-1,Camera 1,No Match,0.0,0.0,StandardMotorcycleSnatch,,,outputs\forensic_thumbnails/thumb_EVT-SIG-9AB11ACB.jpg,outputs/forensic_clips/event_EVT-SIG-9AB11ACB.avi
EVT-SIG-3421970A,1.mp4,INT-0001,FUSED-INT-0001,SIG-3421970A,44,44,0.033,-1,-1,Camera 1,No Match,0.0,0.0,StandardMotorcycleSnatch,,,outputs\forensic_thumbnails/thumb_EVT-SIG-3421970A.jpg,outputs/forensic_clips/event_EVT-SIG-3421970A.avi
EVT-SIG-CFB8F50F,1.mp4,INT-0001,FUSED-INT-0001,SIG-CFB8F50F,44,44,0.033,-1,-1,Camera 1,No Match,0.0,0.0,StandardMotorcycleSnatch,,,outputs\forensic_thumbnails/thumb_EVT-SIG-CFB8F50F.jpg,outputs/forensic_clips/event_EVT-SIG-CFB8F50F.avi
EVT-SIG-7C629597,1.mp4,INT-0001,FUSED-INT-0001,SIG-7C629597,44,44,0.033,-1,-1,Camera 1,No Match,0.0,0.0,StandardMotorcycleSnatch,,,outputs\forensic_thumbnails/thumb_EVT-SIG-7C629597.jpg,outputs/forensic_clips/event_EVT-SIG-7C629597.avi
EVT-SIG-E970F8D5,1.mp4,INT-0001,FUSED-INT-0001,SIG-E970F8D5,44,44,0.033,-1,-1,Camera 1,No Match,0.0,0.0,StandardMotorcycleSnatch,,,outputs\forensic_thumbnails/thumb_EVT-SIG-E970F8D5.jpg,outputs/forensic_clips/event_EVT-SIG-E970F8D5.avi
EVT-SIG-B364776B,1.mp4,INT-0001,FUSED-INT-0001,SIG-B364776B,44,44,0.033,-1,-1,Camera 1,No Match,0.0,0.0,StandardMotorcycleSnatch,,,outputs\forensic_thumbnails/thumb_EVT-SIG-B364776B.jpg,outputs/forensic_clips/event_EVT-SIG-B364776B.avi
EVT-SIG-D431E350,1.mp4,INT-0001,FUSED-INT-0001,SIG-D431E350,44,44,0.033,-1,-1,Camera 1,No Match,0.0,0.0,StandardMotorcycleSnatch,,,outputs\forensic_thumbnails/thumb_EVT-SIG-D431E350.jpg,outputs/forensic_clips/event_EVT-SIG-D431E350.avi
EVT-SIG-6EA9C75C,1.mp4,INT-0001,FUSED-INT-0001,SIG-6EA9C75C,44,44,0.033,-1,-1,Camera 1,No Match,0.0,0.0,StandardMotorcycleSnatch,,,outputs\forensic_thumbnails/thumb_EVT-SIG-6EA9C75C.jpg,outputs/forensic_clips/event_EVT-SIG-6EA9C75C.avi
EVT-SIG-5B399B67,1.mp4,INT-0001,FUSED-INT-0001,SIG-5B399B67,44,44,0.033,-1,-1,Camera 1,No Match,0.0,0.0,StandardMotorcycleSnatch,,,outputs\forensic_thumbnails/thumb_EVT-SIG-5B399B67.jpg,outputs/forensic_clips/event_EVT-SIG-5B399B67.avi
EVT-SIG-1B4E1D16,1.mp4,INT-0001,FUSED-INT-0001,SIG-1B4E1D16,44,44,0.033,-1,-1,Camera 1,No Match,0.0,0.0,StandardMotorcycleSnatch,,,outputs\forensic_thumbnails/thumb_EVT-SIG-1B4E1D16.jpg,outputs/forensic_clips/event_EVT-SIG-1B4E1D16.avi
EVT-SIG-90166C11,1.mp4,INT-0001,FUSED-INT-0001,SIG-90166C11,44,44,0.033,-1,-1,Camera 1,No Match,0.0,0.0,StandardMotorcycleSnatch,,,outputs\forensic_thumbnails/thumb_EVT-SIG-90166C11.jpg,outputs/forensic_clips/event_EVT-SIG-90166C11.avi
EVT-SIG-CFEEEB94,1.mp4,INT-0001,FUSED-INT-0001,SIG-CFEEEB94,44,44,0.033,-1,-1,Camera 1,No Match,0.0,0.0,StandardMotorcycleSnatch,,,outputs\forensic_thumbnails/thumb_EVT-SIG-CFEEEB94.jpg,outputs/forensic_clips/event_EVT-SIG-CFEEEB94.avi
EVT-SIG-5B28BBEA,1.mp4,INT-0001,FUSED-INT-0001,SIG-5B28BBEA,44,44,0.033,-1,-1,Camera 1,No Match,0.1,0.056,StandardMotorcycleSnatch,,,outputs\forensic_thumbnails/thumb_EVT-SIG-5B28BBEA.jpg,outputs/forensic_clips/event_EVT-SIG-5B28BBEA.avi
EVT-SIG-77795E11,1.mp4,INT-0001,FUSED-INT-0001,SIG-77795E11,44,44,0.033,-1,-1,Camera 1,No Match,0.1,0.056,StandardMotorcycleSnatch,,,outputs\forensic_thumbnails/thumb_EVT-SIG-77795E11.jpg,outputs/forensic_clips/event_EVT-SIG-77795E11.avi
EVT-SIG-B40847AF,1.mp4,INT-0001,FUSED-INT-0001,SIG-B40847AF,44,44,0.033,-1,-1,Camera 1,No Match,0.0,0.0,StandardMotorcycleSnatch,,,outputs\forensic_thumbnails/thumb_EVT-SIG-B40847AF.jpg,outputs/forensic_clips/event_EVT-SIG-B40847AF.avi
EVT-SIG-D3AE4288,1.mp4,INT-0001,FUSED-INT-0001,SIG-D3AE4288,44,44,0.033,-1,-1,Camera 1,No Match,0.0,0.0,StandardMotorcycleSnatch,,,outputs\forensic_thumbnails/thumb_EVT-SIG-D3AE4288.jpg,outputs/forensic_clips/event_EVT-SIG-D3AE4288.avi
EVT-SIG-330DA207,1.mp4,INT-0001,FUSED-INT-0001,SIG-330DA207,44,44,0.033,-1,-1,Camera 1,No Match,0.0,0.0,StandardMotorcycleSnatch,,,outputs\forensic_thumbnails/thumb_EVT-SIG-330DA207.jpg,outputs/forensic_clips/event_EVT-SIG-330DA207.avi
EVT-SIG-635A927E,1.mp4,INT-0001,FUSED-INT-0001,SIG-635A927E,44,44,0.033,-1,-1,Camera 1,No Match,0.0,0.0,StandardMotorcycleSnatch,,,outputs\forensic_thumbnails/thumb_EVT-SIG-635A927E.jpg,outputs/forensic_clips/event_EVT-SIG-635A927E.avi
EVT-SIG-2DED2AF4,1.mp4,INT-0001,FUSED-INT-0001,SIG-2DED2AF4,44,44,0.033,-1,-1,Camera 1,No Match,0.0,0.0,StandardMotorcycleSnatch,,,outputs\forensic_thumbnails/thumb_EVT-SIG-2DED2AF4.jpg,outputs/forensic_clips/event_EVT-SIG-2DED2AF4.avi
EVT-SIG-C48E937D,1.mp4,INT-0001,FUSED-INT-0001,SIG-C48E937D,44,44,0.033,-1,-1,Camera 1,No Match,0.0,0.0,StandardMotorcycleSnatch,,,outputs\forensic_thumbnails/thumb_EVT-SIG-C48E937D.jpg,outputs/forensic_clips/event_EVT-SIG-C48E937D.avi
EVT-SIG-255954B4,1.mp4,INT-0001,FUSED-INT-0001,SIG-255954B4,44,44,0.033,-1,-1,Camera 1,No Match,0.0,0.0,StandardMotorcycleSnatch,,,outputs\forensic_thumbnails/thumb_EVT-SIG-255954B4.jpg,outputs/forensic_clips/event_EVT-SIG-255954B4.avi
EVT-SIG-5220B9B4,1.mp4,INT-0001,FUSED-INT-0001,SIG-5220B9B4,44,44,0.033,-1,-1,Camera 1,No Match,0.0,0.0,StandardMotorcycleSnatch,,,outputs\forensic_thumbnails/thumb_EVT-SIG-5220B9B4.jpg,outputs/forensic_clips/event_EVT-SIG-5220B9B4.avi
EVT-SIG-EC57A124,1.mp4,INT-0001,FUSED-INT-0001,SIG-EC57A124,44,44,0.033,-1,-1,Camera 1,No Match,0.0,0.0,StandardMotorcycleSnatch,,,outputs\forensic_thumbnails/thumb_EVT-SIG-EC57A124.jpg,outputs/forensic_clips/event_EVT-SIG-EC57A124.avi
EVT-SIG-3A8A5EA5,1.mp4,INT-0001,FUSED-INT-0001,SIG-3A8A5EA5,44,44,0.033,-1,-1,Camera 1,No Match,0.0,0.0,StandardMotorcycleSnatch,,,outputs\forensic_thumbnails/thumb_EVT-SIG-3A8A5EA5.jpg,outputs/forensic_clips/event_EVT-SIG-3A8A5EA5.avi
EVT-SIG-DF032B04,1.mp4,INT-0001,FUSED-INT-0001,SIG-DF032B04,44,44,0.033,-1,-1,Camera 1,No Match,0.0,0.0,StandardMotorcycleSnatch,,,outputs\forensic_thumbnails/thumb_EVT-SIG-DF032B04.jpg,outputs/forensic_clips/event_EVT-SIG-DF032B04.avi
EVT-SIG-1F778774,1.mp4,INT-0001,FUSED-INT-0001,SIG-1F778774,44,44,0.033,-1,-1,Camera 1,No Match,0.0,0.0,StandardMotorcycleSnatch,,,outputs\forensic_thumbnails/thumb_EVT-SIG-1F778774.jpg,outputs/forensic_clips/event_EVT-SIG-1F778774.avi
EVT-SIG-4EF4ABAB,1.mp4,INT-0001,FUSED-INT-0001,SIG-4EF4ABAB,44,44,0.033,-1,-1,Camera 1,No Match,0.0,0.0,StandardMotorcycleSnatch,,,outputs\forensic_thumbnails/thumb_EVT-SIG-4EF4ABAB.jpg,outputs/forensic_clips/event_EVT-SIG-4EF4ABAB.avi
EVT-SIG-71B4DA12,1.mp4,INT-0001,FUSED-INT-0001,SIG-71B4DA12,44,44,0.033,-1,-1,Camera 1,No Match,0.0,0.0,StandardMotorcycleSnatch,,,outputs\forensic_thumbnails/thumb_EVT-SIG-71B4DA12.jpg,outputs/forensic_clips/event_EVT-SIG-71B4DA12.avi
EVT-SIG-453AD260,1.mp4,INT-0001,FUSED-INT-0001,SIG-453AD260,44,44,0.033,-1,-1,Camera 1,No Match,0.0,0.0,StandardMotorcycleSnatch,,,outputs\forensic_thumbnails/thumb_EVT-SIG-453AD260.jpg,outputs/forensic_clips/event_EVT-SIG-453AD260.avi
EVT-SIG-425B9DC7,1.mp4,INT-0001,FUSED-INT-0001,SIG-425B9DC7,44,44,0.033,-1,-1,Camera 1,No Match,0.0,0.0,StandardMotorcycleSnatch,,,outputs\forensic_thumbnails/thumb_EVT-SIG-425B9DC7.jpg,outputs/forensic_clips/event_EVT-SIG-425B9DC7.avi
EVT-SIG-05D715A9,1.mp4,INT-0001,FUSED-INT-0001,SIG-05D715A9,44,44,0.033,-1,-1,Camera 1,No Match,0.0,0.0,StandardMotorcycleSnatch,,,outputs\forensic_thumbnails/thumb_EVT-SIG-05D715A9.jpg,outputs/forensic_clips/event_EVT-SIG-05D715A9.avi
EVT-SIG-1EFD97F0,1.mp4,INT-0001,FUSED-INT-0001,SIG-1EFD97F0,44,44,0.033,-1,-1,Camera 1,No Match,0.0,0.0,StandardMotorcycleSnatch,,,outputs\forensic_thumbnails/thumb_EVT-SIG-1EFD97F0.jpg,outputs/forensic_clips/event_EVT-SIG-1EFD97F0.avi
EVT-SIG-11A3AAE2,1.mp4,INT-0001,FUSED-INT-0001,SIG-11A3AAE2,44,44,0.033,-1,-1,Camera 1,No Match,0.0,0.0,StandardMotorcycleSnatch,,,outputs\forensic_thumbnails/thumb_EVT-SIG-11A3AAE2.jpg,outputs/forensic_clips/event_EVT-SIG-11A3AAE2.avi
EVT-SIG-EB1A8074,1.mp4,INT-0001,FUSED-INT-0001,SIG-EB1A8074,44,44,0.033,-1,-1,Camera 1,No Match,0.0,0.0,StandardMotorcycleSnatch,,,outputs\forensic_thumbnails/thumb_EVT-SIG-EB1A8074.jpg,outputs/forensic_clips/event_EVT-SIG-EB1A8074.avi
EVT-SIG-B40A868F,1.mp4,INT-0001,FUSED-INT-0001,SIG-B40A868F,44,44,0.033,-1,-1,Camera 1,No Match,0.0,0.0,StandardMotorcycleSnatch,,,outputs\forensic_thumbnails/thumb_EVT-SIG-B40A868F.jpg,outputs/forensic_clips/event_EVT-SIG-B40A868F.avi
EVT-SIG-76F10FA6,1.mp4,INT-0001,FUSED-INT-0001,SIG-76F10FA6,44,44,0.033,-1,-1,Camera 1,No Match,0.0,0.0,StandardMotorcycleSnatch,,,outputs\forensic_thumbnails/thumb_EVT-SIG-76F10FA6.jpg,outputs/forensic_clips/event_EVT-SIG-76F10FA6.avi
EVT-SIG-6DD1458F,1.mp4,INT-0001,FUSED-INT-0001,SIG-6DD1458F,44,44,0.033,-1,-1,Camera 1,No Match,0.0,0.0,StandardMotorcycleSnatch,,,outputs\forensic_thumbnails/thumb_EVT-SIG-6DD1458F.jpg,outputs/forensic_clips/event_EVT-SIG-6DD1458F.avi
EVT-SIG-28F89EEC,1.mp4,INT-0001,FUSED-INT-0001,SIG-28F89EEC,44,44,0.033,-1,-1,Camera 1,No Match,0.0,0.0,StandardMotorcycleSnatch,,,outputs\forensic_thumbnails/thumb_EVT-SIG-28F89EEC.jpg,outputs/forensic_clips/event_EVT-SIG-28F89EEC.avi
EVT-SIG-B8F0B571,1.mp4,INT-0001,FUSED-INT-0001,SIG-B8F0B571,44,44,0.033,-1,-1,Camera 1,No Match,0.0,0.0,StandardMotorcycleSnatch,,,outputs\forensic_thumbnails/thumb_EVT-SIG-B8F0B571.jpg,outputs/forensic_clips/event_EVT-SIG-B8F0B571.avi
EVT-SIG-2919A2B3,1.mp4,INT-0001,FUSED-INT-0001,SIG-2919A2B3,44,44,0.033,-1,-1,Camera 1,No Match,0.0,0.0,StandardMotorcycleSnatch,,,outputs\forensic_thumbnails/thumb_EVT-SIG-2919A2B3.jpg,outputs/forensic_clips/event_EVT-SIG-2919A2B3.avi
EVT-SIG-896B857A,1.mp4,INT-0001,FUSED-INT-0001,SIG-896B857A,44,44,0.033,-1,-1,Camera 1,No Match,0.0,0.0,StandardMotorcycleSnatch,,,outputs\forensic_thumbnails/thumb_EVT-SIG-896B857A.jpg,outputs/forensic_clips/event_EVT-SIG-896B857A.avi
EVT-SIG-8AE4DDDF,1.mp4,INT-0001,FUSED-INT-0001,SIG-8AE4DDDF,44,44,0.033,-1,-1,Camera 1,No Match,0.0,0.0,StandardMotorcycleSnatch,,,outputs\forensic_thumbnails/thumb_EVT-SIG-8AE4DDDF.jpg,outputs/forensic_clips/event_EVT-SIG-8AE4DDDF.avi
EVT-SIG-F82B7BCA,1.mp4,INT-0001,FUSED-INT-0001,SIG-F82B7BCA,44,44,0.033,-1,-1,Camera 1,No Match,0.0,0.0,StandardMotorcycleSnatch,,,outputs\forensic_thumbnails/thumb_EVT-SIG-F82B7BCA.jpg,outputs/forensic_clips/event_EVT-SIG-F82B7BCA.avi
EVT-SIG-16C6F7E7,1.mp4,INT-0001,FUSED-INT-0001,SIG-16C6F7E7,44,44,0.033,-1,-1,Camera 1,No Match,0.0,0.0,StandardMotorcycleSnatch,,,outputs\forensic_thumbnails/thumb_EVT-SIG-16C6F7E7.jpg,outputs/forensic_clips/event_EVT-SIG-16C6F7E7.avi
EVT-SIG-89A2A84E,1.mp4,INT-0001,FUSED-INT-0001,SIG-89A2A84E,44,44,0.033,-1,-1,Camera 1,No Match,0.0,0.0,StandardMotorcycleSnatch,,,outputs\forensic_thumbnails/thumb_EVT-SIG-89A2A84E.jpg,outputs/forensic_clips/event_EVT-SIG-89A2A84E.avi
EVT-SIG-D258E89A,1.mp4,INT-0001,FUSED-INT-0001,SIG-D258E89A,44,44,0.033,-1,-1,Camera 1,No Match,0.0,0.0,StandardMotorcycleSnatch,,,outputs\forensic_thumbnails/thumb_EVT-SIG-D258E89A.jpg,outputs/forensic_clips/event_EVT-SIG-D258E89A.avi
EVT-SIG-54BACDF2,1.mp4,INT-0001,FUSED-INT-0001,SIG-54BACDF2,44,44,0.033,-1,-1,Camera 1,No Match,0.0,0.0,StandardMotorcycleSnatch,,,outputs\forensic_thumbnails/thumb_EVT-SIG-54BACDF2.jpg,outputs/forensic_clips/event_EVT-SIG-54BACDF2.avi
EVT-SIG-ED427DFB,1.mp4,INT-0001,FUSED-INT-0001,SIG-ED427DFB,44,44,0.033,-1,-1,Camera 1,No Match,0.0,0.0,StandardMotorcycleSnatch,,,outputs\forensic_thumbnails/thumb_EVT-SIG-ED427DFB.jpg,outputs/forensic_clips/event_EVT-SIG-ED427DFB.avi
EVT-SIG-2E0FBBBB,1.mp4,INT-0001,FUSED-INT-0001,SIG-2E0FBBBB,44,44,0.033,-1,-1,Camera 1,No Match,0.0,0.0,StandardMotorcycleSnatch,,,outputs\forensic_thumbnails/thumb_EVT-SIG-2E0FBBBB.jpg,outputs/forensic_clips/event_EVT-SIG-2E0FBBBB.avi
EVT-SIG-516655E1,1.mp4,INT-0001,FUSED-INT-0001,SIG-516655E1,44,44,0.033,-1,-1,Camera 1,No Match,0.0,0.0,StandardMotorcycleSnatch,,,outputs\forensic_thumbnails/thumb_EVT-SIG-516655E1.jpg,outputs/forensic_clips/event_EVT-SIG-516655E1.avi
EVT-SIG-17783F56,1.mp4,INT-0001,FUSED-INT-0001,SIG-17783F56,44,44,0.033,-1,-1,Camera 1,No Match,0.0,0.0,StandardMotorcycleSnatch,,,outputs\forensic_thumbnails/thumb_EVT-SIG-17783F56.jpg,outputs/forensic_clips/event_EVT-SIG-17783F56.avi
EVT-SIG-C1A1C095,1.mp4,INT-0001,FUSED-INT-0001,SIG-C1A1C095,44,44,0.033,-1,-1,Camera 1,No Match,0.0,0.0,StandardMotorcycleSnatch,,,outputs\forensic_thumbnails/thumb_EVT-SIG-C1A1C095.jpg,outputs/forensic_clips/event_EVT-SIG-C1A1C095.avi
EVT-SIG-88F240C1,1.mp4,INT-0001,FUSED-INT-0001,SIG-88F240C1,44,44,0.033,-1,-1,Camera 1,No Match,0.0,0.0,StandardMotorcycleSnatch,,,outputs\forensic_thumbnails/thumb_EVT-SIG-88F240C1.jpg,outputs/forensic_clips/event_EVT-SIG-88F240C1.avi
EVT-SIG-555AD4C6,1.mp4,INT-0001,FUSED-INT-0001,SIG-555AD4C6,44,44,0.033,-1,-1,Camera 1,No Match,0.0,0.0,StandardMotorcycleSnatch,,,outputs\forensic_thumbnails/thumb_EVT-SIG-555AD4C6.jpg,outputs/forensic_clips/event_EVT-SIG-555AD4C6.avi
EVT-SIG-290E36FA,1.mp4,INT-0001,FUSED-INT-0001,SIG-290E36FA,44,44,0.033,-1,-1,Camera 1,No Match,0.0,0.0,StandardMotorcycleSnatch,,,outputs\forensic_thumbnails/thumb_EVT-SIG-290E36FA.jpg,outputs/forensic_clips/event_EVT-SIG-290E36FA.avi
EVT-SIG-B4FE75C3,1.mp4,INT-0001,FUSED-INT-0001,SIG-B4FE75C3,44,44,0.033,-1,-1,Camera 1,No Match,0.0,0.0,StandardMotorcycleSnatch,,,outputs\forensic_thumbnails/thumb_EVT-SIG-B4FE75C3.jpg,outputs/forensic_clips/event_EVT-SIG-B4FE75C3.avi
EVT-SIG-4DBA0669,1.mp4,INT-0001,FUSED-INT-0001,SIG-4DBA0669,44,44,0.033,-1,-1,Camera 1,No Match,0.0,0.0,StandardMotorcycleSnatch,,,outputs\forensic_thumbnails/thumb_EVT-SIG-4DBA0669.jpg,outputs/forensic_clips/event_EVT-SIG-4DBA0669.avi
EVT-SIG-A0D49B44,1.mp4,INT-0001,FUSED-INT-0001,SIG-A0D49B44,44,44,0.033,-1,-1,Camera 1,No Match,0.0,0.0,StandardMotorcycleSnatch,,,outputs\forensic_thumbnails/thumb_EVT-SIG-A0D49B44.jpg,outputs/forensic_clips/event_EVT-SIG-A0D49B44.avi
EVT-SIG-073FAF0B,1.mp4,INT-0001,FUSED-INT-0001,SIG-073FAF0B,44,44,0.033,-1,-1,Camera 1,No Match,0.0,0.0,StandardMotorcycleSnatch,,,outputs\forensic_thumbnails/thumb_EVT-SIG-073FAF0B.jpg,outputs/forensic_clips/event_EVT-SIG-073FAF0B.avi
EVT-SIG-A4C028C0,1.mp4,INT-0001,FUSED-INT-0001,SIG-A4C028C0,44,44,0.033,-1,-1,Camera 1,No Match,0.0,0.0,StandardMotorcycleSnatch,,,outputs\forensic_thumbnails/thumb_EVT-SIG-A4C028C0.jpg,outputs/forensic_clips/event_EVT-SIG-A4C028C0.avi
EVT-SIG-0F03BFBA,1.mp4,INT-0001,FUSED-INT-0001,SIG-0F03BFBA,44,44,0.033,-1,-1,Camera 1,No Match,0.0,0.0,StandardMotorcycleSnatch,,,outputs\forensic_thumbnails/thumb_EVT-SIG-0F03BFBA.jpg,outputs/forensic_clips/event_EVT-SIG-0F03BFBA.avi
EVT-SIG-D9DEA669,1.mp4,INT-0001,FUSED-INT-0001,SIG-D9DEA669,44,44,0.033,-1,-1,Camera 1,No Match,0.0,0.0,StandardMotorcycleSnatch,,,outputs\forensic_thumbnails/thumb_EVT-SIG-D9DEA669.jpg,outputs/forensic_clips/event_EVT-SIG-D9DEA669.avi
EVT-SIG-6334BB39,1.mp4,INT-0001,FUSED-INT-0001,SIG-6334BB39,44,44,0.033,-1,-1,Camera 1,No Match,0.0,0.0,StandardMotorcycleSnatch,,,outputs\forensic_thumbnails/thumb_EVT-SIG-6334BB39.jpg,outputs/forensic_clips/event_EVT-SIG-6334BB39.avi
EVT-SIG-CF73A7BF,1.mp4,INT-0001,FUSED-INT-0001,SIG-CF73A7BF,44,44,0.033,-1,-1,Camera 1,No Match,0.0,0.0,StandardMotorcycleSnatch,,,outputs\forensic_thumbnails/thumb_EVT-SIG-CF73A7BF.jpg,outputs/forensic_clips/event_EVT-SIG-CF73A7BF.avi
EVT-SIG-5EC3B3D0,1.mp4,INT-0001,FUSED-INT-0001,SIG-5EC3B3D0,44,44,0.033,-1,-1,Camera 1,No Match,0.0,0.0,StandardMotorcycleSnatch,,,outputs\forensic_thumbnails/thumb_EVT-SIG-5EC3B3D0.jpg,outputs/forensic_clips/event_EVT-SIG-5EC3B3D0.avi
EVT-SIG-EA082C2F,1.mp4,INT-0001,FUSED-INT-0001,SIG-EA082C2F,44,44,0.033,-1,-1,Camera 1,No Match,0.0,0.0,StandardMotorcycleSnatch,,,outputs\forensic_thumbnails/thumb_EVT-SIG-EA082C2F.jpg,outputs/forensic_clips/event_EVT-SIG-EA082C2F.avi
EVT-SIG-18A52AEF,1.mp4,INT-0001,FUSED-INT-0001,SIG-18A52AEF,44,44,0.033,-1,-1,Camera 1,No Match,0.0,0.0,StandardMotorcycleSnatch,,,outputs\forensic_thumbnails/thumb_EVT-SIG-18A52AEF.jpg,outputs/forensic_clips/event_EVT-SIG-18A52AEF.avi
EVT-SIG-138564FC,1.mp4,INT-0001,FUSED-INT-0001,SIG-138564FC,44,44,0.033,-1,-1,Camera 1,No Match,0.0,0.0,StandardMotorcycleSnatch,,,outputs\forensic_thumbnails/thumb_EVT-SIG-138564FC.jpg,outputs/forensic_clips/event_EVT-SIG-138564FC.avi
EVT-SIG-6C59D431,1.mp4,INT-0001,FUSED-INT-0001,SIG-6C59D431,44,44,0.033,-1,-1,Camera 1,No Match,0.0,0.0,StandardMotorcycleSnatch,,,outputs\forensic_thumbnails/thumb_EVT-SIG-6C59D431.jpg,outputs/forensic_clips/event_EVT-SIG-6C59D431.avi
EVT-SIG-19237D8A,1.mp4,INT-0001,FUSED-INT-0001,SIG-19237D8A,44,44,0.033,-1,-1,Camera 1,No Match,0.0,0.0,StandardMotorcycleSnatch,,,outputs\forensic_thumbnails/thumb_EVT-SIG-19237D8A.jpg,outputs/forensic_clips/event_EVT-SIG-19237D8A.avi
EVT-SIG-2E7A743C,1.mp4,INT-0001,FUSED-INT-0001,SIG-2E7A743C,44,44,0.033,-1,-1,Camera 1,No Match,0.0,0.0,StandardMotorcycleSnatch,,,outputs\forensic_thumbnails/thumb_EVT-SIG-2E7A743C.jpg,outputs/forensic_clips/event_EVT-SIG-2E7A743C.avi
EVT-SIG-F67ABBD5,1.mp4,INT-0001,FUSED-INT-0001,SIG-F67ABBD5,44,44,0.033,-1,-1,Camera 1,No Match,0.0,0.0,StandardMotorcycleSnatch,,,outputs\forensic_thumbnails/thumb_EVT-SIG-F67ABBD5.jpg,outputs/forensic_clips/event_EVT-SIG-F67ABBD5.avi
EVT-SIG-ED9407FF,1.mp4,INT-0001,FUSED-INT-0001,SIG-ED9407FF,44,44,0.033,-1,-1,Camera 1,No Match,0.0,0.0,StandardMotorcycleSnatch,,,outputs\forensic_thumbnails/thumb_EVT-SIG-ED9407FF.jpg,outputs/forensic_clips/event_EVT-SIG-ED9407FF.avi
EVT-SIG-0C5209C4,1.mp4,INT-0001,FUSED-INT-0001,SIG-0C5209C4,44,44,0.033,-1,-1,Camera 1,No Match,0.0,0.0,StandardMotorcycleSnatch,,,outputs\forensic_thumbnails/thumb_EVT-SIG-0C5209C4.jpg,outputs/forensic_clips/event_EVT-SIG-0C5209C4.avi
EVT-SIG-91B57D0C,1.mp4,INT-0001,FUSED-INT-0001,SIG-91B57D0C,44,44,0.033,-1,-1,Camera 1,No Match,0.0,0.0,StandardMotorcycleSnatch,,,outputs\forensic_thumbnails/thumb_EVT-SIG-91B57D0C.jpg,outputs/forensic_clips/event_EVT-SIG-91B57D0C.avi
EVT-SIG-C7C24799,1.mp4,INT-0001,FUSED-INT-0001,SIG-C7C24799,44,44,0.033,-1,-1,Camera 1,No Match,0.0,0.0,StandardMotorcycleSnatch,,,outputs\forensic_thumbnails/thumb_EVT-SIG-C7C24799.jpg,outputs/forensic_clips/event_EVT-SIG-C7C24799.avi
EVT-SIG-D9A637D5,1.mp4,INT-0001,FUSED-INT-0001,SIG-D9A637D5,44,44,0.033,-1,-1,Camera 1,No Match,0.0,0.0,StandardMotorcycleSnatch,,,outputs\forensic_thumbnails/thumb_EVT-SIG-D9A637D5.jpg,outputs/forensic_clips/event_EVT-SIG-D9A637D5.avi
EVT-SIG-D6B3E0AE,1.mp4,INT-0001,FUSED-INT-0001,SIG-D6B3E0AE,44,44,0.033,-1,-1,Camera 1,No Match,0.0,0.0,StandardMotorcycleSnatch,,,outputs\forensic_thumbnails/thumb_EVT-SIG-D6B3E0AE.jpg,outputs/forensic_clips/event_EVT-SIG-D6B3E0AE.avi
EVT-SIG-1B591D62,1.mp4,INT-0001,FUSED-INT-0001,SIG-1B591D62,44,44,0.033,-1,-1,Camera 1,No Match,0.0,0.0,StandardMotorcycleSnatch,,,outputs\forensic_thumbnails/thumb_EVT-SIG-1B591D62.jpg,outputs/forensic_clips/event_EVT-SIG-1B591D62.avi
EVT-SIG-82399369,1.mp4,INT-0001,FUSED-INT-0001,SIG-82399369,44,44,0.033,-1,-1,Camera 1,No Match,0.0,0.0,StandardMotorcycleSnatch,,,outputs\forensic_thumbnails/thumb_EVT-SIG-82399369.jpg,outputs/forensic_clips/event_EVT-SIG-82399369.avi
EVT-SIG-CC35B3B6,1.mp4,INT-0001,FUSED-INT-0001,SIG-CC35B3B6,44,44,0.033,-1,-1,Camera 1,No Match,0.0,0.0,StandardMotorcycleSnatch,,,outputs\forensic_thumbnails/thumb_EVT-SIG-CC35B3B6.jpg,outputs/forensic_clips/event_EVT-SIG-CC35B3B6.avi
EVT-SIG-A388BA5B,1.mp4,INT-0001,FUSED-INT-0001,SIG-A388BA5B,44,44,0.033,-1,-1,Camera 1,No Match,0.0,0.0,StandardMotorcycleSnatch,,,outputs\forensic_thumbnails/thumb_EVT-SIG-A388BA5B.jpg,outputs/forensic_clips/event_EVT-SIG-A388BA5B.avi
EVT-SIG-E28A9BDD,1.mp4,INT-0001,FUSED-INT-0001,SIG-E28A9BDD,44,44,0.033,-1,-1,Camera 1,No Match,0.0,0.0,StandardMotorcycleSnatch,,,outputs\forensic_thumbnails/thumb_EVT-SIG-E28A9BDD.jpg,outputs/forensic_clips/event_EVT-SIG-E28A9BDD.avi
EVT-SIG-ECA76223,1.mp4,INT-0001,FUSED-INT-0001,SIG-ECA76223,44,44,0.033,-1,-1,Camera 1,No Match,0.0,0.0,StandardMotorcycleSnatch,,,outputs\forensic_thumbnails/thumb_EVT-SIG-ECA76223.jpg,outputs/forensic_clips/event_EVT-SIG-ECA76223.avi
EVT-SIG-FB385007,1.mp4,INT-0001,FUSED-INT-0001,SIG-FB385007,44,44,0.033,-1,-1,Camera 1,No Match,0.0,0.0,StandardMotorcycleSnatch,,,outputs\forensic_thumbnails/thumb_EVT-SIG-FB385007.jpg,outputs/forensic_clips/event_EVT-SIG-FB385007.avi
EVT-SIG-1DD03132,1.mp4,INT-0001,FUSED-INT-0001,SIG-1DD03132,44,44,0.033,-1,-1,Camera 1,No Match,0.0,0.0,StandardMotorcycleSnatch,,,outputs\forensic_thumbnails/thumb_EVT-SIG-1DD03132.jpg,outputs/forensic_clips/event_EVT-SIG-1DD03132.avi
EVT-SIG-01BD7A83,1.mp4,INT-0001,FUSED-INT-0001,SIG-01BD7A83,44,44,0.033,-1,-1,Camera 1,No Match,0.0,0.0,StandardMotorcycleSnatch,,,outputs\forensic_thumbnails/thumb_EVT-SIG-01BD7A83.jpg,outputs/forensic_clips/event_EVT-SIG-01BD7A83.avi
EVT-SIG-13204C72,1.mp4,INT-0001,FUSED-INT-0001,SIG-13204C72,44,44,0.033,-1,-1,Camera 1,No Match,0.0,0.0,StandardMotorcycleSnatch,,,outputs\forensic_thumbnails/thumb_EVT-SIG-13204C72.jpg,outputs/forensic_clips/event_EVT-SIG-13204C72.avi
EVT-SIG-8116535E,1.mp4,INT-0001,FUSED-INT-0001,SIG-8116535E,44,44,0.033,-1,-1,Camera 1,No Match,0.0,0.0,StandardMotorcycleSnatch,,,outputs\forensic_thumbnails/thumb_EVT-SIG-8116535E.jpg,outputs/forensic_clips/event_EVT-SIG-8116535E.avi
EVT-SIG-4DC59162,1.mp4,INT-0001,FUSED-INT-0001,SIG-4DC59162,44,44,0.033,-1,-1,Camera 1,No Match,0.0,0.0,StandardMotorcycleSnatch,,,outputs\forensic_thumbnails/thumb_EVT-SIG-4DC59162.jpg,outputs/forensic_clips/event_EVT-SIG-4DC59162.avi
EVT-SIG-CBADBA07,1.mp4,INT-0001,FUSED-INT-0001,SIG-CBADBA07,44,44,0.033,-1,-1,Camera 1,No Match,0.0,0.0,StandardMotorcycleSnatch,,,outputs\forensic_thumbnails/thumb_EVT-SIG-CBADBA07.jpg,outputs/forensic_clips/event_EVT-SIG-CBADBA07.avi
EVT-SIG-DB10024A,1.mp4,INT-0001,FUSED-INT-0001,SIG-DB10024A,44,44,0.033,-1,-1,Camera 1,No Match,0.0,0.0,StandardMotorcycleSnatch,,,outputs\forensic_thumbnails/thumb_EVT-SIG-DB10024A.jpg,outputs/forensic_clips/event_EVT-SIG-DB10024A.avi
EVT-SIG-34908853,1.mp4,INT-0001,FUSED-INT-0001,SIG-34908853,44,44,0.033,-1,-1,Camera 1,No Match,0.0,0.0,StandardMotorcycleSnatch,,,outputs\forensic_thumbnails/thumb_EVT-SIG-34908853.jpg,outputs/forensic_clips/event_EVT-SIG-34908853.avi
EVT-SIG-C92D185D,1.mp4,INT-0001,FUSED-INT-0001,SIG-C92D185D,44,44,0.033,-1,-1,Camera 1,No Match,0.0,0.0,StandardMotorcycleSnatch,,,outputs\forensic_thumbnails/thumb_EVT-SIG-C92D185D.jpg,outputs/forensic_clips/event_EVT-SIG-C92D185D.avi
EVT-SIG-0FF4A39E,1.mp4,INT-0001,FUSED-INT-0001,SIG-0FF4A39E,44,44,0.033,-1,-1,Camera 1,No Match,0.0,0.0,StandardMotorcycleSnatch,,,outputs\forensic_thumbnails/thumb_EVT-SIG-0FF4A39E.jpg,outputs/forensic_clips/event_EVT-SIG-0FF4A39E.avi
EVT-SIG-D6E232B8,1.mp4,INT-0001,FUSED-INT-0001,SIG-D6E232B8,44,44,0.033,-1,-1,Camera 1,No Match,0.0,0.0,StandardMotorcycleSnatch,,,outputs\forensic_thumbnails/thumb_EVT-SIG-D6E232B8.jpg,outputs/forensic_clips/event_EVT-SIG-D6E232B8.avi
EVT-SIG-A23713BC,1.mp4,INT-0001,FUSED-INT-0001,SIG-A23713BC,44,44,0.033,-1,-1,Camera 1,No Match,0.0,0.0,StandardMotorcycleSnatch,,,outputs\forensic_thumbnails/thumb_EVT-SIG-A23713BC.jpg,outputs/forensic_clips/event_EVT-SIG-A23713BC.avi
EVT-SIG-C57EAD01,1.mp4,INT-0001,FUSED-INT-0001,SIG-C57EAD01,44,44,0.033,-1,-1,Camera 1,No Match,0.0,0.0,StandardMotorcycleSnatch,,,outputs\forensic_thumbnails/thumb_EVT-SIG-C57EAD01.jpg,outputs/forensic_clips/event_EVT-SIG-C57EAD01.avi
EVT-SIG-55090E0B,1.mp4,INT-0001,FUSED-INT-0001,SIG-55090E0B,44,44,0.033,-1,-1,Camera 1,No Match,0.0,0.0,StandardMotorcycleSnatch,,,outputs\forensic_thumbnails/thumb_EVT-SIG-55090E0B.jpg,outputs/forensic_clips/event_EVT-SIG-55090E0B.avi
EVT-SIG-4B5571C2,1.mp4,INT-0001,FUSED-INT-0001,SIG-4B5571C2,44,44,0.033,-1,-1,Camera 1,No Match,0.0,0.0,StandardMotorcycleSnatch,,,outputs\forensic_thumbnails/thumb_EVT-SIG-4B5571C2.jpg,outputs/forensic_clips/event_EVT-SIG-4B5571C2.avi
EVT-SIG-74FEDAFD,1.mp4,INT-0001,FUSED-INT-0001,SIG-74FEDAFD,44,44,0.033,-1,-1,Camera 1,No Match,0.0,0.0,StandardMotorcycleSnatch,,,outputs\forensic_thumbnails/thumb_EVT-SIG-74FEDAFD.jpg,outputs/forensic_clips/event_EVT-SIG-74FEDAFD.avi
EVT-SIG-FCA57511,1.mp4,INT-0001,FUSED-INT-0001,SIG-FCA57511,44,44,0.033,-1,-1,Camera 1,No Match,0.0,0.0,StandardMotorcycleSnatch,,,outputs\forensic_thumbnails/thumb_EVT-SIG-FCA57511.jpg,outputs/forensic_clips/event_EVT-SIG-FCA57511.avi
EVT-SIG-EAF15A1C,1.mp4,INT-0001,FUSED-INT-0001,SIG-EAF15A1C,44,44,0.033,-1,-1,Camera 1,No Match,0.0,0.0,StandardMotorcycleSnatch,,,outputs\forensic_thumbnails/thumb_EVT-SIG-EAF15A1C.jpg,outputs/forensic_clips/event_EVT-SIG-EAF15A1C.avi
EVT-SIG-17C9223D,1.mp4,INT-0001,FUSED-INT-0001,SIG-17C9223D,44,44,0.033,-1,-1,Camera 1,No Match,0.0,0.0,StandardMotorcycleSnatch,,,outputs\forensic_thumbnails/thumb_EVT-SIG-17C9223D.jpg,outputs/forensic_clips/event_EVT-SIG-17C9223D.avi
EVT-SIG-C2F43C0E,1.mp4,INT-0001,FUSED-INT-0001,SIG-C2F43C0E,44,44,0.033,-1,-1,Camera 1,No Match,0.0,0.0,StandardMotorcycleSnatch,,,outputs\forensic_thumbnails/thumb_EVT-SIG-C2F43C0E.jpg,outputs/forensic_clips/event_EVT-SIG-C2F43C0E.avi
EVT-SIG-8AF8E9D4,1.mp4,INT-0001,FUSED-INT-0001,SIG-8AF8E9D4,44,44,0.033,-1,-1,Camera 1,No Match,0.0,0.0,StandardMotorcycleSnatch,,,outputs\forensic_thumbnails/thumb_EVT-SIG-8AF8E9D4.jpg,outputs/forensic_clips/event_EVT-SIG-8AF8E9D4.avi
EVT-SIG-A20917B8,1.mp4,INT-0001,FUSED-INT-0001,SIG-A20917B8,44,44,0.033,-1,-1,Camera 1,No Match,0.0,0.0,StandardMotorcycleSnatch,,,outputs\forensic_thumbnails/thumb_EVT-SIG-A20917B8.jpg,outputs/forensic_clips/event_EVT-SIG-A20917B8.avi
EVT-SIG-79484932,1.mp4,INT-0001,FUSED-INT-0001,SIG-79484932,44,44,0.033,-1,-1,Camera 1,No Match,0.0,0.0,StandardMotorcycleSnatch,,,outputs\forensic_thumbnails/thumb_EVT-SIG-79484932.jpg,outputs/forensic_clips/event_EVT-SIG-79484932.avi
EVT-SIG-0627219F,1.mp4,INT-0001,FUSED-INT-0001,SIG-0627219F,44,44,0.033,-1,-1,Camera 1,No Match,0.0,0.0,StandardMotorcycleSnatch,,,outputs\forensic_thumbnails/thumb_EVT-SIG-0627219F.jpg,outputs/forensic_clips/event_EVT-SIG-0627219F.avi
EVT-SIG-66B11A1E,1.mp4,INT-0001,FUSED-INT-0001,SIG-66B11A1E,44,44,0.033,-1,-1,Camera 1,No Match,0.0,0.0,StandardMotorcycleSnatch,,,outputs\forensic_thumbnails/thumb_EVT-SIG-66B11A1E.jpg,outputs/forensic_clips/event_EVT-SIG-66B11A1E.avi
EVT-SIG-5CEF31C1,1.mp4,INT-0001,FUSED-INT-0001,SIG-5CEF31C1,44,44,0.033,-1,-1,Camera 1,No Match,0.0,0.0,StandardMotorcycleSnatch,,,outputs\forensic_thumbnails/thumb_EVT-SIG-5CEF31C1.jpg,outputs/forensic_clips/event_EVT-SIG-5CEF31C1.avi
EVT-SIG-74DF4C93,1.mp4,INT-0001,FUSED-INT-0001,SIG-74DF4C93,44,44,0.033,-1,-1,Camera 1,No Match,0.0,0.0,StandardMotorcycleSnatch,,,outputs\forensic_thumbnails/thumb_EVT-SIG-74DF4C93.jpg,outputs/forensic_clips/event_EVT-SIG-74DF4C93.avi
EVT-SIG-74F1419E,1.mp4,INT-0001,FUSED-INT-0001,SIG-74F1419E,44,44,0.033,-1,-1,Camera 1,No Match,0.0,0.0,StandardMotorcycleSnatch,,,outputs\forensic_thumbnails/thumb_EVT-SIG-74F1419E.jpg,outputs/forensic_clips/event_EVT-SIG-74F1419E.avi
EVT-SIG-A370D764,1.mp4,INT-0001,FUSED-INT-0001,SIG-A370D764,44,44,0.033,-1,-1,Camera 1,No Match,0.0,0.0,StandardMotorcycleSnatch,,,outputs\forensic_thumbnails/thumb_EVT-SIG-A370D764.jpg,outputs/forensic_clips/event_EVT-SIG-A370D764.avi
EVT-SIG-B9CFB00F,1.mp4,INT-0001,FUSED-INT-0001,SIG-B9CFB00F,44,44,0.033,-1,-1,Camera 1,No Match,0.0,0.0,StandardMotorcycleSnatch,,,outputs\forensic_thumbnails/thumb_EVT-SIG-B9CFB00F.jpg,outputs/forensic_clips/event_EVT-SIG-B9CFB00F.avi
EVT-SIG-9A3F8AA2,1.mp4,INT-0001,FUSED-INT-0001,SIG-9A3F8AA2,44,44,0.033,-1,-1,Camera 1,No Match,0.0,0.0,StandardMotorcycleSnatch,,,outputs\forensic_thumbnails/thumb_EVT-SIG-9A3F8AA2.jpg,outputs/forensic_clips/event_EVT-SIG-9A3F8AA2.avi
EVT-SIG-6ECAA82C,1.mp4,INT-0001,FUSED-INT-0001,SIG-6ECAA82C,44,44,0.033,-1,-1,Camera 1,No Match,0.0,0.0,StandardMotorcycleSnatch,,,outputs\forensic_thumbnails/thumb_EVT-SIG-6ECAA82C.jpg,outputs/forensic_clips/event_EVT-SIG-6ECAA82C.avi
EVT-SIG-434F460C,1.mp4,INT-0001,FUSED-INT-0001,SIG-434F460C,44,44,0.033,-1,-1,Camera 1,No Match,0.0,0.0,StandardMotorcycleSnatch,,,outputs\forensic_thumbnails/thumb_EVT-SIG-434F460C.jpg,outputs/forensic_clips/event_EVT-SIG-434F460C.avi
EVT-SIG-46A1DF04,1.mp4,INT-0001,FUSED-INT-0001,SIG-46A1DF04,44,44,0.033,-1,-1,Camera 1,No Match,0.0,0.0,StandardMotorcycleSnatch,,,outputs\forensic_thumbnails/thumb_EVT-SIG-46A1DF04.jpg,outputs/forensic_clips/event_EVT-SIG-46A1DF04.avi
EVT-SIG-45F37306,1.mp4,INT-0001,FUSED-INT-0001,SIG-45F37306,44,44,0.033,-1,-1,Camera 1,No Match,0.0,0.0,StandardMotorcycleSnatch,,,outputs\forensic_thumbnails/thumb_EVT-SIG-45F37306.jpg,outputs/forensic_clips/event_EVT-SIG-45F37306.avi
EVT-SIG-6DBD6F3B,1.mp4,INT-0001,FUSED-INT-0001,SIG-6DBD6F3B,44,44,0.033,-1,-1,Camera 1,No Match,0.0,0.0,StandardMotorcycleSnatch,,,outputs\forensic_thumbnails/thumb_EVT-SIG-6DBD6F3B.jpg,outputs/forensic_clips/event_EVT-SIG-6DBD6F3B.avi
EVT-SIG-DA94A403,1.mp4,INT-0001,FUSED-INT-0001,SIG-DA94A403,44,44,0.033,-1,-1,Camera 1,No Match,0.0,0.0,StandardMotorcycleSnatch,,,outputs\forensic_thumbnails/thumb_EVT-SIG-DA94A403.jpg,outputs/forensic_clips/event_EVT-SIG-DA94A403.avi
EVT-SIG-5C571FF2,1.mp4,INT-0001,FUSED-INT-0001,SIG-5C571FF2,44,44,0.033,-1,-1,Camera 1,No Match,0.0,0.0,StandardMotorcycleSnatch,,,outputs\forensic_thumbnails/thumb_EVT-SIG-5C571FF2.jpg,outputs/forensic_clips/event_EVT-SIG-5C571FF2.avi
EVT-SIG-D9C73734,1.mp4,INT-0001,FUSED-INT-0001,SIG-D9C73734,44,44,0.033,-1,-1,Camera 1,No Match,0.0,0.0,StandardMotorcycleSnatch,,,outputs\forensic_thumbnails/thumb_EVT-SIG-D9C73734.jpg,outputs/forensic_clips/event_EVT-SIG-D9C73734.avi
EVT-SIG-4349D8E7,1.mp4,INT-0001,FUSED-INT-0001,SIG-4349D8E7,44,44,0.033,-1,-1,Camera 1,No Match,0.0,0.0,StandardMotorcycleSnatch,,,outputs\forensic_thumbnails/thumb_EVT-SIG-4349D8E7.jpg,outputs/forensic_clips/event_EVT-SIG-4349D8E7.avi
EVT-SIG-383DED3F,1.mp4,INT-0001,FUSED-INT-0001,SIG-383DED3F,44,44,0.033,-1,-1,Camera 1,No Match,0.0,0.0,StandardMotorcycleSnatch,,,outputs\forensic_thumbnails/thumb_EVT-SIG-383DED3F.jpg,outputs/forensic_clips/event_EVT-SIG-383DED3F.avi
EVT-SIG-E9407C2D,1.mp4,INT-0001,FUSED-INT-0001,SIG-E9407C2D,44,44,0.033,-1,-1,Camera 1,No Match,0.0,0.0,StandardMotorcycleSnatch,,,outputs\forensic_thumbnails/thumb_EVT-SIG-E9407C2D.jpg,outputs/forensic_clips/event_EVT-SIG-E9407C2D.avi
EVT-SIG-AE7FC70B,1.mp4,INT-0001,FUSED-INT-0001,SIG-AE7FC70B,44,44,0.033,-1,-1,Camera 1,No Match,0.0,0.0,StandardMotorcycleSnatch,,,outputs\forensic_thumbnails/thumb_EVT-SIG-AE7FC70B.jpg,outputs/forensic_clips/event_EVT-SIG-AE7FC70B.avi
EVT-SIG-51BF716A,1.mp4,INT-0001,FUSED-INT-0001,SIG-51BF716A,44,44,0.033,-1,-1,Camera 1,No Match,0.0,0.0,StandardMotorcycleSnatch,,,outputs\forensic_thumbnails/thumb_EVT-SIG-51BF716A.jpg,outputs/forensic_clips/event_EVT-SIG-51BF716A.avi
EVT-SIG-6A40B928,1.mp4,INT-0001,FUSED-INT-0001,SIG-6A40B928,44,44,0.033,-1,-1,Camera 1,No Match,0.0,0.0,StandardMotorcycleSnatch,,,outputs\forensic_thumbnails/thumb_EVT-SIG-6A40B928.jpg,outputs/forensic_clips/event_EVT-SIG-6A40B928.avi
EVT-SIG-B09A85F3,1.mp4,INT-0001,FUSED-INT-0001,SIG-B09A85F3,44,44,0.033,-1,-1,Camera 1,No Match,0.0,0.0,StandardMotorcycleSnatch,,,outputs\forensic_thumbnails/thumb_EVT-SIG-B09A85F3.jpg,outputs/forensic_clips/event_EVT-SIG-B09A85F3.avi
EVT-SIG-87ECCAD4,1.mp4,INT-0001,FUSED-INT-0001,SIG-87ECCAD4,44,44,0.033,-1,-1,Camera 1,No Match,0.0,0.0,StandardMotorcycleSnatch,,,outputs\forensic_thumbnails/thumb_EVT-SIG-87ECCAD4.jpg,outputs/forensic_clips/event_EVT-SIG-87ECCAD4.avi
EVT-SIG-97EAF878,1.mp4,INT-0001,FUSED-INT-0001,SIG-97EAF878,44,44,0.033,-1,-1,Camera 1,No Match,0.0,0.0,StandardMotorcycleSnatch,,,outputs\forensic_thumbnails/thumb_EVT-SIG-97EAF878.jpg,outputs/forensic_clips/event_EVT-SIG-97EAF878.avi
EVT-SIG-76CA5775,1.mp4,INT-0001,FUSED-INT-0001,SIG-76CA5775,44,44,0.033,-1,-1,Camera 1,No Match,0.0,0.0,StandardMotorcycleSnatch,,,outputs\forensic_thumbnails/thumb_EVT-SIG-76CA5775.jpg,outputs/forensic_clips/event_EVT-SIG-76CA5775.avi
EVT-SIG-DE6E02EF,1.mp4,INT-0001,FUSED-INT-0001,SIG-DE6E02EF,44,44,0.033,-1,-1,Camera 1,No Match,0.0,0.0,StandardMotorcycleSnatch,,,outputs\forensic_thumbnails/thumb_EVT-SIG-DE6E02EF.jpg,outputs/forensic_clips/event_EVT-SIG-DE6E02EF.avi
EVT-SIG-EAAF84D1,1.mp4,INT-0001,FUSED-INT-0001,SIG-EAAF84D1,44,44,0.033,-1,-1,Camera 1,No Match,0.0,0.0,StandardMotorcycleSnatch,,,outputs\forensic_thumbnails/thumb_EVT-SIG-EAAF84D1.jpg,outputs/forensic_clips/event_EVT-SIG-EAAF84D1.avi
EVT-SIG-DCFB6001,1.mp4,INT-0001,FUSED-INT-0001,SIG-DCFB6001,44,44,0.033,-1,-1,Camera 1,No Match,0.0,0.0,StandardMotorcycleSnatch,,,outputs\forensic_thumbnails/thumb_EVT-SIG-DCFB6001.jpg,outputs/forensic_clips/event_EVT-SIG-DCFB6001.avi
EVT-SIG-7F80BAF9,1.mp4,INT-0001,FUSED-INT-0001,SIG-7F80BAF9,44,44,0.033,-1,-1,Camera 1,No Match,0.0,0.0,StandardMotorcycleSnatch,,,outputs\forensic_thumbnails/thumb_EVT-SIG-7F80BAF9.jpg,outputs/forensic_clips/event_EVT-SIG-7F80BAF9.avi
EVT-SIG-5DEE93FA,1.mp4,INT-0001,FUSED-INT-0001,SIG-5DEE93FA,44,44,0.033,-1,-1,Camera 1,No Match,0.0,0.0,StandardMotorcycleSnatch,,,outputs\forensic_thumbnails/thumb_EVT-SIG-5DEE93FA.jpg,outputs/forensic_clips/event_EVT-SIG-5DEE93FA.avi
EVT-SIG-443A97AA,1.mp4,INT-0001,FUSED-INT-0001,SIG-443A97AA,44,44,0.033,-1,-1,Camera 1,No Match,0.0,0.0,StandardMotorcycleSnatch,,,outputs\forensic_thumbnails/thumb_EVT-SIG-443A97AA.jpg,outputs/forensic_clips/event_EVT-SIG-443A97AA.avi
EVT-SIG-C8DDB8AB,1.mp4,INT-0001,FUSED-INT-0001,SIG-C8DDB8AB,44,44,0.033,-1,-1,Camera 1,No Match,0.0,0.0,StandardMotorcycleSnatch,,,outputs\forensic_thumbnails/thumb_EVT-SIG-C8DDB8AB.jpg,outputs/forensic_clips/event_EVT-SIG-C8DDB8AB.avi
EVT-SIG-E1EDF409,1.mp4,INT-0001,FUSED-INT-0001,SIG-E1EDF409,44,44,0.033,-1,-1,Camera 1,No Match,0.0,0.0,StandardMotorcycleSnatch,,,outputs\forensic_thumbnails/thumb_EVT-SIG-E1EDF409.jpg,outputs/forensic_clips/event_EVT-SIG-E1EDF409.avi
EVT-SIG-EAB627F5,1.mp4,INT-0001,FUSED-INT-0001,SIG-EAB627F5,44,44,0.033,-1,-1,Camera 1,No Match,0.0,0.0,StandardMotorcycleSnatch,,,outputs\forensic_thumbnails/thumb_EVT-SIG-EAB627F5.jpg,outputs/forensic_clips/event_EVT-SIG-EAB627F5.avi
EVT-SIG-023848CD,1.mp4,INT-0001,FUSED-INT-0001,SIG-023848CD,44,44,0.033,-1,-1,Camera 1,No Match,0.0,0.0,StandardMotorcycleSnatch,,,outputs\forensic_thumbnails/thumb_EVT-SIG-023848CD.jpg,outputs/forensic_clips/event_EVT-SIG-023848CD.avi
EVT-SIG-637E100D,1.mp4,INT-0001,FUSED-INT-0001,SIG-637E100D,44,44,0.033,-1,-1,Camera 1,No Match,0.0,0.0,StandardMotorcycleSnatch,,,outputs\forensic_thumbnails/thumb_EVT-SIG-637E100D.jpg,outputs/forensic_clips/event_EVT-SIG-637E100D.avi
EVT-SIG-E23E542C,1.mp4,INT-0001,FUSED-INT-0001,SIG-E23E542C,44,44,0.033,-1,-1,Camera 1,No Match,0.0,0.0,StandardMotorcycleSnatch,,,outputs\forensic_thumbnails/thumb_EVT-SIG-E23E542C.jpg,outputs/forensic_clips/event_EVT-SIG-E23E542C.avi
EVT-SIG-BCCE0B5B,1.mp4,INT-0001,FUSED-INT-0001,SIG-BCCE0B5B,44,44,0.033,-1,-1,Camera 1,No Match,0.0,0.0,StandardMotorcycleSnatch,,,outputs\forensic_thumbnails/thumb_EVT-SIG-BCCE0B5B.jpg,outputs/forensic_clips/event_EVT-SIG-BCCE0B5B.avi
EVT-SIG-640E3484,1.mp4,INT-0001,FUSED-INT-0001,SIG-640E3484,44,44,0.033,-1,-1,Camera 1,No Match,0.0,0.0,StandardMotorcycleSnatch,,,outputs\forensic_thumbnails/thumb_EVT-SIG-640E3484.jpg,outputs/forensic_clips/event_EVT-SIG-640E3484.avi
EVT-SIG-773A70F0,1.mp4,INT-0001,FUSED-INT-0001,SIG-773A70F0,44,44,0.033,-1,-1,Camera 1,No Match,0.0,0.0,StandardMotorcycleSnatch,,,outputs\forensic_thumbnails/thumb_EVT-SIG-773A70F0.jpg,outputs/forensic_clips/event_EVT-SIG-773A70F0.avi
EVT-SIG-0CDA3EBC,1.mp4,INT-0001,FUSED-INT-0001,SIG-0CDA3EBC,44,44,0.033,-1,-1,Camera 1,No Match,0.0,0.0,StandardMotorcycleSnatch,,,outputs\forensic_thumbnails/thumb_EVT-SIG-0CDA3EBC.jpg,outputs/forensic_clips/event_EVT-SIG-0CDA3EBC.avi
EVT-SIG-FD505517,1.mp4,INT-0001,FUSED-INT-0001,SIG-FD505517,44,44,0.033,-1,-1,Camera 1,No Match,0.0,0.0,StandardMotorcycleSnatch,,,outputs\forensic_thumbnails/thumb_EVT-SIG-FD505517.jpg,outputs/forensic_clips/event_EVT-SIG-FD505517.avi
EVT-SIG-79E8BE2D,1.mp4,INT-0001,FUSED-INT-0001,SIG-79E8BE2D,44,44,0.033,-1,-1,Camera 1,No Match,0.0,0.0,StandardMotorcycleSnatch,,,outputs\forensic_thumbnails/thumb_EVT-SIG-79E8BE2D.jpg,outputs/forensic_clips/event_EVT-SIG-79E8BE2D.avi
EVT-SIG-8C5830BA,1.mp4,INT-0001,FUSED-INT-0001,SIG-8C5830BA,44,44,0.033,-1,-1,Camera 1,No Match,0.0,0.0,StandardMotorcycleSnatch,,,outputs\forensic_thumbnails/thumb_EVT-SIG-8C5830BA.jpg,outputs/forensic_clips/event_EVT-SIG-8C5830BA.avi
EVT-SIG-2ABF1A3A,1.mp4,INT-0001,FUSED-INT-0001,SIG-2ABF1A3A,44,44,0.033,-1,-1,Camera 1,No Match,0.0,0.0,StandardMotorcycleSnatch,,,outputs\forensic_thumbnails/thumb_EVT-SIG-2ABF1A3A.jpg,outputs/forensic_clips/event_EVT-SIG-2ABF1A3A.avi
EVT-SIG-F72125DC,1.mp4,INT-0001,FUSED-INT-0001,SIG-F72125DC,44,44,0.033,-1,-1,Camera 1,No Match,0.0,0.0,StandardMotorcycleSnatch,,,outputs\forensic_thumbnails/thumb_EVT-SIG-F72125DC.jpg,outputs/forensic_clips/event_EVT-SIG-F72125DC.avi
EVT-SIG-6CAB5B26,1.mp4,INT-0001,FUSED-INT-0001,SIG-6CAB5B26,44,44,0.033,-1,-1,Camera 1,No Match,0.0,0.0,StandardMotorcycleSnatch,,,outputs\forensic_thumbnails/thumb_EVT-SIG-6CAB5B26.jpg,outputs/forensic_clips/event_EVT-SIG-6CAB5B26.avi
EVT-SIG-5AE05712,1.mp4,INT-0001,FUSED-INT-0001,SIG-5AE05712,44,44,0.033,-1,-1,Camera 1,No Match,0.0,0.0,StandardMotorcycleSnatch,,,outputs\forensic_thumbnails/thumb_EVT-SIG-5AE05712.jpg,outputs/forensic_clips/event_EVT-SIG-5AE05712.avi
EVT-SIG-B9917678,1.mp4,INT-0001,FUSED-INT-0001,SIG-B9917678,44,44,0.033,-1,-1,Camera 1,No Match,0.0,0.0,StandardMotorcycleSnatch,,,outputs\forensic_thumbnails/thumb_EVT-SIG-B9917678.jpg,outputs/forensic_clips/event_EVT-SIG-B9917678.avi
EVT-SIG-662A0F8D,1.mp4,INT-0001,FUSED-INT-0001,SIG-662A0F8D,44,44,0.033,-1,-1,Camera 1,No Match,0.0,0.0,StandardMotorcycleSnatch,,,outputs\forensic_thumbnails/thumb_EVT-SIG-662A0F8D.jpg,outputs/forensic_clips/event_EVT-SIG-662A0F8D.avi
EVT-SIG-4366A10C,1.mp4,INT-0001,FUSED-INT-0001,SIG-4366A10C,44,44,0.033,-1,-1,Camera 1,No Match,0.0,0.0,StandardMotorcycleSnatch,,,outputs\forensic_thumbnails/thumb_EVT-SIG-4366A10C.jpg,outputs/forensic_clips/event_EVT-SIG-4366A10C.avi
EVT-SIG-AB340A1E,1.mp4,INT-0001,FUSED-INT-0001,SIG-AB340A1E,44,44,0.033,-1,-1,Camera 1,No Match,0.0,0.0,StandardMotorcycleSnatch,,,outputs\forensic_thumbnails/thumb_EVT-SIG-AB340A1E.jpg,outputs/forensic_clips/event_EVT-SIG-AB340A1E.avi
EVT-SIG-A4F36B09,1.mp4,INT-0001,FUSED-INT-0001,SIG-A4F36B09,44,44,0.033,-1,-1,Camera 1,No Match,0.0,0.0,StandardMotorcycleSnatch,,,outputs\forensic_thumbnails/thumb_EVT-SIG-A4F36B09.jpg,outputs/forensic_clips/event_EVT-SIG-A4F36B09.avi
EVT-SIG-CFD4DC48,1.mp4,INT-0001,FUSED-INT-0001,SIG-CFD4DC48,44,44,0.033,-1,-1,Camera 1,No Match,0.0,0.0,StandardMotorcycleSnatch,,,outputs\forensic_thumbnails/thumb_EVT-SIG-CFD4DC48.jpg,outputs/forensic_clips/event_EVT-SIG-CFD4DC48.avi
EVT-SIG-67AEB7F0,1.mp4,INT-0001,FUSED-INT-0001,SIG-67AEB7F0,44,44,0.033,-1,-1,Camera 1,No Match,0.0,0.0,StandardMotorcycleSnatch,,,outputs\forensic_thumbnails/thumb_EVT-SIG-67AEB7F0.jpg,outputs/forensic_clips/event_EVT-SIG-67AEB7F0.avi
EVT-SIG-601D3BF2,1.mp4,INT-0001,FUSED-INT-0001,SIG-601D3BF2,44,44,0.033,-1,-1,Camera 1,No Match,0.0,0.0,StandardMotorcycleSnatch,,,outputs\forensic_thumbnails/thumb_EVT-SIG-601D3BF2.jpg,outputs/forensic_clips/event_EVT-SIG-601D3BF2.avi
EVT-SIG-8C04750A,1.mp4,INT-0001,FUSED-INT-0001,SIG-8C04750A,44,44,0.033,-1,-1,Camera 1,No Match,0.0,0.0,StandardMotorcycleSnatch,,,outputs\forensic_thumbnails/thumb_EVT-SIG-8C04750A.jpg,outputs/forensic_clips/event_EVT-SIG-8C04750A.avi
EVT-SIG-EC09B344,1.mp4,INT-0001,FUSED-INT-0001,SIG-EC09B344,44,44,0.033,-1,-1,Camera 1,No Match,0.0,0.0,StandardMotorcycleSnatch,,,outputs\forensic_thumbnails/thumb_EVT-SIG-EC09B344.jpg,outputs/forensic_clips/event_EVT-SIG-EC09B344.avi
EVT-SIG-90694665,1.mp4,INT-0001,FUSED-INT-0001,SIG-90694665,44,44,0.033,-1,-1,Camera 1,No Match,0.0,0.0,StandardMotorcycleSnatch,,,outputs\forensic_thumbnails/thumb_EVT-SIG-90694665.jpg,outputs/forensic_clips/event_EVT-SIG-90694665.avi
EVT-SIG-1EA741AB,1.mp4,INT-0001,FUSED-INT-0001,SIG-1EA741AB,44,44,0.033,-1,-1,Camera 1,No Match,0.0,0.0,StandardMotorcycleSnatch,,,outputs\forensic_thumbnails/thumb_EVT-SIG-1EA741AB.jpg,outputs/forensic_clips/event_EVT-SIG-1EA741AB.avi
EVT-SIG-51ACADB0,1.mp4,INT-0001,FUSED-INT-0001,SIG-51ACADB0,44,44,0.033,-1,-1,Camera 1,No Match,0.0,0.0,StandardMotorcycleSnatch,,,outputs\forensic_thumbnails/thumb_EVT-SIG-51ACADB0.jpg,outputs/forensic_clips/event_EVT-SIG-51ACADB0.avi
EVT-SIG-AB47A528,1.mp4,INT-0001,FUSED-INT-0001,SIG-AB47A528,44,44,0.033,-1,-1,Camera 1,No Match,0.0,0.0,StandardMotorcycleSnatch,,,outputs\forensic_thumbnails/thumb_EVT-SIG-AB47A528.jpg,outputs/forensic_clips/event_EVT-SIG-AB47A528.avi
EVT-SIG-BD80A540,1.mp4,INT-0001,FUSED-INT-0001,SIG-BD80A540,44,44,0.033,-1,-1,Camera 1,No Match,0.0,0.0,StandardMotorcycleSnatch,,,outputs\forensic_thumbnails/thumb_EVT-SIG-BD80A540.jpg,outputs/forensic_clips/event_EVT-SIG-BD80A540.avi
EVT-SIG-8F5FDCC8,1.mp4,INT-0001,FUSED-INT-0001,SIG-8F5FDCC8,44,44,0.033,-1,-1,Camera 1,No Match,0.0,0.0,StandardMotorcycleSnatch,,,outputs\forensic_thumbnails/thumb_EVT-SIG-8F5FDCC8.jpg,outputs/forensic_clips/event_EVT-SIG-8F5FDCC8.avi
EVT-SIG-DFF8D68A,1.mp4,INT-0001,FUSED-INT-0001,SIG-DFF8D68A,44,44,0.033,-1,-1,Camera 1,No Match,0.0,0.0,StandardMotorcycleSnatch,,,outputs\forensic_thumbnails/thumb_EVT-SIG-DFF8D68A.jpg,outputs/forensic_clips/event_EVT-SIG-DFF8D68A.avi
EVT-SIG-07FF251F,1.mp4,INT-0001,FUSED-INT-0001,SIG-07FF251F,44,44,0.033,-1,-1,Camera 1,No Match,0.0,0.0,StandardMotorcycleSnatch,,,outputs\forensic_thumbnails/thumb_EVT-SIG-07FF251F.jpg,outputs/forensic_clips/event_EVT-SIG-07FF251F.avi
EVT-SIG-57DEF1FB,1.mp4,INT-0001,FUSED-INT-0001,SIG-57DEF1FB,44,44,0.033,-1,-1,Camera 1,No Match,0.0,0.0,StandardMotorcycleSnatch,,,outputs\forensic_thumbnails/thumb_EVT-SIG-57DEF1FB.jpg,outputs/forensic_clips/event_EVT-SIG-57DEF1FB.avi
EVT-SIG-0C8D8BCB,1.mp4,INT-0001,FUSED-INT-0001,SIG-0C8D8BCB,44,44,0.033,-1,-1,Camera 1,No Match,0.0,0.0,StandardMotorcycleSnatch,,,outputs\forensic_thumbnails/thumb_EVT-SIG-0C8D8BCB.jpg,outputs/forensic_clips/event_EVT-SIG-0C8D8BCB.avi
EVT-SIG-DD76FF36,1.mp4,INT-0001,FUSED-INT-0001,SIG-DD76FF36,44,44,0.033,-1,-1,Camera 1,No Match,0.0,0.0,StandardMotorcycleSnatch,,,outputs\forensic_thumbnails/thumb_EVT-SIG-DD76FF36.jpg,outputs/forensic_clips/event_EVT-SIG-DD76FF36.avi
EVT-SIG-7F5FBD7E,1.mp4,INT-0001,FUSED-INT-0001,SIG-7F5FBD7E,44,44,0.033,-1,-1,Camera 1,No Match,0.0,0.0,StandardMotorcycleSnatch,,,outputs\forensic_thumbnails/thumb_EVT-SIG-7F5FBD7E.jpg,outputs/forensic_clips/event_EVT-SIG-7F5FBD7E.avi
EVT-SIG-0B3268A3,1.mp4,INT-0001,FUSED-INT-0001,SIG-0B3268A3,44,44,0.033,-1,-1,Camera 1,No Match,0.0,0.0,StandardMotorcycleSnatch,,,outputs\forensic_thumbnails/thumb_EVT-SIG-0B3268A3.jpg,outputs/forensic_clips/event_EVT-SIG-0B3268A3.avi
EVT-SIG-EF409E3B,1.mp4,INT-0001,FUSED-INT-0001,SIG-EF409E3B,44,44,0.033,-1,-1,Camera 1,No Match,0.0,0.0,StandardMotorcycleSnatch,,,outputs\forensic_thumbnails/thumb_EVT-SIG-EF409E3B.jpg,outputs/forensic_clips/event_EVT-SIG-EF409E3B.avi
EVT-SIG-39EF3194,1.mp4,INT-0001,FUSED-INT-0001,SIG-39EF3194,44,44,0.033,-1,-1,Camera 1,No Match,0.0,0.0,StandardMotorcycleSnatch,,,outputs\forensic_thumbnails/thumb_EVT-SIG-39EF3194.jpg,outputs/forensic_clips/event_EVT-SIG-39EF3194.avi
EVT-SIG-ACB768E2,1.mp4,INT-0001,FUSED-INT-0001,SIG-ACB768E2,44,44,0.033,-1,-1,Camera 1,No Match,0.0,0.0,StandardMotorcycleSnatch,,,outputs\forensic_thumbnails/thumb_EVT-SIG-ACB768E2.jpg,outputs/forensic_clips/event_EVT-SIG-ACB768E2.avi
EVT-SIG-83CD0AC6,1.mp4,INT-0001,FUSED-INT-0001,SIG-83CD0AC6,44,44,0.033,-1,-1,Camera 1,No Match,0.0,0.0,StandardMotorcycleSnatch,,,outputs\forensic_thumbnails/thumb_EVT-SIG-83CD0AC6.jpg,outputs/forensic_clips/event_EVT-SIG-83CD0AC6.avi
EVT-SIG-A169C745,1.mp4,INT-0001,FUSED-INT-0001,SIG-A169C745,44,44,0.033,-1,-1,Camera 1,No Match,0.0,0.0,StandardMotorcycleSnatch,,,outputs\forensic_thumbnails/thumb_EVT-SIG-A169C745.jpg,outputs/forensic_clips/event_EVT-SIG-A169C745.avi
EVT-SIG-B772CFB2,1.mp4,INT-0001,FUSED-INT-0001,SIG-B772CFB2,44,44,0.033,-1,-1,Camera 1,No Match,0.0,0.0,StandardMotorcycleSnatch,,,outputs\forensic_thumbnails/thumb_EVT-SIG-B772CFB2.jpg,outputs/forensic_clips/event_EVT-SIG-B772CFB2.avi
EVT-SIG-686DD5CA,1.mp4,INT-0001,FUSED-INT-0001,SIG-686DD5CA,44,44,0.033,-1,-1,Camera 1,No Match,0.0,0.0,StandardMotorcycleSnatch,,,outputs\forensic_thumbnails/thumb_EVT-SIG-686DD5CA.jpg,outputs/forensic_clips/event_EVT-SIG-686DD5CA.avi
EVT-SIG-352BAB38,1.mp4,INT-0001,FUSED-INT-0001,SIG-352BAB38,44,44,0.033,-1,-1,Camera 1,No Match,0.0,0.0,StandardMotorcycleSnatch,,,outputs\forensic_thumbnails/thumb_EVT-SIG-352BAB38.jpg,outputs/forensic_clips/event_EVT-SIG-352BAB38.avi
EVT-SIG-09125E55,1.mp4,INT-0001,FUSED-INT-0001,SIG-09125E55,44,44,0.033,-1,-1,Camera 1,No Match,0.0,0.0,StandardMotorcycleSnatch,,,outputs\forensic_thumbnails/thumb_EVT-SIG-09125E55.jpg,outputs/forensic_clips/event_EVT-SIG-09125E55.avi
EVT-SIG-461AC2A9,1.mp4,INT-0001,FUSED-INT-0001,SIG-461AC2A9,44,44,0.033,-1,-1,Camera 1,No Match,0.1,0.056,StandardMotorcycleSnatch,,,outputs\forensic_thumbnails/thumb_EVT-SIG-461AC2A9.jpg,outputs/forensic_clips/event_EVT-SIG-461AC2A9.avi
EVT-SIG-D72CAF22,1.mp4,INT-0002,FUSED-INT-0002,SIG-D72CAF22,311,311,0.033,-1,-1,Camera 1,No Match,0.1,0.056,StandardMotorcycleSnatch,,,outputs\forensic_thumbnails/thumb_EVT-SIG-D72CAF22.jpg,outputs/forensic_clips/event_EVT-SIG-D72CAF22.avi
EVT-SIG-DDBC6977,1.mp4,INT-0001,FUSED-INT-0001,SIG-DDBC6977,44,44,0.033,-1,-1,Camera 1,No Match,0.0,0.0,StandardMotorcycleSnatch,,,outputs\forensic_thumbnails/thumb_EVT-SIG-DDBC6977.jpg,outputs/forensic_clips/event_EVT-SIG-DDBC6977.avi
EVT-SIG-E2C4436A,1.mp4,INT-0002,FUSED-INT-0002,SIG-E2C4436A,311,311,0.033,-1,-1,Camera 1,No Match,0.0,0.0,StandardMotorcycleSnatch,,,outputs\forensic_thumbnails/thumb_EVT-SIG-E2C4436A.jpg,outputs/forensic_clips/event_EVT-SIG-E2C4436A.avi
EVT-SIG-6FE21747,1.mp4,INT-0001,FUSED-INT-0001,SIG-6FE21747,44,44,0.033,-1,-1,Camera 1,No Match,0.0,0.0,StandardMotorcycleSnatch,,,outputs\forensic_thumbnails/thumb_EVT-SIG-6FE21747.jpg,outputs/forensic_clips/event_EVT-SIG-6FE21747.avi
EVT-SIG-B9BF8197,1.mp4,INT-0002,FUSED-INT-0002,SIG-B9BF8197,311,311,0.033,-1,-1,Camera 1,No Match,0.0,0.0,StandardMotorcycleSnatch,,,outputs\forensic_thumbnails/thumb_EVT-SIG-B9BF8197.jpg,outputs/forensic_clips/event_EVT-SIG-B9BF8197.avi
EVT-SIG-D2792EAE,1.mp4,INT-0001,FUSED-INT-0001,SIG-D2792EAE,44,44,0.033,-1,-1,Camera 1,No Match,0.0,0.0,StandardMotorcycleSnatch,,,outputs\forensic_thumbnails/thumb_EVT-SIG-D2792EAE.jpg,outputs/forensic_clips/event_EVT-SIG-D2792EAE.avi
EVT-SIG-00B7D4E9,1.mp4,INT-0002,FUSED-INT-0002,SIG-00B7D4E9,311,311,0.033,-1,-1,Camera 1,No Match,0.0,0.0,StandardMotorcycleSnatch,,,outputs\forensic_thumbnails/thumb_EVT-SIG-00B7D4E9.jpg,outputs/forensic_clips/event_EVT-SIG-00B7D4E9.avi
EVT-SIG-4ED84F24,1.mp4,INT-0001,FUSED-INT-0001,SIG-4ED84F24,44,44,0.033,-1,-1,Camera 1,No Match,0.0,0.0,StandardMotorcycleSnatch,,,outputs\forensic_thumbnails/thumb_EVT-SIG-4ED84F24.jpg,outputs/forensic_clips/event_EVT-SIG-4ED84F24.avi
EVT-SIG-1674F6B8,1.mp4,INT-0002,FUSED-INT-0002,SIG-1674F6B8,311,311,0.033,-1,-1,Camera 1,No Match,0.0,0.0,StandardMotorcycleSnatch,,,outputs\forensic_thumbnails/thumb_EVT-SIG-1674F6B8.jpg,outputs/forensic_clips/event_EVT-SIG-1674F6B8.avi
EVT-SIG-C1E90B3E,1.mp4,INT-0001,FUSED-INT-0001,SIG-C1E90B3E,44,44,0.033,-1,-1,Camera 1,No Match,0.0,0.0,StandardMotorcycleSnatch,,,outputs\forensic_thumbnails/thumb_EVT-SIG-C1E90B3E.jpg,outputs/forensic_clips/event_EVT-SIG-C1E90B3E.avi
EVT-SIG-6C357D0A,1.mp4,INT-0002,FUSED-INT-0002,SIG-6C357D0A,311,311,0.033,-1,-1,Camera 1,No Match,0.0,0.0,StandardMotorcycleSnatch,,,outputs\forensic_thumbnails/thumb_EVT-SIG-6C357D0A.jpg,outputs/forensic_clips/event_EVT-SIG-6C357D0A.avi
EVT-SIG-614DCA47,1.mp4,INT-0001,FUSED-INT-0001,SIG-614DCA47,44,44,0.033,-1,-1,Camera 1,No Match,0.0,0.0,StandardMotorcycleSnatch,,,outputs\forensic_thumbnails/thumb_EVT-SIG-614DCA47.jpg,outputs/forensic_clips/event_EVT-SIG-614DCA47.avi
EVT-SIG-740F16BC,1.mp4,INT-0002,FUSED-INT-0002,SIG-740F16BC,311,311,0.033,-1,-1,Camera 1,No Match,0.0,0.0,StandardMotorcycleSnatch,,,outputs\forensic_thumbnails/thumb_EVT-SIG-740F16BC.jpg,outputs/forensic_clips/event_EVT-SIG-740F16BC.avi
EVT-SIG-3C43BF62,1.mp4,INT-0001,FUSED-INT-0001,SIG-3C43BF62,44,44,0.033,-1,-1,Camera 1,No Match,0.0,0.0,StandardMotorcycleSnatch,,,outputs\forensic_thumbnails/thumb_EVT-SIG-3C43BF62.jpg,outputs/forensic_clips/event_EVT-SIG-3C43BF62.avi
EVT-SIG-3D838B59,1.mp4,INT-0002,FUSED-INT-0002,SIG-3D838B59,311,311,0.033,-1,-1,Camera 1,No Match,0.0,0.0,StandardMotorcycleSnatch,,,outputs\forensic_thumbnails/thumb_EVT-SIG-3D838B59.jpg,outputs/forensic_clips/event_EVT-SIG-3D838B59.avi
EVT-SIG-98CC0C9E,1.mp4,INT-0001,FUSED-INT-0001,SIG-98CC0C9E,44,44,0.033,-1,-1,Camera 1,No Match,0.0,0.0,StandardMotorcycleSnatch,,,outputs\forensic_thumbnails/thumb_EVT-SIG-98CC0C9E.jpg,outputs/forensic_clips/event_EVT-SIG-98CC0C9E.avi
EVT-SIG-BEBC09A5,1.mp4,INT-0002,FUSED-INT-0002,SIG-BEBC09A5,311,311,0.033,-1,-1,Camera 1,No Match,0.0,0.0,StandardMotorcycleSnatch,,,outputs\forensic_thumbnails/thumb_EVT-SIG-BEBC09A5.jpg,outputs/forensic_clips/event_EVT-SIG-BEBC09A5.avi
EVT-SIG-4C7A225C,1.mp4,INT-0001,FUSED-INT-0001,SIG-4C7A225C,44,44,0.033,-1,-1,Camera 1,No Match,0.0,0.0,StandardMotorcycleSnatch,,,outputs\forensic_thumbnails/thumb_EVT-SIG-4C7A225C.jpg,outputs/forensic_clips/event_EVT-SIG-4C7A225C.avi
EVT-SIG-7E0FD731,1.mp4,INT-0002,FUSED-INT-0002,SIG-7E0FD731,311,311,0.033,-1,-1,Camera 1,No Match,0.0,0.0,StandardMotorcycleSnatch,,,outputs\forensic_thumbnails/thumb_EVT-SIG-7E0FD731.jpg,outputs/forensic_clips/event_EVT-SIG-7E0FD731.avi
EVT-SIG-D3E5FE8E,1.mp4,INT-0001,FUSED-INT-0001,SIG-D3E5FE8E,44,44,0.033,-1,-1,Camera 1,No Match,0.0,0.0,StandardMotorcycleSnatch,,,outputs\forensic_thumbnails/thumb_EVT-SIG-D3E5FE8E.jpg,outputs/forensic_clips/event_EVT-SIG-D3E5FE8E.avi
EVT-SIG-AD36F519,1.mp4,INT-0002,FUSED-INT-0002,SIG-AD36F519,311,311,0.033,-1,-1,Camera 1,No Match,0.0,0.0,StandardMotorcycleSnatch,,,outputs\forensic_thumbnails/thumb_EVT-SIG-AD36F519.jpg,outputs/forensic_clips/event_EVT-SIG-AD36F519.avi
EVT-SIG-D9A1E057,1.mp4,INT-0001,FUSED-INT-0001,SIG-D9A1E057,44,44,0.033,-1,-1,Camera 1,No Match,0.0,0.0,StandardMotorcycleSnatch,,,outputs\forensic_thumbnails/thumb_EVT-SIG-D9A1E057.jpg,outputs/forensic_clips/event_EVT-SIG-D9A1E057.avi
EVT-SIG-F87CCF06,1.mp4,INT-0002,FUSED-INT-0002,SIG-F87CCF06,311,311,0.033,-1,-1,Camera 1,No Match,0.0,0.0,StandardMotorcycleSnatch,,,outputs\forensic_thumbnails/thumb_EVT-SIG-F87CCF06.jpg,outputs/forensic_clips/event_EVT-SIG-F87CCF06.avi
EVT-SIG-A29FC830,1.mp4,INT-0001,FUSED-INT-0001,SIG-A29FC830,44,44,0.033,-1,-1,Camera 1,No Match,0.0,0.0,StandardMotorcycleSnatch,,,outputs\forensic_thumbnails/thumb_EVT-SIG-A29FC830.jpg,outputs/forensic_clips/event_EVT-SIG-A29FC830.avi
EVT-SIG-F217AAFF,1.mp4,INT-0002,FUSED-INT-0002,SIG-F217AAFF,311,311,0.033,-1,-1,Camera 1,No Match,0.0,0.0,StandardMotorcycleSnatch,,,outputs\forensic_thumbnails/thumb_EVT-SIG-F217AAFF.jpg,outputs/forensic_clips/event_EVT-SIG-F217AAFF.avi
EVT-SIG-53B4CAD7,1.mp4,INT-0001,FUSED-INT-0001,SIG-53B4CAD7,44,44,0.033,-1,-1,Camera 1,No Match,0.0,0.0,StandardMotorcycleSnatch,,,outputs\forensic_thumbnails/thumb_EVT-SIG-53B4CAD7.jpg,outputs/forensic_clips/event_EVT-SIG-53B4CAD7.avi
EVT-SIG-7E5F6B11,1.mp4,INT-0002,FUSED-INT-0002,SIG-7E5F6B11,311,311,0.033,-1,-1,Camera 1,No Match,0.0,0.0,StandardMotorcycleSnatch,,,outputs\forensic_thumbnails/thumb_EVT-SIG-7E5F6B11.jpg,outputs/forensic_clips/event_EVT-SIG-7E5F6B11.avi
EVT-SIG-47E15F14,1.mp4,INT-0001,FUSED-INT-0001,SIG-47E15F14,44,44,0.033,-1,-1,Camera 1,No Match,0.0,0.0,StandardMotorcycleSnatch,,,outputs\forensic_thumbnails/thumb_EVT-SIG-47E15F14.jpg,outputs/forensic_clips/event_EVT-SIG-47E15F14.avi
EVT-SIG-E9C4AB04,1.mp4,INT-0002,FUSED-INT-0002,SIG-E9C4AB04,311,311,0.033,-1,-1,Camera 1,No Match,0.0,0.0,StandardMotorcycleSnatch,,,outputs\forensic_thumbnails/thumb_EVT-SIG-E9C4AB04.jpg,outputs/forensic_clips/event_EVT-SIG-E9C4AB04.avi
EVT-SIG-A7C0A43A,1.mp4,INT-0001,FUSED-INT-0001,SIG-A7C0A43A,44,44,0.033,-1,-1,Camera 1,No Match,0.0,0.0,StandardMotorcycleSnatch,,,outputs\forensic_thumbnails/thumb_EVT-SIG-A7C0A43A.jpg,outputs/forensic_clips/event_EVT-SIG-A7C0A43A.avi
EVT-SIG-14D32F92,1.mp4,INT-0002,FUSED-INT-0002,SIG-14D32F92,311,311,0.033,-1,-1,Camera 1,No Match,0.0,0.0,StandardMotorcycleSnatch,,,outputs\forensic_thumbnails/thumb_EVT-SIG-14D32F92.jpg,outputs/forensic_clips/event_EVT-SIG-14D32F92.avi
EVT-SIG-9D324A21,1.mp4,INT-0001,FUSED-INT-0001,SIG-9D324A21,44,44,0.033,-1,-1,Camera 1,No Match,0.0,0.0,StandardMotorcycleSnatch,,,outputs\forensic_thumbnails/thumb_EVT-SIG-9D324A21.jpg,outputs/forensic_clips/event_EVT-SIG-9D324A21.avi
EVT-SIG-9347DCF5,1.mp4,INT-0002,FUSED-INT-0002,SIG-9347DCF5,311,311,0.033,-1,-1,Camera 1,No Match,0.0,0.0,StandardMotorcycleSnatch,,,outputs\forensic_thumbnails/thumb_EVT-SIG-9347DCF5.jpg,outputs/forensic_clips/event_EVT-SIG-9347DCF5.avi
EVT-SIG-5F80E388,1.mp4,INT-0001,FUSED-INT-0001,SIG-5F80E388,44,44,0.033,-1,-1,Camera 1,No Match,0.0,0.0,StandardMotorcycleSnatch,,,outputs\forensic_thumbnails/thumb_EVT-SIG-5F80E388.jpg,outputs/forensic_clips/event_EVT-SIG-5F80E388.avi
EVT-SIG-6D36A02E,1.mp4,INT-0002,FUSED-INT-0002,SIG-6D36A02E,311,311,0.033,-1,-1,Camera 1,No Match,0.0,0.0,StandardMotorcycleSnatch,,,outputs\forensic_thumbnails/thumb_EVT-SIG-6D36A02E.jpg,outputs/forensic_clips/event_EVT-SIG-6D36A02E.avi
EVT-SIG-340A38B4,1.mp4,INT-0001,FUSED-INT-0001,SIG-340A38B4,44,44,0.033,-1,-1,Camera 1,No Match,0.0,0.0,StandardMotorcycleSnatch,,,outputs\forensic_thumbnails/thumb_EVT-SIG-340A38B4.jpg,outputs/forensic_clips/event_EVT-SIG-340A38B4.avi
EVT-SIG-423C9D0F,1.mp4,INT-0002,FUSED-INT-0002,SIG-423C9D0F,311,311,0.033,-1,-1,Camera 1,No Match,0.0,0.0,StandardMotorcycleSnatch,,,outputs\forensic_thumbnails/thumb_EVT-SIG-423C9D0F.jpg,outputs/forensic_clips/event_EVT-SIG-423C9D0F.avi
EVT-SIG-EE824F52,1.mp4,INT-0001,FUSED-INT-0001,SIG-EE824F52,44,44,0.033,-1,-1,Camera 1,No Match,0.0,0.0,StandardMotorcycleSnatch,,,outputs\forensic_thumbnails/thumb_EVT-SIG-EE824F52.jpg,outputs/forensic_clips/event_EVT-SIG-EE824F52.avi
EVT-SIG-6B2BF0B2,1.mp4,INT-0002,FUSED-INT-0002,SIG-6B2BF0B2,311,311,0.033,-1,-1,Camera 1,No Match,0.0,0.0,StandardMotorcycleSnatch,,,outputs\forensic_thumbnails/thumb_EVT-SIG-6B2BF0B2.jpg,outputs/forensic_clips/event_EVT-SIG-6B2BF0B2.avi
EVT-SIG-F88C58C6,1.mp4,INT-0001,FUSED-INT-0001,SIG-F88C58C6,44,44,0.033,-1,-1,Camera 1,No Match,0.0,0.0,StandardMotorcycleSnatch,,,outputs\forensic_thumbnails/thumb_EVT-SIG-F88C58C6.jpg,outputs/forensic_clips/event_EVT-SIG-F88C58C6.avi
EVT-SIG-9FFF03A9,1.mp4,INT-0002,FUSED-INT-0002,SIG-9FFF03A9,311,311,0.033,-1,-1,Camera 1,No Match,0.0,0.0,StandardMotorcycleSnatch,,,outputs\forensic_thumbnails/thumb_EVT-SIG-9FFF03A9.jpg,outputs/forensic_clips/event_EVT-SIG-9FFF03A9.avi
EVT-SIG-0E302704,1.mp4,INT-0001,FUSED-INT-0001,SIG-0E302704,44,44,0.033,-1,-1,Camera 1,No Match,0.0,0.0,StandardMotorcycleSnatch,,,outputs\forensic_thumbnails/thumb_EVT-SIG-0E302704.jpg,outputs/forensic_clips/event_EVT-SIG-0E302704.avi
EVT-SIG-3EFDC280,1.mp4,INT-0002,FUSED-INT-0002,SIG-3EFDC280,311,311,0.033,-1,-1,Camera 1,No Match,0.0,0.0,StandardMotorcycleSnatch,,,outputs\forensic_thumbnails/thumb_EVT-SIG-3EFDC280.jpg,outputs/forensic_clips/event_EVT-SIG-3EFDC280.avi
EVT-SIG-7ACC535B,1.mp4,INT-0001,FUSED-INT-0001,SIG-7ACC535B,44,44,0.033,-1,-1,Camera 1,No Match,0.0,0.0,StandardMotorcycleSnatch,,,outputs\forensic_thumbnails/thumb_EVT-SIG-7ACC535B.jpg,outputs/forensic_clips/event_EVT-SIG-7ACC535B.avi
EVT-SIG-F1F22F14,1.mp4,INT-0002,FUSED-INT-0002,SIG-F1F22F14,311,311,0.033,-1,-1,Camera 1,No Match,0.0,0.0,StandardMotorcycleSnatch,,,outputs\forensic_thumbnails/thumb_EVT-SIG-F1F22F14.jpg,outputs/forensic_clips/event_EVT-SIG-F1F22F14.avi
EVT-SIG-1E25E417,1.mp4,INT-0001,FUSED-INT-0001,SIG-1E25E417,44,44,0.033,-1,-1,Camera 1,No Match,0.0,0.0,StandardMotorcycleSnatch,,,outputs\forensic_thumbnails/thumb_EVT-SIG-1E25E417.jpg,outputs/forensic_clips/event_EVT-SIG-1E25E417.avi
EVT-SIG-351B1763,1.mp4,INT-0002,FUSED-INT-0002,SIG-351B1763,311,311,0.033,-1,-1,Camera 1,No Match,0.0,0.0,StandardMotorcycleSnatch,,,outputs\forensic_thumbnails/thumb_EVT-SIG-351B1763.jpg,outputs/forensic_clips/event_EVT-SIG-351B1763.avi
EVT-SIG-9EC664D9,1.mp4,INT-0001,FUSED-INT-0001,SIG-9EC664D9,44,44,0.033,-1,-1,Camera 1,No Match,0.0,0.0,StandardMotorcycleSnatch,,,outputs\forensic_thumbnails/thumb_EVT-SIG-9EC664D9.jpg,outputs/forensic_clips/event_EVT-SIG-9EC664D9.avi
EVT-SIG-EDD65DD6,1.mp4,INT-0002,FUSED-INT-0002,SIG-EDD65DD6,311,311,0.033,-1,-1,Camera 1,No Match,0.0,0.0,StandardMotorcycleSnatch,,,outputs\forensic_thumbnails/thumb_EVT-SIG-EDD65DD6.jpg,outputs/forensic_clips/event_EVT-SIG-EDD65DD6.avi
EVT-SIG-04C10271,1.mp4,INT-0001,FUSED-INT-0001,SIG-04C10271,44,44,0.033,-1,-1,Camera 1,No Match,0.0,0.0,StandardMotorcycleSnatch,,,outputs\forensic_thumbnails/thumb_EVT-SIG-04C10271.jpg,outputs/forensic_clips/event_EVT-SIG-04C10271.avi
EVT-SIG-CDD9B8A0,1.mp4,INT-0002,FUSED-INT-0002,SIG-CDD9B8A0,311,311,0.033,-1,-1,Camera 1,No Match,0.0,0.0,StandardMotorcycleSnatch,,,outputs\forensic_thumbnails/thumb_EVT-SIG-CDD9B8A0.jpg,outputs/forensic_clips/event_EVT-SIG-CDD9B8A0.avi
EVT-SIG-044A861F,1.mp4,INT-0001,FUSED-INT-0001,SIG-044A861F,44,44,0.033,-1,-1,Camera 1,No Match,0.0,0.0,StandardMotorcycleSnatch,,,outputs\forensic_thumbnails/thumb_EVT-SIG-044A861F.jpg,outputs/forensic_clips/event_EVT-SIG-044A861F.avi
EVT-SIG-1BA86AE5,1.mp4,INT-0002,FUSED-INT-0002,SIG-1BA86AE5,311,311,0.033,-1,-1,Camera 1,No Match,0.0,0.0,StandardMotorcycleSnatch,,,outputs\forensic_thumbnails/thumb_EVT-SIG-1BA86AE5.jpg,outputs/forensic_clips/event_EVT-SIG-1BA86AE5.avi
EVT-SIG-ADFCCD76,1.mp4,INT-0001,FUSED-INT-0001,SIG-ADFCCD76,44,44,0.033,-1,-1,Camera 1,No Match,0.0,0.0,StandardMotorcycleSnatch,,,outputs\forensic_thumbnails/thumb_EVT-SIG-ADFCCD76.jpg,outputs/forensic_clips/event_EVT-SIG-ADFCCD76.avi
EVT-SIG-D4CC76B7,1.mp4,INT-0002,FUSED-INT-0002,SIG-D4CC76B7,311,311,0.033,-1,-1,Camera 1,No Match,0.0,0.0,StandardMotorcycleSnatch,,,outputs\forensic_thumbnails/thumb_EVT-SIG-D4CC76B7.jpg,outputs/forensic_clips/event_EVT-SIG-D4CC76B7.avi
EVT-SIG-7A0C03E1,1.mp4,INT-0001,FUSED-INT-0001,SIG-7A0C03E1,44,44,0.033,-1,-1,Camera 1,No Match,0.1,0.056,StandardMotorcycleSnatch,,,outputs\forensic_thumbnails/thumb_EVT-SIG-7A0C03E1.jpg,outputs/forensic_clips/event_EVT-SIG-7A0C03E1.avi
EVT-SIG-55DE1748,1.mp4,INT-0002,FUSED-INT-0002,SIG-55DE1748,311,311,0.033,-1,-1,Camera 1,No Match,0.1,0.056,StandardMotorcycleSnatch,,,outputs\forensic_thumbnails/thumb_EVT-SIG-55DE1748.jpg,outputs/forensic_clips/event_EVT-SIG-55DE1748.avi
EVT-SIG-FD936F0B,1.mp4,INT-0001,FUSED-INT-0001,SIG-FD936F0B,44,44,0.033,-1,-1,Camera 1,No Match,0.1,0.056,StandardMotorcycleSnatch,,,outputs\forensic_thumbnails/thumb_EVT-SIG-FD936F0B.jpg,outputs/forensic_clips/event_EVT-SIG-FD936F0B.avi
EVT-SIG-355AC0B1,1.mp4,INT-0002,FUSED-INT-0002,SIG-355AC0B1,311,311,0.033,-1,-1,Camera 1,No Match,0.1,0.056,StandardMotorcycleSnatch,,,outputs\forensic_thumbnails/thumb_EVT-SIG-355AC0B1.jpg,outputs/forensic_clips/event_EVT-SIG-355AC0B1.avi
EVT-SIG-ABAC3097,1.mp4,INT-0001,FUSED-INT-0001,SIG-ABAC3097,44,44,0.033,-1,-1,Camera 1,No Match,0.1,0.056,StandardMotorcycleSnatch,,,outputs\forensic_thumbnails/thumb_EVT-SIG-ABAC3097.jpg,outputs/forensic_clips/event_EVT-SIG-ABAC3097.avi
EVT-SIG-DF784F68,1.mp4,INT-0002,FUSED-INT-0002,SIG-DF784F68,311,311,0.033,-1,-1,Camera 1,No Match,0.1,0.056,StandardMotorcycleSnatch,,,outputs\forensic_thumbnails/thumb_EVT-SIG-DF784F68.jpg,outputs/forensic_clips/event_EVT-SIG-DF784F68.avi
EVT-SIG-10DEAE26,1.mp4,INT-0001,FUSED-INT-0001,SIG-10DEAE26,44,44,0.033,-1,-1,Camera 1,No Match,0.1,0.056,StandardMotorcycleSnatch,,,outputs\forensic_thumbnails/thumb_EVT-SIG-10DEAE26.jpg,outputs/forensic_clips/event_EVT-SIG-10DEAE26.avi
EVT-SIG-C0F67741,1.mp4,INT-0002,FUSED-INT-0002,SIG-C0F67741,311,311,0.033,-1,-1,Camera 1,No Match,0.1,0.056,StandardMotorcycleSnatch,,,outputs\forensic_thumbnails/thumb_EVT-SIG-C0F67741.jpg,outputs/forensic_clips/event_EVT-SIG-C0F67741.avi
EVT-SIG-9E1539FF,1.mp4,INT-0001,FUSED-INT-0001,SIG-9E1539FF,44,44,0.033,-1,-1,Camera 1,No Match,0.1,0.056,StandardMotorcycleSnatch,,,outputs\forensic_thumbnails/thumb_EVT-SIG-9E1539FF.jpg,outputs/forensic_clips/event_EVT-SIG-9E1539FF.avi
EVT-SIG-B0948BB2,1.mp4,INT-0002,FUSED-INT-0002,SIG-B0948BB2,311,311,0.033,-1,-1,Camera 1,No Match,0.1,0.056,StandardMotorcycleSnatch,,,outputs\forensic_thumbnails/thumb_EVT-SIG-B0948BB2.jpg,outputs/forensic_clips/event_EVT-SIG-B0948BB2.avi
EVT-SIG-41F9D642,1.mp4,INT-0001,FUSED-INT-0001,SIG-41F9D642,44,44,0.033,-1,-1,Camera 1,No Match,0.0,0.0,StandardMotorcycleSnatch,,,outputs\forensic_thumbnails/thumb_EVT-SIG-41F9D642.jpg,outputs/forensic_clips/event_EVT-SIG-41F9D642.avi
EVT-SIG-32E2D71B,1.mp4,INT-0002,FUSED-INT-0002,SIG-32E2D71B,311,311,0.033,-1,-1,Camera 1,No Match,0.0,0.0,StandardMotorcycleSnatch,,,outputs\forensic_thumbnails/thumb_EVT-SIG-32E2D71B.jpg,outputs/forensic_clips/event_EVT-SIG-32E2D71B.avi
EVT-SIG-61443403,1.mp4,INT-0001,FUSED-INT-0001,SIG-61443403,44,44,0.033,-1,-1,Camera 1,No Match,0.0,0.0,StandardMotorcycleSnatch,,,outputs\forensic_thumbnails/thumb_EVT-SIG-61443403.jpg,outputs/forensic_clips/event_EVT-SIG-61443403.avi
EVT-SIG-1B6E19B6,1.mp4,INT-0002,FUSED-INT-0002,SIG-1B6E19B6,311,311,0.033,-1,-1,Camera 1,No Match,0.0,0.0,StandardMotorcycleSnatch,,,outputs\forensic_thumbnails/thumb_EVT-SIG-1B6E19B6.jpg,outputs/forensic_clips/event_EVT-SIG-1B6E19B6.avi
EVT-SIG-134B1986,1.mp4,INT-0001,FUSED-INT-0001,SIG-134B1986,44,44,0.033,-1,-1,Camera 1,No Match,0.0,0.0,StandardMotorcycleSnatch,,,outputs\forensic_thumbnails/thumb_EVT-SIG-134B1986.jpg,outputs/forensic_clips/event_EVT-SIG-134B1986.avi
EVT-SIG-90601498,1.mp4,INT-0002,FUSED-INT-0002,SIG-90601498,311,311,0.033,-1,-1,Camera 1,No Match,0.0,0.0,StandardMotorcycleSnatch,,,outputs\forensic_thumbnails/thumb_EVT-SIG-90601498.jpg,outputs/forensic_clips/event_EVT-SIG-90601498.avi
EVT-SIG-F6F5DDC8,1.mp4,INT-0001,FUSED-INT-0001,SIG-F6F5DDC8,44,44,0.033,-1,-1,Camera 1,No Match,0.0,0.0,StandardMotorcycleSnatch,,,outputs\forensic_thumbnails/thumb_EVT-SIG-F6F5DDC8.jpg,outputs/forensic_clips/event_EVT-SIG-F6F5DDC8.avi
EVT-SIG-FCEA8666,1.mp4,INT-0002,FUSED-INT-0002,SIG-FCEA8666,311,311,0.033,-1,-1,Camera 1,No Match,0.0,0.0,StandardMotorcycleSnatch,,,outputs\forensic_thumbnails/thumb_EVT-SIG-FCEA8666.jpg,outputs/forensic_clips/event_EVT-SIG-FCEA8666.avi
EVT-SIG-94B52717,1.mp4,INT-0001,FUSED-INT-0001,SIG-94B52717,44,44,0.033,-1,-1,Camera 1,No Match,0.0,0.0,StandardMotorcycleSnatch,,,outputs\forensic_thumbnails/thumb_EVT-SIG-94B52717.jpg,outputs/forensic_clips/event_EVT-SIG-94B52717.avi
EVT-SIG-9CC743DF,1.mp4,INT-0002,FUSED-INT-0002,SIG-9CC743DF,311,311,0.033,-1,-1,Camera 1,No Match,0.0,0.0,StandardMotorcycleSnatch,,,outputs\forensic_thumbnails/thumb_EVT-SIG-9CC743DF.jpg,outputs/forensic_clips/event_EVT-SIG-9CC743DF.avi
EVT-SIG-BB968267,1.mp4,INT-0001,FUSED-INT-0001,SIG-BB968267,44,44,0.033,-1,-1,Camera 1,No Match,0.0,0.0,StandardMotorcycleSnatch,,,outputs\forensic_thumbnails/thumb_EVT-SIG-BB968267.jpg,outputs/forensic_clips/event_EVT-SIG-BB968267.avi
EVT-SIG-94C8A7B8,1.mp4,INT-0002,FUSED-INT-0002,SIG-94C8A7B8,311,311,0.033,-1,-1,Camera 1,No Match,0.0,0.0,StandardMotorcycleSnatch,,,outputs\forensic_thumbnails/thumb_EVT-SIG-94C8A7B8.jpg,outputs/forensic_clips/event_EVT-SIG-94C8A7B8.avi
EVT-SIG-C64C74E8,1.mp4,INT-0001,FUSED-INT-0001,SIG-C64C74E8,44,44,0.033,-1,-1,Camera 1,No Match,0.0,0.0,StandardMotorcycleSnatch,,,outputs\forensic_thumbnails/thumb_EVT-SIG-C64C74E8.jpg,outputs/forensic_clips/event_EVT-SIG-C64C74E8.avi
EVT-SIG-71395F4C,1.mp4,INT-0002,FUSED-INT-0002,SIG-71395F4C,311,311,0.033,-1,-1,Camera 1,No Match,0.0,0.0,StandardMotorcycleSnatch,,,outputs\forensic_thumbnails/thumb_EVT-SIG-71395F4C.jpg,outputs/forensic_clips/event_EVT-SIG-71395F4C.avi
EVT-SIG-212B33C4,1.mp4,INT-0001,FUSED-INT-0001,SIG-212B33C4,44,44,0.033,-1,-1,Camera 1,No Match,0.0,0.0,StandardMotorcycleSnatch,,,outputs\forensic_thumbnails/thumb_EVT-SIG-212B33C4.jpg,outputs/forensic_clips/event_EVT-SIG-212B33C4.avi
EVT-SIG-0E8C808C,1.mp4,INT-0002,FUSED-INT-0002,SIG-0E8C808C,311,311,0.033,-1,-1,Camera 1,No Match,0.0,0.0,StandardMotorcycleSnatch,,,outputs\forensic_thumbnails/thumb_EVT-SIG-0E8C808C.jpg,outputs/forensic_clips/event_EVT-SIG-0E8C808C.avi
EVT-SIG-6BD2FB01,1.mp4,INT-0001,FUSED-INT-0001,SIG-6BD2FB01,44,44,0.033,-1,-1,Camera 1,No Match,0.0,0.0,StandardMotorcycleSnatch,,,outputs\forensic_thumbnails/thumb_EVT-SIG-6BD2FB01.jpg,outputs/forensic_clips/event_EVT-SIG-6BD2FB01.avi
EVT-SIG-AC5056C4,1.mp4,INT-0002,FUSED-INT-0002,SIG-AC5056C4,311,311,0.033,-1,-1,Camera 1,No Match,0.0,0.0,StandardMotorcycleSnatch,,,outputs\forensic_thumbnails/thumb_EVT-SIG-AC5056C4.jpg,outputs/forensic_clips/event_EVT-SIG-AC5056C4.avi
EVT-SIG-F2AE3D5C,1.mp4,INT-0001,FUSED-INT-0001,SIG-F2AE3D5C,44,44,0.033,-1,-1,Camera 1,No Match,0.0,0.0,StandardMotorcycleSnatch,,,outputs\forensic_thumbnails/thumb_EVT-SIG-F2AE3D5C.jpg,outputs/forensic_clips/event_EVT-SIG-F2AE3D5C.avi
EVT-SIG-31AC2375,1.mp4,INT-0002,FUSED-INT-0002,SIG-31AC2375,311,311,0.033,-1,-1,Camera 1,No Match,0.0,0.0,StandardMotorcycleSnatch,,,outputs\forensic_thumbnails/thumb_EVT-SIG-31AC2375.jpg,outputs/forensic_clips/event_EVT-SIG-31AC2375.avi
EVT-SIG-29DB67C5,1.mp4,INT-0001,FUSED-INT-0001,SIG-29DB67C5,44,44,0.033,-1,-1,Camera 1,No Match,0.0,0.0,StandardMotorcycleSnatch,,,outputs\forensic_thumbnails/thumb_EVT-SIG-29DB67C5.jpg,outputs/forensic_clips/event_EVT-SIG-29DB67C5.avi
EVT-SIG-4CBD5003,1.mp4,INT-0002,FUSED-INT-0002,SIG-4CBD5003,311,311,0.033,-1,-1,Camera 1,No Match,0.0,0.0,StandardMotorcycleSnatch,,,outputs\forensic_thumbnails/thumb_EVT-SIG-4CBD5003.jpg,outputs/forensic_clips/event_EVT-SIG-4CBD5003.avi
EVT-SIG-631DFAFD,1.mp4,INT-0001,FUSED-INT-0001,SIG-631DFAFD,44,44,0.033,-1,-1,Camera 1,No Match,0.0,0.0,StandardMotorcycleSnatch,,,outputs\forensic_thumbnails/thumb_EVT-SIG-631DFAFD.jpg,outputs/forensic_clips/event_EVT-SIG-631DFAFD.avi
EVT-SIG-A337F5CC,1.mp4,INT-0002,FUSED-INT-0002,SIG-A337F5CC,311,311,0.033,-1,-1,Camera 1,No Match,0.0,0.0,StandardMotorcycleSnatch,,,outputs\forensic_thumbnails/thumb_EVT-SIG-A337F5CC.jpg,outputs/forensic_clips/event_EVT-SIG-A337F5CC.avi
EVT-SIG-7D32FB6E,1.mp4,INT-0001,FUSED-INT-0001,SIG-7D32FB6E,44,44,0.033,-1,-1,Camera 1,No Match,0.0,0.0,StandardMotorcycleSnatch,,,outputs\forensic_thumbnails/thumb_EVT-SIG-7D32FB6E.jpg,outputs/forensic_clips/event_EVT-SIG-7D32FB6E.avi
EVT-SIG-AD469FD2,1.mp4,INT-0002,FUSED-INT-0002,SIG-AD469FD2,311,311,0.033,-1,-1,Camera 1,No Match,0.0,0.0,StandardMotorcycleSnatch,,,outputs\forensic_thumbnails/thumb_EVT-SIG-AD469FD2.jpg,outputs/forensic_clips/event_EVT-SIG-AD469FD2.avi
EVT-SIG-833892D3,1.mp4,INT-0001,FUSED-INT-0001,SIG-833892D3,44,44,0.033,-1,-1,Camera 1,No Match,0.0,0.0,StandardMotorcycleSnatch,,,outputs\forensic_thumbnails/thumb_EVT-SIG-833892D3.jpg,outputs/forensic_clips/event_EVT-SIG-833892D3.avi
EVT-SIG-69FED061,1.mp4,INT-0002,FUSED-INT-0002,SIG-69FED061,311,311,0.033,-1,-1,Camera 1,No Match,0.0,0.0,StandardMotorcycleSnatch,,,outputs\forensic_thumbnails/thumb_EVT-SIG-69FED061.jpg,outputs/forensic_clips/event_EVT-SIG-69FED061.avi
EVT-SIG-113FE48E,1.mp4,INT-0001,FUSED-INT-0001,SIG-113FE48E,44,44,0.033,-1,-1,Camera 1,No Match,0.0,0.0,StandardMotorcycleSnatch,,,outputs\forensic_thumbnails/thumb_EVT-SIG-113FE48E.jpg,outputs/forensic_clips/event_EVT-SIG-113FE48E.avi
EVT-SIG-5695D098,1.mp4,INT-0002,FUSED-INT-0002,SIG-5695D098,311,311,0.033,-1,-1,Camera 1,No Match,0.0,0.0,StandardMotorcycleSnatch,,,outputs\forensic_thumbnails/thumb_EVT-SIG-5695D098.jpg,outputs/forensic_clips/event_EVT-SIG-5695D098.avi
EVT-SIG-17DF4BA6,1.mp4,INT-0001,FUSED-INT-0001,SIG-17DF4BA6,44,44,0.033,-1,-1,Camera 1,No Match,0.0,0.0,StandardMotorcycleSnatch,,,outputs\forensic_thumbnails/thumb_EVT-SIG-17DF4BA6.jpg,outputs/forensic_clips/event_EVT-SIG-17DF4BA6.avi
EVT-SIG-DCE3130E,1.mp4,INT-0002,FUSED-INT-0002,SIG-DCE3130E,311,311,0.033,-1,-1,Camera 1,No Match,0.0,0.0,StandardMotorcycleSnatch,,,outputs\forensic_thumbnails/thumb_EVT-SIG-DCE3130E.jpg,outputs/forensic_clips/event_EVT-SIG-DCE3130E.avi
EVT-SIG-3BA8B96F,1.mp4,INT-0001,FUSED-INT-0001,SIG-3BA8B96F,44,44,0.033,-1,-1,Camera 1,No Match,0.0,0.0,StandardMotorcycleSnatch,,,outputs\forensic_thumbnails/thumb_EVT-SIG-3BA8B96F.jpg,outputs/forensic_clips/event_EVT-SIG-3BA8B96F.avi
EVT-SIG-22694952,1.mp4,INT-0002,FUSED-INT-0002,SIG-22694952,311,311,0.033,-1,-1,Camera 1,No Match,0.0,0.0,StandardMotorcycleSnatch,,,outputs\forensic_thumbnails/thumb_EVT-SIG-22694952.jpg,outputs/forensic_clips/event_EVT-SIG-22694952.avi
EVT-SIG-FEAA27D6,1.mp4,INT-0001,FUSED-INT-0001,SIG-FEAA27D6,44,44,0.033,-1,-1,Camera 1,No Match,0.0,0.0,StandardMotorcycleSnatch,,,outputs\forensic_thumbnails/thumb_EVT-SIG-FEAA27D6.jpg,outputs/forensic_clips/event_EVT-SIG-FEAA27D6.avi
EVT-SIG-323E2C48,1.mp4,INT-0002,FUSED-INT-0002,SIG-323E2C48,311,311,0.033,-1,-1,Camera 1,No Match,0.0,0.0,StandardMotorcycleSnatch,,,outputs\forensic_thumbnails/thumb_EVT-SIG-323E2C48.jpg,outputs/forensic_clips/event_EVT-SIG-323E2C48.avi
EVT-SIG-A95FCE44,1.mp4,INT-0001,FUSED-INT-0001,SIG-A95FCE44,44,44,0.033,-1,-1,Camera 1,No Match,0.0,0.0,StandardMotorcycleSnatch,,,outputs\forensic_thumbnails/thumb_EVT-SIG-A95FCE44.jpg,outputs/forensic_clips/event_EVT-SIG-A95FCE44.avi
EVT-SIG-EBF2E008,1.mp4,INT-0002,FUSED-INT-0002,SIG-EBF2E008,311,311,0.033,-1,-1,Camera 1,No Match,0.0,0.0,StandardMotorcycleSnatch,,,outputs\forensic_thumbnails/thumb_EVT-SIG-EBF2E008.jpg,outputs/forensic_clips/event_EVT-SIG-EBF2E008.avi
EVT-SIG-8DE34DB3,1.mp4,INT-0001,FUSED-INT-0001,SIG-8DE34DB3,44,44,0.033,-1,-1,Camera 1,No Match,0.0,0.0,StandardMotorcycleSnatch,,,outputs\forensic_thumbnails/thumb_EVT-SIG-8DE34DB3.jpg,outputs/forensic_clips/event_EVT-SIG-8DE34DB3.avi
EVT-SIG-864F5AE2,1.mp4,INT-0002,FUSED-INT-0002,SIG-864F5AE2,311,311,0.033,-1,-1,Camera 1,No Match,0.0,0.0,StandardMotorcycleSnatch,,,outputs\forensic_thumbnails/thumb_EVT-SIG-864F5AE2.jpg,outputs/forensic_clips/event_EVT-SIG-864F5AE2.avi
EVT-SIG-44FD67A0,1.mp4,INT-0001,FUSED-INT-0001,SIG-44FD67A0,44,44,0.033,-1,-1,Camera 1,No Match,0.0,0.0,StandardMotorcycleSnatch,,,outputs\forensic_thumbnails/thumb_EVT-SIG-44FD67A0.jpg,outputs/forensic_clips/event_EVT-SIG-44FD67A0.avi
EVT-SIG-58A0DB1A,1.mp4,INT-0002,FUSED-INT-0002,SIG-58A0DB1A,311,311,0.033,-1,-1,Camera 1,No Match,0.0,0.0,StandardMotorcycleSnatch,,,outputs\forensic_thumbnails/thumb_EVT-SIG-58A0DB1A.jpg,outputs/forensic_clips/event_EVT-SIG-58A0DB1A.avi
EVT-SIG-0843C0E4,1.mp4,INT-0001,FUSED-INT-0001,SIG-0843C0E4,44,44,0.033,-1,-1,Camera 1,No Match,0.0,0.0,StandardMotorcycleSnatch,,,outputs\forensic_thumbnails/thumb_EVT-SIG-0843C0E4.jpg,outputs/forensic_clips/event_EVT-SIG-0843C0E4.avi
EVT-SIG-B0FC10B0,1.mp4,INT-0002,FUSED-INT-0002,SIG-B0FC10B0,311,311,0.033,-1,-1,Camera 1,No Match,0.0,0.0,StandardMotorcycleSnatch,,,outputs\forensic_thumbnails/thumb_EVT-SIG-B0FC10B0.jpg,outputs/forensic_clips/event_EVT-SIG-B0FC10B0.avi
EVT-SIG-8780AEEE,1.mp4,INT-0001,FUSED-INT-0001,SIG-8780AEEE,44,44,0.033,-1,-1,Camera 1,No Match,0.0,0.0,StandardMotorcycleSnatch,,,outputs\forensic_thumbnails/thumb_EVT-SIG-8780AEEE.jpg,outputs/forensic_clips/event_EVT-SIG-8780AEEE.avi
EVT-SIG-8C5E224D,1.mp4,INT-0002,FUSED-INT-0002,SIG-8C5E224D,311,311,0.033,-1,-1,Camera 1,No Match,0.0,0.0,StandardMotorcycleSnatch,,,outputs\forensic_thumbnails/thumb_EVT-SIG-8C5E224D.jpg,outputs/forensic_clips/event_EVT-SIG-8C5E224D.avi
EVT-SIG-429733AA,1.mp4,INT-0001,FUSED-INT-0001,SIG-429733AA,44,44,0.033,-1,-1,Camera 1,No Match,0.0,0.0,StandardMotorcycleSnatch,,,outputs\forensic_thumbnails/thumb_EVT-SIG-429733AA.jpg,outputs/forensic_clips/event_EVT-SIG-429733AA.avi
EVT-SIG-EF65B708,1.mp4,INT-0002,FUSED-INT-0002,SIG-EF65B708,311,311,0.033,-1,-1,Camera 1,No Match,0.0,0.0,StandardMotorcycleSnatch,,,outputs\forensic_thumbnails/thumb_EVT-SIG-EF65B708.jpg,outputs/forensic_clips/event_EVT-SIG-EF65B708.avi
EVT-SIG-A1D7496D,1.mp4,INT-0001,FUSED-INT-0001,SIG-A1D7496D,44,44,0.033,-1,-1,Camera 1,No Match,0.0,0.0,StandardMotorcycleSnatch,,,outputs\forensic_thumbnails/thumb_EVT-SIG-A1D7496D.jpg,outputs/forensic_clips/event_EVT-SIG-A1D7496D.avi
EVT-SIG-A07C892A,1.mp4,INT-0002,FUSED-INT-0002,SIG-A07C892A,311,311,0.033,-1,-1,Camera 1,No Match,0.0,0.0,StandardMotorcycleSnatch,,,outputs\forensic_thumbnails/thumb_EVT-SIG-A07C892A.jpg,outputs/forensic_clips/event_EVT-SIG-A07C892A.avi
EVT-SIG-873E54E7,1.mp4,INT-0001,FUSED-INT-0001,SIG-873E54E7,44,44,0.033,-1,-1,Camera 1,No Match,0.0,0.0,StandardMotorcycleSnatch,,,outputs\forensic_thumbnails/thumb_EVT-SIG-873E54E7.jpg,outputs/forensic_clips/event_EVT-SIG-873E54E7.avi
EVT-SIG-238CC009,1.mp4,INT-0002,FUSED-INT-0002,SIG-238CC009,311,311,0.033,-1,-1,Camera 1,No Match,0.0,0.0,StandardMotorcycleSnatch,,,outputs\forensic_thumbnails/thumb_EVT-SIG-238CC009.jpg,outputs/forensic_clips/event_EVT-SIG-238CC009.avi
EVT-SIG-501CD47F,1.mp4,INT-0001,FUSED-INT-0001,SIG-501CD47F,44,44,0.033,-1,-1,Camera 1,No Match,0.0,0.0,StandardMotorcycleSnatch,,,outputs\forensic_thumbnails/thumb_EVT-SIG-501CD47F.jpg,outputs/forensic_clips/event_EVT-SIG-501CD47F.avi
EVT-SIG-8ECDA5F4,1.mp4,INT-0002,FUSED-INT-0002,SIG-8ECDA5F4,311,311,0.033,-1,-1,Camera 1,No Match,0.0,0.0,StandardMotorcycleSnatch,,,outputs\forensic_thumbnails/thumb_EVT-SIG-8ECDA5F4.jpg,outputs/forensic_clips/event_EVT-SIG-8ECDA5F4.avi
EVT-SIG-1A4EE807,1.mp4,INT-0001,FUSED-INT-0001,SIG-1A4EE807,44,44,0.033,-1,-1,Camera 1,No Match,0.0,0.0,StandardMotorcycleSnatch,,,outputs\forensic_thumbnails/thumb_EVT-SIG-1A4EE807.jpg,outputs/forensic_clips/event_EVT-SIG-1A4EE807.avi
EVT-SIG-5068A9AD,1.mp4,INT-0002,FUSED-INT-0002,SIG-5068A9AD,311,311,0.033,-1,-1,Camera 1,No Match,0.0,0.0,StandardMotorcycleSnatch,,,outputs\forensic_thumbnails/thumb_EVT-SIG-5068A9AD.jpg,outputs/forensic_clips/event_EVT-SIG-5068A9AD.avi
EVT-SIG-563FCA9E,1.mp4,INT-0001,FUSED-INT-0001,SIG-563FCA9E,44,44,0.033,-1,-1,Camera 1,No Match,0.0,0.0,StandardMotorcycleSnatch,,,outputs\forensic_thumbnails/thumb_EVT-SIG-563FCA9E.jpg,outputs/forensic_clips/event_EVT-SIG-563FCA9E.avi
EVT-SIG-0BE324D4,1.mp4,INT-0002,FUSED-INT-0002,SIG-0BE324D4,311,311,0.033,-1,-1,Camera 1,No Match,0.0,0.0,StandardMotorcycleSnatch,,,outputs\forensic_thumbnails/thumb_EVT-SIG-0BE324D4.jpg,outputs/forensic_clips/event_EVT-SIG-0BE324D4.avi
EVT-SIG-BA2BD5B0,1.mp4,INT-0001,FUSED-INT-0001,SIG-BA2BD5B0,44,44,0.033,-1,-1,Camera 1,No Match,0.0,0.0,StandardMotorcycleSnatch,,,outputs\forensic_thumbnails/thumb_EVT-SIG-BA2BD5B0.jpg,outputs/forensic_clips/event_EVT-SIG-BA2BD5B0.avi
EVT-SIG-82ED8240,1.mp4,INT-0002,FUSED-INT-0002,SIG-82ED8240,311,311,0.033,-1,-1,Camera 1,No Match,0.0,0.0,StandardMotorcycleSnatch,,,outputs\forensic_thumbnails/thumb_EVT-SIG-82ED8240.jpg,outputs/forensic_clips/event_EVT-SIG-82ED8240.avi
EVT-SIG-B9E5A0E3,1.mp4,INT-0001,FUSED-INT-0001,SIG-B9E5A0E3,44,44,0.033,-1,-1,Camera 1,No Match,0.0,0.0,StandardMotorcycleSnatch,,,outputs\forensic_thumbnails/thumb_EVT-SIG-B9E5A0E3.jpg,outputs/forensic_clips/event_EVT-SIG-B9E5A0E3.avi
EVT-SIG-19EB8776,1.mp4,INT-0002,FUSED-INT-0002,SIG-19EB8776,311,311,0.033,-1,-1,Camera 1,No Match,0.0,0.0,StandardMotorcycleSnatch,,,outputs\forensic_thumbnails/thumb_EVT-SIG-19EB8776.jpg,outputs/forensic_clips/event_EVT-SIG-19EB8776.avi
EVT-SIG-AD30A837,1.mp4,INT-0001,FUSED-INT-0001,SIG-AD30A837,44,44,0.033,-1,-1,Camera 1,No Match,0.0,0.0,StandardMotorcycleSnatch,,,outputs\forensic_thumbnails/thumb_EVT-SIG-AD30A837.jpg,outputs/forensic_clips/event_EVT-SIG-AD30A837.avi
EVT-SIG-489475CB,1.mp4,INT-0002,FUSED-INT-0002,SIG-489475CB,311,311,0.033,-1,-1,Camera 1,No Match,0.0,0.0,StandardMotorcycleSnatch,,,outputs\forensic_thumbnails/thumb_EVT-SIG-489475CB.jpg,outputs/forensic_clips/event_EVT-SIG-489475CB.avi
EVT-SIG-A30EDF07,1.mp4,INT-0001,FUSED-INT-0001,SIG-A30EDF07,44,44,0.033,-1,-1,Camera 1,No Match,0.0,0.0,StandardMotorcycleSnatch,,,outputs\forensic_thumbnails/thumb_EVT-SIG-A30EDF07.jpg,outputs/forensic_clips/event_EVT-SIG-A30EDF07.avi
EVT-SIG-6C677B5A,1.mp4,INT-0002,FUSED-INT-0002,SIG-6C677B5A,311,311,0.033,-1,-1,Camera 1,No Match,0.0,0.0,StandardMotorcycleSnatch,,,outputs\forensic_thumbnails/thumb_EVT-SIG-6C677B5A.jpg,outputs/forensic_clips/event_EVT-SIG-6C677B5A.avi
EVT-SIG-4D29F636,1.mp4,INT-0001,FUSED-INT-0001,SIG-4D29F636,44,44,0.033,-1,-1,Camera 1,No Match,0.0,0.0,StandardMotorcycleSnatch,,,outputs\forensic_thumbnails/thumb_EVT-SIG-4D29F636.jpg,outputs/forensic_clips/event_EVT-SIG-4D29F636.avi
EVT-SIG-5C52E66B,1.mp4,INT-0002,FUSED-INT-0002,SIG-5C52E66B,311,311,0.033,-1,-1,Camera 1,No Match,0.0,0.0,StandardMotorcycleSnatch,,,outputs\forensic_thumbnails/thumb_EVT-SIG-5C52E66B.jpg,outputs/forensic_clips/event_EVT-SIG-5C52E66B.avi
EVT-SIG-914D823A,1.mp4,INT-0001,FUSED-INT-0001,SIG-914D823A,44,44,0.033,-1,-1,Camera 1,No Match,0.0,0.0,StandardMotorcycleSnatch,,,outputs\forensic_thumbnails/thumb_EVT-SIG-914D823A.jpg,outputs/forensic_clips/event_EVT-SIG-914D823A.avi
EVT-SIG-398DA2CE,1.mp4,INT-0002,FUSED-INT-0002,SIG-398DA2CE,311,311,0.033,-1,-1,Camera 1,No Match,0.0,0.0,StandardMotorcycleSnatch,,,outputs\forensic_thumbnails/thumb_EVT-SIG-398DA2CE.jpg,outputs/forensic_clips/event_EVT-SIG-398DA2CE.avi
EVT-SIG-C4A9D10F,1.mp4,INT-0001,FUSED-INT-0001,SIG-C4A9D10F,44,44,0.033,-1,-1,Camera 1,No Match,0.0,0.0,StandardMotorcycleSnatch,,,outputs\forensic_thumbnails/thumb_EVT-SIG-C4A9D10F.jpg,outputs/forensic_clips/event_EVT-SIG-C4A9D10F.avi
EVT-SIG-386DD33D,1.mp4,INT-0002,FUSED-INT-0002,SIG-386DD33D,311,311,0.033,-1,-1,Camera 1,No Match,0.0,0.0,StandardMotorcycleSnatch,,,outputs\forensic_thumbnails/thumb_EVT-SIG-386DD33D.jpg,outputs/forensic_clips/event_EVT-SIG-386DD33D.avi
EVT-SIG-C7FF7772,1.mp4,INT-0001,FUSED-INT-0001,SIG-C7FF7772,44,44,0.033,-1,-1,Camera 1,No Match,0.0,0.0,StandardMotorcycleSnatch,,,outputs\forensic_thumbnails/thumb_EVT-SIG-C7FF7772.jpg,outputs/forensic_clips/event_EVT-SIG-C7FF7772.avi
EVT-SIG-AF44D13D,1.mp4,INT-0002,FUSED-INT-0002,SIG-AF44D13D,311,311,0.033,-1,-1,Camera 1,No Match,0.0,0.0,StandardMotorcycleSnatch,,,outputs\forensic_thumbnails/thumb_EVT-SIG-AF44D13D.jpg,outputs/forensic_clips/event_EVT-SIG-AF44D13D.avi
EVT-SIG-252E053C,1.mp4,INT-0001,FUSED-INT-0001,SIG-252E053C,44,44,0.033,-1,-1,Camera 1,No Match,0.0,0.0,StandardMotorcycleSnatch,,,outputs\forensic_thumbnails/thumb_EVT-SIG-252E053C.jpg,outputs/forensic_clips/event_EVT-SIG-252E053C.avi
EVT-SIG-323A255D,1.mp4,INT-0002,FUSED-INT-0002,SIG-323A255D,311,311,0.033,-1,-1,Camera 1,No Match,0.0,0.0,StandardMotorcycleSnatch,,,outputs\forensic_thumbnails/thumb_EVT-SIG-323A255D.jpg,outputs/forensic_clips/event_EVT-SIG-323A255D.avi
EVT-SIG-2F8D4227,1.mp4,INT-0001,FUSED-INT-0001,SIG-2F8D4227,44,44,0.033,-1,-1,Camera 1,No Match,0.0,0.0,StandardMotorcycleSnatch,,,outputs\forensic_thumbnails/thumb_EVT-SIG-2F8D4227.jpg,outputs/forensic_clips/event_EVT-SIG-2F8D4227.avi
EVT-SIG-54133241,1.mp4,INT-0002,FUSED-INT-0002,SIG-54133241,311,311,0.033,-1,-1,Camera 1,No Match,0.0,0.0,StandardMotorcycleSnatch,,,outputs\forensic_thumbnails/thumb_EVT-SIG-54133241.jpg,outputs/forensic_clips/event_EVT-SIG-54133241.avi
EVT-SIG-754669DF,1.mp4,INT-0001,FUSED-INT-0001,SIG-754669DF,44,44,0.033,-1,-1,Camera 1,No Match,0.0,0.0,StandardMotorcycleSnatch,,,outputs\forensic_thumbnails/thumb_EVT-SIG-754669DF.jpg,outputs/forensic_clips/event_EVT-SIG-754669DF.avi
EVT-SIG-7E728185,1.mp4,INT-0002,FUSED-INT-0002,SIG-7E728185,311,311,0.033,-1,-1,Camera 1,No Match,0.0,0.0,StandardMotorcycleSnatch,,,outputs\forensic_thumbnails/thumb_EVT-SIG-7E728185.jpg,outputs/forensic_clips/event_EVT-SIG-7E728185.avi
EVT-SIG-CA19C874,1.mp4,INT-0001,FUSED-INT-0001,SIG-CA19C874,44,44,0.033,-1,-1,Camera 1,No Match,0.0,0.0,StandardMotorcycleSnatch,,,outputs\forensic_thumbnails/thumb_EVT-SIG-CA19C874.jpg,outputs/forensic_clips/event_EVT-SIG-CA19C874.avi
EVT-SIG-E6E505A5,1.mp4,INT-0002,FUSED-INT-0002,SIG-E6E505A5,311,311,0.033,-1,-1,Camera 1,No Match,0.0,0.0,StandardMotorcycleSnatch,,,outputs\forensic_thumbnails/thumb_EVT-SIG-E6E505A5.jpg,outputs/forensic_clips/event_EVT-SIG-E6E505A5.avi
EVT-SIG-80684907,1.mp4,INT-0001,FUSED-INT-0001,SIG-80684907,44,44,0.033,-1,-1,Camera 1,No Match,0.0,0.0,StandardMotorcycleSnatch,,,outputs\forensic_thumbnails/thumb_EVT-SIG-80684907.jpg,outputs/forensic_clips/event_EVT-SIG-80684907.avi
EVT-SIG-AB79739C,1.mp4,INT-0002,FUSED-INT-0002,SIG-AB79739C,311,311,0.033,-1,-1,Camera 1,No Match,0.0,0.0,StandardMotorcycleSnatch,,,outputs\forensic_thumbnails/thumb_EVT-SIG-AB79739C.jpg,outputs/forensic_clips/event_EVT-SIG-AB79739C.avi
EVT-SIG-788F2ECA,1.mp4,INT-0001,FUSED-INT-0001,SIG-788F2ECA,44,44,0.033,-1,-1,Camera 1,No Match,0.0,0.0,StandardMotorcycleSnatch,,,outputs\forensic_thumbnails/thumb_EVT-SIG-788F2ECA.jpg,outputs/forensic_clips/event_EVT-SIG-788F2ECA.avi
EVT-SIG-C3AF5B98,1.mp4,INT-0002,FUSED-INT-0002,SIG-C3AF5B98,311,311,0.033,-1,-1,Camera 1,No Match,0.0,0.0,StandardMotorcycleSnatch,,,outputs\forensic_thumbnails/thumb_EVT-SIG-C3AF5B98.jpg,outputs/forensic_clips/event_EVT-SIG-C3AF5B98.avi
EVT-SIG-7E500643,1.mp4,INT-0001,FUSED-INT-0001,SIG-7E500643,44,44,0.033,-1,-1,Camera 1,No Match,0.0,0.0,StandardMotorcycleSnatch,,,outputs\forensic_thumbnails/thumb_EVT-SIG-7E500643.jpg,outputs/forensic_clips/event_EVT-SIG-7E500643.avi
EVT-SIG-FEFDD912,1.mp4,INT-0002,FUSED-INT-0002,SIG-FEFDD912,311,311,0.033,-1,-1,Camera 1,No Match,0.0,0.0,StandardMotorcycleSnatch,,,outputs\forensic_thumbnails/thumb_EVT-SIG-FEFDD912.jpg,outputs/forensic_clips/event_EVT-SIG-FEFDD912.avi
EVT-SIG-61D35341,1.mp4,INT-0001,FUSED-INT-0001,SIG-61D35341,44,44,0.033,-1,-1,Camera 1,No Match,0.0,0.0,StandardMotorcycleSnatch,,,outputs\forensic_thumbnails/thumb_EVT-SIG-61D35341.jpg,outputs/forensic_clips/event_EVT-SIG-61D35341.avi
EVT-SIG-AE7F8303,1.mp4,INT-0002,FUSED-INT-0002,SIG-AE7F8303,311,311,0.033,-1,-1,Camera 1,No Match,0.0,0.0,StandardMotorcycleSnatch,,,outputs\forensic_thumbnails/thumb_EVT-SIG-AE7F8303.jpg,outputs/forensic_clips/event_EVT-SIG-AE7F8303.avi
EVT-SIG-D3057FB9,1.mp4,INT-0001,FUSED-INT-0001,SIG-D3057FB9,44,44,0.033,-1,-1,Camera 1,No Match,0.0,0.0,StandardMotorcycleSnatch,,,outputs\forensic_thumbnails/thumb_EVT-SIG-D3057FB9.jpg,outputs/forensic_clips/event_EVT-SIG-D3057FB9.avi
EVT-SIG-0899146A,1.mp4,INT-0002,FUSED-INT-0002,SIG-0899146A,311,311,0.033,-1,-1,Camera 1,No Match,0.0,0.0,StandardMotorcycleSnatch,,,outputs\forensic_thumbnails/thumb_EVT-SIG-0899146A.jpg,outputs/forensic_clips/event_EVT-SIG-0899146A.avi
EVT-SIG-BC9A5753,1.mp4,INT-0001,FUSED-INT-0001,SIG-BC9A5753,44,44,0.033,-1,-1,Camera 1,No Match,0.0,0.0,StandardMotorcycleSnatch,,,outputs\forensic_thumbnails/thumb_EVT-SIG-BC9A5753.jpg,outputs/forensic_clips/event_EVT-SIG-BC9A5753.avi
EVT-SIG-FAED2716,1.mp4,INT-0002,FUSED-INT-0002,SIG-FAED2716,311,311,0.033,-1,-1,Camera 1,No Match,0.0,0.0,StandardMotorcycleSnatch,,,outputs\forensic_thumbnails/thumb_EVT-SIG-FAED2716.jpg,outputs/forensic_clips/event_EVT-SIG-FAED2716.avi
EVT-SIG-623A571E,1.mp4,INT-0001,FUSED-INT-0001,SIG-623A571E,44,44,0.033,-1,-1,Camera 1,No Match,0.0,0.0,StandardMotorcycleSnatch,,,outputs\forensic_thumbnails/thumb_EVT-SIG-623A571E.jpg,outputs/forensic_clips/event_EVT-SIG-623A571E.avi
EVT-SIG-94DB9C57,1.mp4,INT-0002,FUSED-INT-0002,SIG-94DB9C57,311,311,0.033,-1,-1,Camera 1,No Match,0.0,0.0,StandardMotorcycleSnatch,,,outputs\forensic_thumbnails/thumb_EVT-SIG-94DB9C57.jpg,outputs/forensic_clips/event_EVT-SIG-94DB9C57.avi
EVT-SIG-D0199AF4,1.mp4,INT-0001,FUSED-INT-0001,SIG-D0199AF4,44,44,0.033,-1,-1,Camera 1,No Match,0.0,0.0,StandardMotorcycleSnatch,,,outputs\forensic_thumbnails/thumb_EVT-SIG-D0199AF4.jpg,outputs/forensic_clips/event_EVT-SIG-D0199AF4.avi
EVT-SIG-F1B19B5A,1.mp4,INT-0002,FUSED-INT-0002,SIG-F1B19B5A,311,311,0.033,-1,-1,Camera 1,No Match,0.0,0.0,StandardMotorcycleSnatch,,,outputs\forensic_thumbnails/thumb_EVT-SIG-F1B19B5A.jpg,outputs/forensic_clips/event_EVT-SIG-F1B19B5A.avi
EVT-SIG-B072C24C,1.mp4,INT-0001,FUSED-INT-0001,SIG-B072C24C,44,44,0.033,-1,-1,Camera 1,No Match,0.0,0.0,StandardMotorcycleSnatch,,,outputs\forensic_thumbnails/thumb_EVT-SIG-B072C24C.jpg,outputs/forensic_clips/event_EVT-SIG-B072C24C.avi
EVT-SIG-81E2F13E,1.mp4,INT-0002,FUSED-INT-0002,SIG-81E2F13E,311,311,0.033,-1,-1,Camera 1,No Match,0.0,0.0,StandardMotorcycleSnatch,,,outputs\forensic_thumbnails/thumb_EVT-SIG-81E2F13E.jpg,outputs/forensic_clips/event_EVT-SIG-81E2F13E.avi
EVT-SIG-BDBDF730,1.mp4,INT-0001,FUSED-INT-0001,SIG-BDBDF730,44,44,0.033,-1,-1,Camera 1,No Match,0.0,0.0,StandardMotorcycleSnatch,,,outputs\forensic_thumbnails/thumb_EVT-SIG-BDBDF730.jpg,outputs/forensic_clips/event_EVT-SIG-BDBDF730.avi
EVT-SIG-E5709EE7,1.mp4,INT-0002,FUSED-INT-0002,SIG-E5709EE7,311,311,0.033,-1,-1,Camera 1,No Match,0.0,0.0,StandardMotorcycleSnatch,,,outputs\forensic_thumbnails/thumb_EVT-SIG-E5709EE7.jpg,outputs/forensic_clips/event_EVT-SIG-E5709EE7.avi
EVT-SIG-7CB2890F,1.mp4,INT-0001,FUSED-INT-0001,SIG-7CB2890F,44,44,0.033,-1,-1,Camera 1,No Match,0.0,0.0,StandardMotorcycleSnatch,,,outputs\forensic_thumbnails/thumb_EVT-SIG-7CB2890F.jpg,outputs/forensic_clips/event_EVT-SIG-7CB2890F.avi
EVT-SIG-71EE5486,1.mp4,INT-0002,FUSED-INT-0002,SIG-71EE5486,311,311,0.033,-1,-1,Camera 1,No Match,0.0,0.0,StandardMotorcycleSnatch,,,outputs\forensic_thumbnails/thumb_EVT-SIG-71EE5486.jpg,outputs/forensic_clips/event_EVT-SIG-71EE5486.avi
EVT-SIG-C623CC8B,1.mp4,INT-0001,FUSED-INT-0001,SIG-C623CC8B,44,44,0.033,-1,-1,Camera 1,No Match,0.0,0.0,StandardMotorcycleSnatch,,,outputs\forensic_thumbnails/thumb_EVT-SIG-C623CC8B.jpg,outputs/forensic_clips/event_EVT-SIG-C623CC8B.avi
EVT-SIG-11C856E7,1.mp4,INT-0002,FUSED-INT-0002,SIG-11C856E7,311,311,0.033,-1,-1,Camera 1,No Match,0.0,0.0,StandardMotorcycleSnatch,,,outputs\forensic_thumbnails/thumb_EVT-SIG-11C856E7.jpg,outputs/forensic_clips/event_EVT-SIG-11C856E7.avi
EVT-SIG-BDF60586,1.mp4,INT-0001,FUSED-INT-0001,SIG-BDF60586,44,44,0.033,-1,-1,Camera 1,No Match,0.0,0.0,StandardMotorcycleSnatch,,,outputs\forensic_thumbnails/thumb_EVT-SIG-BDF60586.jpg,outputs/forensic_clips/event_EVT-SIG-BDF60586.avi
EVT-SIG-75B4279B,1.mp4,INT-0002,FUSED-INT-0002,SIG-75B4279B,311,311,0.033,-1,-1,Camera 1,No Match,0.0,0.0,StandardMotorcycleSnatch,,,outputs\forensic_thumbnails/thumb_EVT-SIG-75B4279B.jpg,outputs/forensic_clips/event_EVT-SIG-75B4279B.avi
EVT-SIG-19E5A6EE,1.mp4,INT-0001,FUSED-INT-0001,SIG-19E5A6EE,44,44,0.033,-1,-1,Camera 1,No Match,0.0,0.0,StandardMotorcycleSnatch,,,outputs\forensic_thumbnails/thumb_EVT-SIG-19E5A6EE.jpg,outputs/forensic_clips/event_EVT-SIG-19E5A6EE.avi
EVT-SIG-B82DDDAB,1.mp4,INT-0002,FUSED-INT-0002,SIG-B82DDDAB,311,311,0.033,-1,-1,Camera 1,No Match,0.0,0.0,StandardMotorcycleSnatch,,,outputs\forensic_thumbnails/thumb_EVT-SIG-B82DDDAB.jpg,outputs/forensic_clips/event_EVT-SIG-B82DDDAB.avi
EVT-SIG-23C7690B,1.mp4,INT-0001,FUSED-INT-0001,SIG-23C7690B,44,44,0.033,-1,-1,Camera 1,No Match,0.0,0.0,StandardMotorcycleSnatch,,,outputs\forensic_thumbnails/thumb_EVT-SIG-23C7690B.jpg,outputs/forensic_clips/event_EVT-SIG-23C7690B.avi
EVT-SIG-349E456E,1.mp4,INT-0002,FUSED-INT-0002,SIG-349E456E,311,311,0.033,-1,-1,Camera 1,No Match,0.0,0.0,StandardMotorcycleSnatch,,,outputs\forensic_thumbnails/thumb_EVT-SIG-349E456E.jpg,outputs/forensic_clips/event_EVT-SIG-349E456E.avi
EVT-SIG-42BAFEC7,1.mp4,INT-0001,FUSED-INT-0001,SIG-42BAFEC7,44,44,0.033,-1,-1,Camera 1,No Match,0.0,0.0,StandardMotorcycleSnatch,,,outputs\forensic_thumbnails/thumb_EVT-SIG-42BAFEC7.jpg,outputs/forensic_clips/event_EVT-SIG-42BAFEC7.avi
EVT-SIG-372E4374,1.mp4,INT-0002,FUSED-INT-0002,SIG-372E4374,311,311,0.033,-1,-1,Camera 1,No Match,0.0,0.0,StandardMotorcycleSnatch,,,outputs\forensic_thumbnails/thumb_EVT-SIG-372E4374.jpg,outputs/forensic_clips/event_EVT-SIG-372E4374.avi
EVT-SIG-36657C64,1.mp4,INT-0001,FUSED-INT-0001,SIG-36657C64,44,44,0.033,-1,-1,Camera 1,No Match,0.0,0.0,StandardMotorcycleSnatch,,,outputs\forensic_thumbnails/thumb_EVT-SIG-36657C64.jpg,outputs/forensic_clips/event_EVT-SIG-36657C64.avi
EVT-SIG-65BEC0A7,1.mp4,INT-0002,FUSED-INT-0002,SIG-65BEC0A7,311,311,0.033,-1,-1,Camera 1,No Match,0.0,0.0,StandardMotorcycleSnatch,,,outputs\forensic_thumbnails/thumb_EVT-SIG-65BEC0A7.jpg,outputs/forensic_clips/event_EVT-SIG-65BEC0A7.avi
EVT-SIG-A86222AA,1.mp4,INT-0001,FUSED-INT-0001,SIG-A86222AA,44,44,0.033,-1,-1,Camera 1,No Match,0.0,0.0,StandardMotorcycleSnatch,,,outputs\forensic_thumbnails/thumb_EVT-SIG-A86222AA.jpg,outputs/forensic_clips/event_EVT-SIG-A86222AA.avi
EVT-SIG-2879BD13,1.mp4,INT-0002,FUSED-INT-0002,SIG-2879BD13,311,311,0.033,-1,-1,Camera 1,No Match,0.0,0.0,StandardMotorcycleSnatch,,,outputs\forensic_thumbnails/thumb_EVT-SIG-2879BD13.jpg,outputs/forensic_clips/event_EVT-SIG-2879BD13.avi
EVT-SIG-1B3E27BB,1.mp4,INT-0001,FUSED-INT-0001,SIG-1B3E27BB,44,44,0.033,-1,-1,Camera 1,No Match,0.0,0.0,StandardMotorcycleSnatch,,,outputs\forensic_thumbnails/thumb_EVT-SIG-1B3E27BB.jpg,outputs/forensic_clips/event_EVT-SIG-1B3E27BB.avi
EVT-SIG-6A257648,1.mp4,INT-0002,FUSED-INT-0002,SIG-6A257648,311,311,0.033,-1,-1,Camera 1,No Match,0.0,0.0,StandardMotorcycleSnatch,,,outputs\forensic_thumbnails/thumb_EVT-SIG-6A257648.jpg,outputs/forensic_clips/event_EVT-SIG-6A257648.avi
EVT-SIG-6D86F459,1.mp4,INT-0001,FUSED-INT-0001,SIG-6D86F459,44,44,0.033,-1,-1,Camera 1,No Match,0.0,0.0,StandardMotorcycleSnatch,,,outputs\forensic_thumbnails/thumb_EVT-SIG-6D86F459.jpg,outputs/forensic_clips/event_EVT-SIG-6D86F459.avi
EVT-SIG-35CE9FC5,1.mp4,INT-0002,FUSED-INT-0002,SIG-35CE9FC5,311,311,0.033,-1,-1,Camera 1,No Match,0.0,0.0,StandardMotorcycleSnatch,,,outputs\forensic_thumbnails/thumb_EVT-SIG-35CE9FC5.jpg,outputs/forensic_clips/event_EVT-SIG-35CE9FC5.avi
EVT-SIG-4DEB707A,1.mp4,INT-0001,FUSED-INT-0001,SIG-4DEB707A,44,44,0.033,-1,-1,Camera 1,No Match,0.0,0.0,StandardMotorcycleSnatch,,,outputs\forensic_thumbnails/thumb_EVT-SIG-4DEB707A.jpg,outputs/forensic_clips/event_EVT-SIG-4DEB707A.avi
EVT-SIG-AE7C301B,1.mp4,INT-0002,FUSED-INT-0002,SIG-AE7C301B,311,311,0.033,-1,-1,Camera 1,No Match,0.0,0.0,StandardMotorcycleSnatch,,,outputs\forensic_thumbnails/thumb_EVT-SIG-AE7C301B.jpg,outputs/forensic_clips/event_EVT-SIG-AE7C301B.avi
EVT-SIG-002A684B,1.mp4,INT-0001,FUSED-INT-0001,SIG-002A684B,44,44,0.033,-1,-1,Camera 1,No Match,0.0,0.0,StandardMotorcycleSnatch,,,outputs\forensic_thumbnails/thumb_EVT-SIG-002A684B.jpg,outputs/forensic_clips/event_EVT-SIG-002A684B.avi
EVT-SIG-39C63FD9,1.mp4,INT-0002,FUSED-INT-0002,SIG-39C63FD9,311,311,0.033,-1,-1,Camera 1,No Match,0.0,0.0,StandardMotorcycleSnatch,,,outputs\forensic_thumbnails/thumb_EVT-SIG-39C63FD9.jpg,outputs/forensic_clips/event_EVT-SIG-39C63FD9.avi
EVT-SIG-A0DDF56D,1.mp4,INT-0001,FUSED-INT-0001,SIG-A0DDF56D,44,44,0.033,-1,-1,Camera 1,No Match,0.0,0.0,StandardMotorcycleSnatch,,,outputs\forensic_thumbnails/thumb_EVT-SIG-A0DDF56D.jpg,outputs/forensic_clips/event_EVT-SIG-A0DDF56D.avi
EVT-SIG-76712F65,1.mp4,INT-0002,FUSED-INT-0002,SIG-76712F65,311,311,0.033,-1,-1,Camera 1,No Match,0.0,0.0,StandardMotorcycleSnatch,,,outputs\forensic_thumbnails/thumb_EVT-SIG-76712F65.jpg,outputs/forensic_clips/event_EVT-SIG-76712F65.avi
EVT-SIG-1E0F1DEA,1.mp4,INT-0001,FUSED-INT-0001,SIG-1E0F1DEA,44,44,0.033,-1,-1,Camera 1,No Match,0.0,0.0,StandardMotorcycleSnatch,,,outputs\forensic_thumbnails/thumb_EVT-SIG-1E0F1DEA.jpg,outputs/forensic_clips/event_EVT-SIG-1E0F1DEA.avi
EVT-SIG-6B173AC7,1.mp4,INT-0002,FUSED-INT-0002,SIG-6B173AC7,311,311,0.033,-1,-1,Camera 1,No Match,0.0,0.0,StandardMotorcycleSnatch,,,outputs\forensic_thumbnails/thumb_EVT-SIG-6B173AC7.jpg,outputs/forensic_clips/event_EVT-SIG-6B173AC7.avi
EVT-SIG-DE310E63,1.mp4,INT-0001,FUSED-INT-0001,SIG-DE310E63,44,44,0.033,-1,-1,Camera 1,No Match,0.0,0.0,StandardMotorcycleSnatch,,,outputs\forensic_thumbnails/thumb_EVT-SIG-DE310E63.jpg,outputs/forensic_clips/event_EVT-SIG-DE310E63.avi
EVT-SIG-0C9B7B9C,1.mp4,INT-0002,FUSED-INT-0002,SIG-0C9B7B9C,311,311,0.033,-1,-1,Camera 1,No Match,0.0,0.0,StandardMotorcycleSnatch,,,outputs\forensic_thumbnails/thumb_EVT-SIG-0C9B7B9C.jpg,outputs/forensic_clips/event_EVT-SIG-0C9B7B9C.avi
EVT-SIG-250AA3E9,1.mp4,INT-0001,FUSED-INT-0001,SIG-250AA3E9,44,44,0.033,-1,-1,Camera 1,No Match,0.0,0.0,StandardMotorcycleSnatch,,,outputs\forensic_thumbnails/thumb_EVT-SIG-250AA3E9.jpg,outputs/forensic_clips/event_EVT-SIG-250AA3E9.avi
EVT-SIG-880CA0B4,1.mp4,INT-0002,FUSED-INT-0002,SIG-880CA0B4,311,311,0.033,-1,-1,Camera 1,No Match,0.0,0.0,StandardMotorcycleSnatch,,,outputs\forensic_thumbnails/thumb_EVT-SIG-880CA0B4.jpg,outputs/forensic_clips/event_EVT-SIG-880CA0B4.avi
EVT-SIG-8ADEC315,1.mp4,INT-0001,FUSED-INT-0001,SIG-8ADEC315,44,44,0.033,-1,-1,Camera 1,No Match,0.0,0.0,StandardMotorcycleSnatch,,,outputs\forensic_thumbnails/thumb_EVT-SIG-8ADEC315.jpg,outputs/forensic_clips/event_EVT-SIG-8ADEC315.avi
EVT-SIG-317270E8,1.mp4,INT-0002,FUSED-INT-0002,SIG-317270E8,311,311,0.033,-1,-1,Camera 1,No Match,0.0,0.0,StandardMotorcycleSnatch,,,outputs\forensic_thumbnails/thumb_EVT-SIG-317270E8.jpg,outputs/forensic_clips/event_EVT-SIG-317270E8.avi
EVT-SIG-59E19EB6,1.mp4,INT-0001,FUSED-INT-0001,SIG-59E19EB6,44,44,0.033,-1,-1,Camera 1,No Match,0.0,0.0,StandardMotorcycleSnatch,,,outputs\forensic_thumbnails/thumb_EVT-SIG-59E19EB6.jpg,outputs/forensic_clips/event_EVT-SIG-59E19EB6.avi
EVT-SIG-A9ED3C4B,1.mp4,INT-0002,FUSED-INT-0002,SIG-A9ED3C4B,311,311,0.033,-1,-1,Camera 1,No Match,0.0,0.0,StandardMotorcycleSnatch,,,outputs\forensic_thumbnails/thumb_EVT-SIG-A9ED3C4B.jpg,outputs/forensic_clips/event_EVT-SIG-A9ED3C4B.avi
EVT-SIG-78530891,1.mp4,INT-0001,FUSED-INT-0001,SIG-78530891,44,44,0.033,-1,-1,Camera 1,No Match,0.0,0.0,StandardMotorcycleSnatch,,,outputs\forensic_thumbnails/thumb_EVT-SIG-78530891.jpg,outputs/forensic_clips/event_EVT-SIG-78530891.avi
EVT-SIG-3509E885,1.mp4,INT-0002,FUSED-INT-0002,SIG-3509E885,311,311,0.033,-1,-1,Camera 1,No Match,0.0,0.0,StandardMotorcycleSnatch,,,outputs\forensic_thumbnails/thumb_EVT-SIG-3509E885.jpg,outputs/forensic_clips/event_EVT-SIG-3509E885.avi
EVT-SIG-B10F639B,1.mp4,INT-0001,FUSED-INT-0001,SIG-B10F639B,44,44,0.033,-1,-1,Camera 1,No Match,0.0,0.0,StandardMotorcycleSnatch,,,outputs\forensic_thumbnails/thumb_EVT-SIG-B10F639B.jpg,outputs/forensic_clips/event_EVT-SIG-B10F639B.avi
EVT-SIG-1014AB16,1.mp4,INT-0002,FUSED-INT-0002,SIG-1014AB16,311,311,0.033,-1,-1,Camera 1,No Match,0.0,0.0,StandardMotorcycleSnatch,,,outputs\forensic_thumbnails/thumb_EVT-SIG-1014AB16.jpg,outputs/forensic_clips/event_EVT-SIG-1014AB16.avi
EVT-SIG-7C659514,1.mp4,INT-0001,FUSED-INT-0001,SIG-7C659514,44,44,0.033,-1,-1,Camera 1,No Match,0.0,0.0,StandardMotorcycleSnatch,,,outputs\forensic_thumbnails/thumb_EVT-SIG-7C659514.jpg,outputs/forensic_clips/event_EVT-SIG-7C659514.avi
EVT-SIG-F7CB6053,1.mp4,INT-0002,FUSED-INT-0002,SIG-F7CB6053,311,311,0.033,-1,-1,Camera 1,No Match,0.0,0.0,StandardMotorcycleSnatch,,,outputs\forensic_thumbnails/thumb_EVT-SIG-F7CB6053.jpg,outputs/forensic_clips/event_EVT-SIG-F7CB6053.avi
EVT-SIG-251303A2,1.mp4,INT-0001,FUSED-INT-0001,SIG-251303A2,44,44,0.033,-1,-1,Camera 1,No Match,0.0,0.0,StandardMotorcycleSnatch,,,outputs\forensic_thumbnails/thumb_EVT-SIG-251303A2.jpg,outputs/forensic_clips/event_EVT-SIG-251303A2.avi
EVT-SIG-75F7496E,1.mp4,INT-0002,FUSED-INT-0002,SIG-75F7496E,311,311,0.033,-1,-1,Camera 1,No Match,0.0,0.0,StandardMotorcycleSnatch,,,outputs\forensic_thumbnails/thumb_EVT-SIG-75F7496E.jpg,outputs/forensic_clips/event_EVT-SIG-75F7496E.avi
EVT-SIG-D13911E2,1.mp4,INT-0001,FUSED-INT-0001,SIG-D13911E2,44,44,0.033,-1,-1,Camera 1,No Match,0.0,0.0,StandardMotorcycleSnatch,,,outputs\forensic_thumbnails/thumb_EVT-SIG-D13911E2.jpg,outputs/forensic_clips/event_EVT-SIG-D13911E2.avi
EVT-SIG-943C377C,1.mp4,INT-0002,FUSED-INT-0002,SIG-943C377C,311,311,0.033,-1,-1,Camera 1,No Match,0.0,0.0,StandardMotorcycleSnatch,,,outputs\forensic_thumbnails/thumb_EVT-SIG-943C377C.jpg,outputs/forensic_clips/event_EVT-SIG-943C377C.avi
EVT-SIG-F5322E4F,1.mp4,INT-0001,FUSED-INT-0001,SIG-F5322E4F,44,44,0.033,-1,-1,Camera 1,No Match,0.0,0.0,StandardMotorcycleSnatch,,,outputs\forensic_thumbnails/thumb_EVT-SIG-F5322E4F.jpg,outputs/forensic_clips/event_EVT-SIG-F5322E4F.avi
EVT-SIG-AD492A67,1.mp4,INT-0002,FUSED-INT-0002,SIG-AD492A67,311,311,0.033,-1,-1,Camera 1,No Match,0.0,0.0,StandardMotorcycleSnatch,,,outputs\forensic_thumbnails/thumb_EVT-SIG-AD492A67.jpg,outputs/forensic_clips/event_EVT-SIG-AD492A67.avi
EVT-SIG-30E42FC1,1.mp4,INT-0001,FUSED-INT-0001,SIG-30E42FC1,44,44,0.033,-1,-1,Camera 1,No Match,0.0,0.0,StandardMotorcycleSnatch,,,outputs\forensic_thumbnails/thumb_EVT-SIG-30E42FC1.jpg,outputs/forensic_clips/event_EVT-SIG-30E42FC1.avi
EVT-SIG-4583F05E,1.mp4,INT-0002,FUSED-INT-0002,SIG-4583F05E,311,311,0.033,-1,-1,Camera 1,No Match,0.0,0.0,StandardMotorcycleSnatch,,,outputs\forensic_thumbnails/thumb_EVT-SIG-4583F05E.jpg,outputs/forensic_clips/event_EVT-SIG-4583F05E.avi
EVT-SIG-B73E5247,1.mp4,INT-0001,FUSED-INT-0001,SIG-B73E5247,44,44,0.033,-1,-1,Camera 1,No Match,0.0,0.0,StandardMotorcycleSnatch,,,outputs\forensic_thumbnails/thumb_EVT-SIG-B73E5247.jpg,outputs/forensic_clips/event_EVT-SIG-B73E5247.avi
EVT-SIG-6D94F9A9,1.mp4,INT-0002,FUSED-INT-0002,SIG-6D94F9A9,311,311,0.033,-1,-1,Camera 1,No Match,0.0,0.0,StandardMotorcycleSnatch,,,outputs\forensic_thumbnails/thumb_EVT-SIG-6D94F9A9.jpg,outputs/forensic_clips/event_EVT-SIG-6D94F9A9.avi
EVT-SIG-EEB167E3,1.mp4,INT-0001,FUSED-INT-0001,SIG-EEB167E3,44,44,0.033,-1,-1,Camera 1,No Match,0.0,0.0,StandardMotorcycleSnatch,,,outputs\forensic_thumbnails/thumb_EVT-SIG-EEB167E3.jpg,outputs/forensic_clips/event_EVT-SIG-EEB167E3.avi
EVT-SIG-178E9CB3,1.mp4,INT-0002,FUSED-INT-0002,SIG-178E9CB3,311,311,0.033,-1,-1,Camera 1,No Match,0.0,0.0,StandardMotorcycleSnatch,,,outputs\forensic_thumbnails/thumb_EVT-SIG-178E9CB3.jpg,outputs/forensic_clips/event_EVT-SIG-178E9CB3.avi
EVT-SIG-40A3856B,1.mp4,INT-0001,FUSED-INT-0001,SIG-40A3856B,44,44,0.033,-1,-1,Camera 1,No Match,0.0,0.0,StandardMotorcycleSnatch,,,outputs\forensic_thumbnails/thumb_EVT-SIG-40A3856B.jpg,outputs/forensic_clips/event_EVT-SIG-40A3856B.avi
EVT-SIG-E4A390F9,1.mp4,INT-0002,FUSED-INT-0002,SIG-E4A390F9,311,311,0.033,-1,-1,Camera 1,No Match,0.0,0.0,StandardMotorcycleSnatch,,,outputs\forensic_thumbnails/thumb_EVT-SIG-E4A390F9.jpg,outputs/forensic_clips/event_EVT-SIG-E4A390F9.avi
EVT-SIG-07CEB39B,1.mp4,INT-0001,FUSED-INT-0001,SIG-07CEB39B,44,44,0.033,-1,-1,Camera 1,No Match,0.0,0.0,StandardMotorcycleSnatch,,,outputs\forensic_thumbnails/thumb_EVT-SIG-07CEB39B.jpg,outputs/forensic_clips/event_EVT-SIG-07CEB39B.avi
EVT-SIG-FC1792FF,1.mp4,INT-0002,FUSED-INT-0002,SIG-FC1792FF,311,311,0.033,-1,-1,Camera 1,No Match,0.0,0.0,StandardMotorcycleSnatch,,,outputs\forensic_thumbnails/thumb_EVT-SIG-FC1792FF.jpg,outputs/forensic_clips/event_EVT-SIG-FC1792FF.avi
EVT-SIG-24762BF2,1.mp4,INT-0001,FUSED-INT-0001,SIG-24762BF2,44,44,0.033,-1,-1,Camera 1,No Match,0.0,0.0,StandardMotorcycleSnatch,,,outputs\forensic_thumbnails/thumb_EVT-SIG-24762BF2.jpg,outputs/forensic_clips/event_EVT-SIG-24762BF2.avi
EVT-SIG-301286D7,1.mp4,INT-0002,FUSED-INT-0002,SIG-301286D7,311,311,0.033,-1,-1,Camera 1,No Match,0.0,0.0,StandardMotorcycleSnatch,,,outputs\forensic_thumbnails/thumb_EVT-SIG-301286D7.jpg,outputs/forensic_clips/event_EVT-SIG-301286D7.avi
EVT-SIG-0F25EFB6,1.mp4,INT-0001,FUSED-INT-0001,SIG-0F25EFB6,44,44,0.033,-1,-1,Camera 1,No Match,0.0,0.0,StandardMotorcycleSnatch,,,outputs\forensic_thumbnails/thumb_EVT-SIG-0F25EFB6.jpg,outputs/forensic_clips/event_EVT-SIG-0F25EFB6.avi
EVT-SIG-EF70BA99,1.mp4,INT-0002,FUSED-INT-0002,SIG-EF70BA99,311,311,0.033,-1,-1,Camera 1,No Match,0.0,0.0,StandardMotorcycleSnatch,,,outputs\forensic_thumbnails/thumb_EVT-SIG-EF70BA99.jpg,outputs/forensic_clips/event_EVT-SIG-EF70BA99.avi
EVT-SIG-F14905ED,1.mp4,INT-0001,FUSED-INT-0001,SIG-F14905ED,44,44,0.033,-1,-1,Camera 1,No Match,0.0,0.0,StandardMotorcycleSnatch,,,outputs\forensic_thumbnails/thumb_EVT-SIG-F14905ED.jpg,outputs/forensic_clips/event_EVT-SIG-F14905ED.avi
EVT-SIG-9CC87F66,1.mp4,INT-0002,FUSED-INT-0002,SIG-9CC87F66,311,311,0.033,-1,-1,Camera 1,No Match,0.0,0.0,StandardMotorcycleSnatch,,,outputs\forensic_thumbnails/thumb_EVT-SIG-9CC87F66.jpg,outputs/forensic_clips/event_EVT-SIG-9CC87F66.avi
EVT-SIG-B4D86A0D,1.mp4,INT-0001,FUSED-INT-0001,SIG-B4D86A0D,44,44,0.033,-1,-1,Camera 1,No Match,0.0,0.0,StandardMotorcycleSnatch,,,outputs\forensic_thumbnails/thumb_EVT-SIG-B4D86A0D.jpg,outputs/forensic_clips/event_EVT-SIG-B4D86A0D.avi
EVT-SIG-49CB2F74,1.mp4,INT-0002,FUSED-INT-0002,SIG-49CB2F74,311,311,0.033,-1,-1,Camera 1,No Match,0.0,0.0,StandardMotorcycleSnatch,,,outputs\forensic_thumbnails/thumb_EVT-SIG-49CB2F74.jpg,outputs/forensic_clips/event_EVT-SIG-49CB2F74.avi
EVT-SIG-28EFCC0E,1.mp4,INT-0001,FUSED-INT-0001,SIG-28EFCC0E,44,44,0.033,-1,-1,Camera 1,No Match,0.0,0.0,StandardMotorcycleSnatch,,,outputs\forensic_thumbnails/thumb_EVT-SIG-28EFCC0E.jpg,outputs/forensic_clips/event_EVT-SIG-28EFCC0E.avi
EVT-SIG-079A3E21,1.mp4,INT-0002,FUSED-INT-0002,SIG-079A3E21,311,311,0.033,-1,-1,Camera 1,No Match,0.0,0.0,StandardMotorcycleSnatch,,,outputs\forensic_thumbnails/thumb_EVT-SIG-079A3E21.jpg,outputs/forensic_clips/event_EVT-SIG-079A3E21.avi
EVT-SIG-FD28F71A,1.mp4,INT-0001,FUSED-INT-0001,SIG-FD28F71A,44,44,0.033,-1,-1,Camera 1,No Match,0.0,0.0,StandardMotorcycleSnatch,,,outputs\forensic_thumbnails/thumb_EVT-SIG-FD28F71A.jpg,outputs/forensic_clips/event_EVT-SIG-FD28F71A.avi
EVT-SIG-38BA4E6E,1.mp4,INT-0002,FUSED-INT-0002,SIG-38BA4E6E,311,311,0.033,-1,-1,Camera 1,No Match,0.0,0.0,StandardMotorcycleSnatch,,,outputs\forensic_thumbnails/thumb_EVT-SIG-38BA4E6E.jpg,outputs/forensic_clips/event_EVT-SIG-38BA4E6E.avi
EVT-SIG-B3C57429,1.mp4,INT-0001,FUSED-INT-0001,SIG-B3C57429,44,44,0.033,-1,-1,Camera 1,No Match,0.0,0.0,StandardMotorcycleSnatch,,,outputs\forensic_thumbnails/thumb_EVT-SIG-B3C57429.jpg,outputs/forensic_clips/event_EVT-SIG-B3C57429.avi
EVT-SIG-50FC900A,1.mp4,INT-0002,FUSED-INT-0002,SIG-50FC900A,311,311,0.033,-1,-1,Camera 1,No Match,0.0,0.0,StandardMotorcycleSnatch,,,outputs\forensic_thumbnails/thumb_EVT-SIG-50FC900A.jpg,outputs/forensic_clips/event_EVT-SIG-50FC900A.avi
EVT-SIG-7CBE2679,1.mp4,INT-0001,FUSED-INT-0001,SIG-7CBE2679,44,44,0.033,-1,-1,Camera 1,No Match,0.0,0.0,StandardMotorcycleSnatch,,,outputs\forensic_thumbnails/thumb_EVT-SIG-7CBE2679.jpg,outputs/forensic_clips/event_EVT-SIG-7CBE2679.avi
EVT-SIG-31799606,1.mp4,INT-0002,FUSED-INT-0002,SIG-31799606,311,311,0.033,-1,-1,Camera 1,No Match,0.0,0.0,StandardMotorcycleSnatch,,,outputs\forensic_thumbnails/thumb_EVT-SIG-31799606.jpg,outputs/forensic_clips/event_EVT-SIG-31799606.avi
EVT-SIG-9BCA0E1D,1.mp4,INT-0001,FUSED-INT-0001,SIG-9BCA0E1D,44,44,0.033,-1,-1,Camera 1,No Match,0.0,0.0,StandardMotorcycleSnatch,,,outputs\forensic_thumbnails/thumb_EVT-SIG-9BCA0E1D.jpg,outputs/forensic_clips/event_EVT-SIG-9BCA0E1D.avi
EVT-SIG-2BD4B3EA,1.mp4,INT-0002,FUSED-INT-0002,SIG-2BD4B3EA,311,311,0.033,-1,-1,Camera 1,No Match,0.0,0.0,StandardMotorcycleSnatch,,,outputs\forensic_thumbnails/thumb_EVT-SIG-2BD4B3EA.jpg,outputs/forensic_clips/event_EVT-SIG-2BD4B3EA.avi
EVT-SIG-BF939063,1.mp4,INT-0001,FUSED-INT-0001,SIG-BF939063,44,44,0.033,-1,-1,Camera 1,No Match,0.0,0.0,StandardMotorcycleSnatch,,,outputs\forensic_thumbnails/thumb_EVT-SIG-BF939063.jpg,outputs/forensic_clips/event_EVT-SIG-BF939063.avi
EVT-SIG-C634E239,1.mp4,INT-0002,FUSED-INT-0002,SIG-C634E239,311,311,0.033,-1,-1,Camera 1,No Match,0.0,0.0,StandardMotorcycleSnatch,,,outputs\forensic_thumbnails/thumb_EVT-SIG-C634E239.jpg,outputs/forensic_clips/event_EVT-SIG-C634E239.avi
EVT-SIG-D8B44772,1.mp4,INT-0001,FUSED-INT-0001,SIG-D8B44772,44,44,0.033,-1,-1,Camera 1,No Match,0.0,0.0,StandardMotorcycleSnatch,,,outputs\forensic_thumbnails/thumb_EVT-SIG-D8B44772.jpg,outputs/forensic_clips/event_EVT-SIG-D8B44772.avi
EVT-SIG-DEC3980A,1.mp4,INT-0002,FUSED-INT-0002,SIG-DEC3980A,311,311,0.033,-1,-1,Camera 1,No Match,0.0,0.0,StandardMotorcycleSnatch,,,outputs\forensic_thumbnails/thumb_EVT-SIG-DEC3980A.jpg,outputs/forensic_clips/event_EVT-SIG-DEC3980A.avi
EVT-SIG-2B6311B5,1.mp4,INT-0001,FUSED-INT-0001,SIG-2B6311B5,44,44,0.033,-1,-1,Camera 1,No Match,0.0,0.0,StandardMotorcycleSnatch,,,outputs\forensic_thumbnails/thumb_EVT-SIG-2B6311B5.jpg,outputs/forensic_clips/event_EVT-SIG-2B6311B5.avi
EVT-SIG-6A5F438C,1.mp4,INT-0002,FUSED-INT-0002,SIG-6A5F438C,311,311,0.033,-1,-1,Camera 1,No Match,0.0,0.0,StandardMotorcycleSnatch,,,outputs\forensic_thumbnails/thumb_EVT-SIG-6A5F438C.jpg,outputs/forensic_clips/event_EVT-SIG-6A5F438C.avi
EVT-SIG-EEE51914,1.mp4,INT-0001,FUSED-INT-0001,SIG-EEE51914,44,44,0.033,-1,-1,Camera 1,No Match,0.0,0.0,StandardMotorcycleSnatch,,,outputs\forensic_thumbnails/thumb_EVT-SIG-EEE51914.jpg,outputs/forensic_clips/event_EVT-SIG-EEE51914.avi
EVT-SIG-7708B4FE,1.mp4,INT-0002,FUSED-INT-0002,SIG-7708B4FE,311,311,0.033,-1,-1,Camera 1,No Match,0.0,0.0,StandardMotorcycleSnatch,,,outputs\forensic_thumbnails/thumb_EVT-SIG-7708B4FE.jpg,outputs/forensic_clips/event_EVT-SIG-7708B4FE.avi
EVT-SIG-07F0C2EB,1.mp4,INT-0001,FUSED-INT-0001,SIG-07F0C2EB,44,44,0.033,-1,-1,Camera 1,No Match,0.0,0.0,StandardMotorcycleSnatch,,,outputs\forensic_thumbnails/thumb_EVT-SIG-07F0C2EB.jpg,outputs/forensic_clips/event_EVT-SIG-07F0C2EB.avi
EVT-SIG-7731C0DB,1.mp4,INT-0002,FUSED-INT-0002,SIG-7731C0DB,311,311,0.033,-1,-1,Camera 1,No Match,0.0,0.0,StandardMotorcycleSnatch,,,outputs\forensic_thumbnails/thumb_EVT-SIG-7731C0DB.jpg,outputs/forensic_clips/event_EVT-SIG-7731C0DB.avi
EVT-SIG-518A3E64,1.mp4,INT-0001,FUSED-INT-0001,SIG-518A3E64,44,44,0.033,-1,-1,Camera 1,No Match,0.0,0.0,StandardMotorcycleSnatch,,,outputs\forensic_thumbnails/thumb_EVT-SIG-518A3E64.jpg,outputs/forensic_clips/event_EVT-SIG-518A3E64.avi
EVT-SIG-8A2D0CAF,1.mp4,INT-0002,FUSED-INT-0002,SIG-8A2D0CAF,311,311,0.033,-1,-1,Camera 1,No Match,0.0,0.0,StandardMotorcycleSnatch,,,outputs\forensic_thumbnails/thumb_EVT-SIG-8A2D0CAF.jpg,outputs/forensic_clips/event_EVT-SIG-8A2D0CAF.avi
EVT-SIG-F42D1AB0,1.mp4,INT-0001,FUSED-INT-0001,SIG-F42D1AB0,44,44,0.033,-1,-1,Camera 1,No Match,0.0,0.0,StandardMotorcycleSnatch,,,outputs\forensic_thumbnails/thumb_EVT-SIG-F42D1AB0.jpg,outputs/forensic_clips/event_EVT-SIG-F42D1AB0.avi
EVT-SIG-BDC4B1DA,1.mp4,INT-0002,FUSED-INT-0002,SIG-BDC4B1DA,311,311,0.033,-1,-1,Camera 1,No Match,0.0,0.0,StandardMotorcycleSnatch,,,outputs\forensic_thumbnails/thumb_EVT-SIG-BDC4B1DA.jpg,outputs/forensic_clips/event_EVT-SIG-BDC4B1DA.avi
EVT-SIG-2186841F,1.mp4,INT-0001,FUSED-INT-0001,SIG-2186841F,44,44,0.033,-1,-1,Camera 1,No Match,0.0,0.0,StandardMotorcycleSnatch,,,outputs\forensic_thumbnails/thumb_EVT-SIG-2186841F.jpg,outputs/forensic_clips/event_EVT-SIG-2186841F.avi
EVT-SIG-4BFDAB42,1.mp4,INT-0002,FUSED-INT-0002,SIG-4BFDAB42,311,311,0.033,-1,-1,Camera 1,No Match,0.0,0.0,StandardMotorcycleSnatch,,,outputs\forensic_thumbnails/thumb_EVT-SIG-4BFDAB42.jpg,outputs/forensic_clips/event_EVT-SIG-4BFDAB42.avi
EVT-SIG-1A55EBBD,1.mp4,INT-0001,FUSED-INT-0001,SIG-1A55EBBD,44,44,0.033,-1,-1,Camera 1,No Match,0.0,0.0,StandardMotorcycleSnatch,,,outputs\forensic_thumbnails/thumb_EVT-SIG-1A55EBBD.jpg,outputs/forensic_clips/event_EVT-SIG-1A55EBBD.avi
EVT-SIG-A50890DB,1.mp4,INT-0002,FUSED-INT-0002,SIG-A50890DB,311,311,0.033,-1,-1,Camera 1,No Match,0.0,0.0,StandardMotorcycleSnatch,,,outputs\forensic_thumbnails/thumb_EVT-SIG-A50890DB.jpg,outputs/forensic_clips/event_EVT-SIG-A50890DB.avi
EVT-SIG-C74F356D,1.mp4,INT-0001,FUSED-INT-0001,SIG-C74F356D,44,44,0.033,-1,-1,Camera 1,No Match,0.0,0.0,StandardMotorcycleSnatch,,,outputs\forensic_thumbnails/thumb_EVT-SIG-C74F356D.jpg,outputs/forensic_clips/event_EVT-SIG-C74F356D.avi
EVT-SIG-6D70BC15,1.mp4,INT-0002,FUSED-INT-0002,SIG-6D70BC15,311,311,0.033,-1,-1,Camera 1,No Match,0.0,0.0,StandardMotorcycleSnatch,,,outputs\forensic_thumbnails/thumb_EVT-SIG-6D70BC15.jpg,outputs/forensic_clips/event_EVT-SIG-6D70BC15.avi
EVT-SIG-522A608D,1.mp4,INT-0001,FUSED-INT-0001,SIG-522A608D,44,44,0.033,-1,-1,Camera 1,No Match,0.0,0.0,StandardMotorcycleSnatch,,,outputs\forensic_thumbnails/thumb_EVT-SIG-522A608D.jpg,outputs/forensic_clips/event_EVT-SIG-522A608D.avi
EVT-SIG-514EE1D0,1.mp4,INT-0002,FUSED-INT-0002,SIG-514EE1D0,311,311,0.033,-1,-1,Camera 1,No Match,0.0,0.0,StandardMotorcycleSnatch,,,outputs\forensic_thumbnails/thumb_EVT-SIG-514EE1D0.jpg,outputs/forensic_clips/event_EVT-SIG-514EE1D0.avi
EVT-SIG-C1990DA4,1.mp4,INT-0001,FUSED-INT-0001,SIG-C1990DA4,44,44,0.033,-1,-1,Camera 1,No Match,0.0,0.0,StandardMotorcycleSnatch,,,outputs\forensic_thumbnails/thumb_EVT-SIG-C1990DA4.jpg,outputs/forensic_clips/event_EVT-SIG-C1990DA4.avi
EVT-SIG-82330879,1.mp4,INT-0002,FUSED-INT-0002,SIG-82330879,311,311,0.033,-1,-1,Camera 1,No Match,0.0,0.0,StandardMotorcycleSnatch,,,outputs\forensic_thumbnails/thumb_EVT-SIG-82330879.jpg,outputs/forensic_clips/event_EVT-SIG-82330879.avi
EVT-SIG-D112870A,1.mp4,INT-0001,FUSED-INT-0001,SIG-D112870A,44,44,0.033,-1,-1,Camera 1,No Match,0.0,0.0,StandardMotorcycleSnatch,,,outputs\forensic_thumbnails/thumb_EVT-SIG-D112870A.jpg,outputs/forensic_clips/event_EVT-SIG-D112870A.avi
EVT-SIG-BB4296A8,1.mp4,INT-0002,FUSED-INT-0002,SIG-BB4296A8,311,311,0.033,-1,-1,Camera 1,No Match,0.0,0.0,StandardMotorcycleSnatch,,,outputs\forensic_thumbnails/thumb_EVT-SIG-BB4296A8.jpg,outputs/forensic_clips/event_EVT-SIG-BB4296A8.avi
EVT-SIG-EB0E0887,1.mp4,INT-0001,FUSED-INT-0001,SIG-EB0E0887,44,44,0.033,-1,-1,Camera 1,No Match,0.0,0.0,StandardMotorcycleSnatch,,,outputs\forensic_thumbnails/thumb_EVT-SIG-EB0E0887.jpg,outputs/forensic_clips/event_EVT-SIG-EB0E0887.avi
EVT-SIG-3E35EB08,1.mp4,INT-0002,FUSED-INT-0002,SIG-3E35EB08,311,311,0.033,-1,-1,Camera 1,No Match,0.0,0.0,StandardMotorcycleSnatch,,,outputs\forensic_thumbnails/thumb_EVT-SIG-3E35EB08.jpg,outputs/forensic_clips/event_EVT-SIG-3E35EB08.avi
EVT-SIG-5DE4F249,1.mp4,INT-0001,FUSED-INT-0001,SIG-5DE4F249,44,44,0.033,-1,-1,Camera 1,No Match,0.0,0.0,StandardMotorcycleSnatch,,,outputs\forensic_thumbnails/thumb_EVT-SIG-5DE4F249.jpg,outputs/forensic_clips/event_EVT-SIG-5DE4F249.avi
EVT-SIG-CA444FA7,1.mp4,INT-0002,FUSED-INT-0002,SIG-CA444FA7,311,311,0.033,-1,-1,Camera 1,No Match,0.0,0.0,StandardMotorcycleSnatch,,,outputs\forensic_thumbnails/thumb_EVT-SIG-CA444FA7.jpg,outputs/forensic_clips/event_EVT-SIG-CA444FA7.avi
EVT-SIG-7F5FFB82,1.mp4,INT-0001,FUSED-INT-0001,SIG-7F5FFB82,44,44,0.033,-1,-1,Camera 1,No Match,0.0,0.0,StandardMotorcycleSnatch,,,outputs\forensic_thumbnails/thumb_EVT-SIG-7F5FFB82.jpg,outputs/forensic_clips/event_EVT-SIG-7F5FFB82.avi
EVT-SIG-4272321B,1.mp4,INT-0002,FUSED-INT-0002,SIG-4272321B,311,311,0.033,-1,-1,Camera 1,No Match,0.0,0.0,StandardMotorcycleSnatch,,,outputs\forensic_thumbnails/thumb_EVT-SIG-4272321B.jpg,outputs/forensic_clips/event_EVT-SIG-4272321B.avi
EVT-SIG-DC4B9B30,1.mp4,INT-0001,FUSED-INT-0001,SIG-DC4B9B30,44,44,0.033,-1,-1,Camera 1,No Match,0.0,0.0,StandardMotorcycleSnatch,,,outputs\forensic_thumbnails/thumb_EVT-SIG-DC4B9B30.jpg,outputs/forensic_clips/event_EVT-SIG-DC4B9B30.avi
EVT-SIG-EDDBEA5D,1.mp4,INT-0002,FUSED-INT-0002,SIG-EDDBEA5D,311,311,0.033,-1,-1,Camera 1,No Match,0.0,0.0,StandardMotorcycleSnatch,,,outputs\forensic_thumbnails/thumb_EVT-SIG-EDDBEA5D.jpg,outputs/forensic_clips/event_EVT-SIG-EDDBEA5D.avi
EVT-SIG-5F72243F,1.mp4,INT-0001,FUSED-INT-0001,SIG-5F72243F,44,44,0.033,-1,-1,Camera 1,No Match,0.0,0.0,StandardMotorcycleSnatch,,,outputs\forensic_thumbnails/thumb_EVT-SIG-5F72243F.jpg,outputs/forensic_clips/event_EVT-SIG-5F72243F.avi
EVT-SIG-FAB8B086,1.mp4,INT-0002,FUSED-INT-0002,SIG-FAB8B086,311,311,0.033,-1,-1,Camera 1,No Match,0.0,0.0,StandardMotorcycleSnatch,,,outputs\forensic_thumbnails/thumb_EVT-SIG-FAB8B086.jpg,outputs/forensic_clips/event_EVT-SIG-FAB8B086.avi
EVT-SIG-B820D9A7,1.mp4,INT-0001,FUSED-INT-0001,SIG-B820D9A7,44,44,0.033,-1,-1,Camera 1,No Match,0.0,0.0,StandardMotorcycleSnatch,,,outputs\forensic_thumbnails/thumb_EVT-SIG-B820D9A7.jpg,outputs/forensic_clips/event_EVT-SIG-B820D9A7.avi
EVT-SIG-A94CD64F,1.mp4,INT-0002,FUSED-INT-0002,SIG-A94CD64F,311,311,0.033,-1,-1,Camera 1,No Match,0.0,0.0,StandardMotorcycleSnatch,,,outputs\forensic_thumbnails/thumb_EVT-SIG-A94CD64F.jpg,outputs/forensic_clips/event_EVT-SIG-A94CD64F.avi
EVT-SIG-32972E72,1.mp4,INT-0001,FUSED-INT-0001,SIG-32972E72,44,44,0.033,-1,-1,Camera 1,No Match,0.0,0.0,StandardMotorcycleSnatch,,,outputs\forensic_thumbnails/thumb_EVT-SIG-32972E72.jpg,outputs/forensic_clips/event_EVT-SIG-32972E72.avi
EVT-SIG-BDE6067F,1.mp4,INT-0002,FUSED-INT-0002,SIG-BDE6067F,311,311,0.033,-1,-1,Camera 1,No Match,0.0,0.0,StandardMotorcycleSnatch,,,outputs\forensic_thumbnails/thumb_EVT-SIG-BDE6067F.jpg,outputs/forensic_clips/event_EVT-SIG-BDE6067F.avi
EVT-SIG-56BB0F41,1.mp4,INT-0001,FUSED-INT-0001,SIG-56BB0F41,44,44,0.033,-1,-1,Camera 1,No Match,0.0,0.0,StandardMotorcycleSnatch,,,outputs\forensic_thumbnails/thumb_EVT-SIG-56BB0F41.jpg,outputs/forensic_clips/event_EVT-SIG-56BB0F41.avi
EVT-SIG-93D61640,1.mp4,INT-0002,FUSED-INT-0002,SIG-93D61640,311,311,0.033,-1,-1,Camera 1,No Match,0.0,0.0,StandardMotorcycleSnatch,,,outputs\forensic_thumbnails/thumb_EVT-SIG-93D61640.jpg,outputs/forensic_clips/event_EVT-SIG-93D61640.avi
EVT-SIG-57EFAC30,1.mp4,INT-0001,FUSED-INT-0001,SIG-57EFAC30,44,44,0.033,-1,-1,Camera 1,No Match,0.0,0.0,StandardMotorcycleSnatch,,,outputs\forensic_thumbnails/thumb_EVT-SIG-57EFAC30.jpg,outputs/forensic_clips/event_EVT-SIG-57EFAC30.avi
EVT-SIG-0CC0FEB9,1.mp4,INT-0002,FUSED-INT-0002,SIG-0CC0FEB9,311,311,0.033,-1,-1,Camera 1,No Match,0.0,0.0,StandardMotorcycleSnatch,,,outputs\forensic_thumbnails/thumb_EVT-SIG-0CC0FEB9.jpg,outputs/forensic_clips/event_EVT-SIG-0CC0FEB9.avi
EVT-SIG-6226BA40,1.mp4,INT-0001,FUSED-INT-0001,SIG-6226BA40,44,44,0.033,-1,-1,Camera 1,No Match,0.0,0.0,StandardMotorcycleSnatch,,,outputs\forensic_thumbnails/thumb_EVT-SIG-6226BA40.jpg,outputs/forensic_clips/event_EVT-SIG-6226BA40.avi
EVT-SIG-1ECE3869,1.mp4,INT-0002,FUSED-INT-0002,SIG-1ECE3869,311,311,0.033,-1,-1,Camera 1,No Match,0.0,0.0,StandardMotorcycleSnatch,,,outputs\forensic_thumbnails/thumb_EVT-SIG-1ECE3869.jpg,outputs/forensic_clips/event_EVT-SIG-1ECE3869.avi
EVT-SIG-3AF1C32A,1.mp4,INT-0001,FUSED-INT-0001,SIG-3AF1C32A,44,44,0.033,-1,-1,Camera 1,No Match,0.0,0.0,StandardMotorcycleSnatch,,,outputs\forensic_thumbnails/thumb_EVT-SIG-3AF1C32A.jpg,outputs/forensic_clips/event_EVT-SIG-3AF1C32A.avi
EVT-SIG-9BA228F5,1.mp4,INT-0002,FUSED-INT-0002,SIG-9BA228F5,311,311,0.033,-1,-1,Camera 1,No Match,0.0,0.0,StandardMotorcycleSnatch,,,outputs\forensic_thumbnails/thumb_EVT-SIG-9BA228F5.jpg,outputs/forensic_clips/event_EVT-SIG-9BA228F5.avi
EVT-SIG-CD20DB0D,1.mp4,INT-0001,FUSED-INT-0001,SIG-CD20DB0D,44,44,0.033,-1,-1,Camera 1,No Match,0.0,0.0,StandardMotorcycleSnatch,,,outputs\forensic_thumbnails/thumb_EVT-SIG-CD20DB0D.jpg,outputs/forensic_clips/event_EVT-SIG-CD20DB0D.avi
EVT-SIG-2621B3E0,1.mp4,INT-0002,FUSED-INT-0002,SIG-2621B3E0,311,311,0.033,-1,-1,Camera 1,No Match,0.0,0.0,StandardMotorcycleSnatch,,,outputs\forensic_thumbnails/thumb_EVT-SIG-2621B3E0.jpg,outputs/forensic_clips/event_EVT-SIG-2621B3E0.avi
EVT-SIG-2EA45930,1.mp4,INT-0001,FUSED-INT-0001,SIG-2EA45930,44,44,0.033,-1,-1,Camera 1,No Match,0.0,0.0,StandardMotorcycleSnatch,,,outputs\forensic_thumbnails/thumb_EVT-SIG-2EA45930.jpg,outputs/forensic_clips/event_EVT-SIG-2EA45930.avi
EVT-SIG-FAEFD187,1.mp4,INT-0002,FUSED-INT-0002,SIG-FAEFD187,311,311,0.033,-1,-1,Camera 1,No Match,0.0,0.0,StandardMotorcycleSnatch,,,outputs\forensic_thumbnails/thumb_EVT-SIG-FAEFD187.jpg,outputs/forensic_clips/event_EVT-SIG-FAEFD187.avi
EVT-SIG-B1161421,1.mp4,INT-0001,FUSED-INT-0001,SIG-B1161421,44,44,0.033,-1,-1,Camera 1,No Match,0.0,0.0,StandardMotorcycleSnatch,,,outputs\forensic_thumbnails/thumb_EVT-SIG-B1161421.jpg,outputs/forensic_clips/event_EVT-SIG-B1161421.avi
EVT-SIG-068063BA,1.mp4,INT-0002,FUSED-INT-0002,SIG-068063BA,311,311,0.033,-1,-1,Camera 1,No Match,0.0,0.0,StandardMotorcycleSnatch,,,outputs\forensic_thumbnails/thumb_EVT-SIG-068063BA.jpg,outputs/forensic_clips/event_EVT-SIG-068063BA.avi
EVT-SIG-A965DF42,1.mp4,INT-0001,FUSED-INT-0001,SIG-A965DF42,44,44,0.033,-1,-1,Camera 1,No Match,0.0,0.0,StandardMotorcycleSnatch,,,outputs\forensic_thumbnails/thumb_EVT-SIG-A965DF42.jpg,outputs/forensic_clips/event_EVT-SIG-A965DF42.avi
EVT-SIG-EC67762A,1.mp4,INT-0002,FUSED-INT-0002,SIG-EC67762A,311,311,0.033,-1,-1,Camera 1,No Match,0.0,0.0,StandardMotorcycleSnatch,,,outputs\forensic_thumbnails/thumb_EVT-SIG-EC67762A.jpg,outputs/forensic_clips/event_EVT-SIG-EC67762A.avi
EVT-SIG-95242582,1.mp4,INT-0001,FUSED-INT-0001,SIG-95242582,44,44,0.033,-1,-1,Camera 1,No Match,0.0,0.0,StandardMotorcycleSnatch,,,outputs\forensic_thumbnails/thumb_EVT-SIG-95242582.jpg,outputs/forensic_clips/event_EVT-SIG-95242582.avi
EVT-SIG-995A1FEB,1.mp4,INT-0002,FUSED-INT-0002,SIG-995A1FEB,311,311,0.033,-1,-1,Camera 1,No Match,0.0,0.0,StandardMotorcycleSnatch,,,outputs\forensic_thumbnails/thumb_EVT-SIG-995A1FEB.jpg,outputs/forensic_clips/event_EVT-SIG-995A1FEB.avi
EVT-SIG-9D5BC6CA,1.mp4,INT-0001,FUSED-INT-0001,SIG-9D5BC6CA,44,44,0.033,-1,-1,Camera 1,No Match,0.0,0.0,StandardMotorcycleSnatch,,,outputs\forensic_thumbnails/thumb_EVT-SIG-9D5BC6CA.jpg,outputs/forensic_clips/event_EVT-SIG-9D5BC6CA.avi
EVT-SIG-CC42B1D1,1.mp4,INT-0002,FUSED-INT-0002,SIG-CC42B1D1,311,311,0.033,-1,-1,Camera 1,No Match,0.0,0.0,StandardMotorcycleSnatch,,,outputs\forensic_thumbnails/thumb_EVT-SIG-CC42B1D1.jpg,outputs/forensic_clips/event_EVT-SIG-CC42B1D1.avi
EVT-SIG-8B613674,1.mp4,INT-0001,FUSED-INT-0001,SIG-8B613674,44,44,0.033,-1,-1,Camera 1,No Match,0.0,0.0,StandardMotorcycleSnatch,,,outputs\forensic_thumbnails/thumb_EVT-SIG-8B613674.jpg,outputs/forensic_clips/event_EVT-SIG-8B613674.avi
EVT-SIG-94F63BFF,1.mp4,INT-0002,FUSED-INT-0002,SIG-94F63BFF,311,311,0.033,-1,-1,Camera 1,No Match,0.0,0.0,StandardMotorcycleSnatch,,,outputs\forensic_thumbnails/thumb_EVT-SIG-94F63BFF.jpg,outputs/forensic_clips/event_EVT-SIG-94F63BFF.avi
EVT-SIG-D2336BEF,1.mp4,INT-0001,FUSED-INT-0001,SIG-D2336BEF,44,44,0.033,-1,-1,Camera 1,No Match,0.0,0.0,StandardMotorcycleSnatch,,,outputs\forensic_thumbnails/thumb_EVT-SIG-D2336BEF.jpg,outputs/forensic_clips/event_EVT-SIG-D2336BEF.avi
EVT-SIG-92701844,1.mp4,INT-0002,FUSED-INT-0002,SIG-92701844,311,311,0.033,-1,-1,Camera 1,No Match,0.0,0.0,StandardMotorcycleSnatch,,,outputs\forensic_thumbnails/thumb_EVT-SIG-92701844.jpg,outputs/forensic_clips/event_EVT-SIG-92701844.avi
EVT-SIG-3C9AF378,1.mp4,INT-0001,FUSED-INT-0001,SIG-3C9AF378,44,44,0.033,-1,-1,Camera 1,No Match,0.0,0.0,StandardMotorcycleSnatch,,,outputs\forensic_thumbnails/thumb_EVT-SIG-3C9AF378.jpg,outputs/forensic_clips/event_EVT-SIG-3C9AF378.avi
EVT-SIG-8B3D5D26,1.mp4,INT-0002,FUSED-INT-0002,SIG-8B3D5D26,311,311,0.033,-1,-1,Camera 1,No Match,0.0,0.0,StandardMotorcycleSnatch,,,outputs\forensic_thumbnails/thumb_EVT-SIG-8B3D5D26.jpg,outputs/forensic_clips/event_EVT-SIG-8B3D5D26.avi
EVT-SIG-CC9F20D9,1.mp4,INT-0001,FUSED-INT-0001,SIG-CC9F20D9,44,44,0.033,-1,-1,Camera 1,No Match,0.0,0.0,StandardMotorcycleSnatch,,,outputs\forensic_thumbnails/thumb_EVT-SIG-CC9F20D9.jpg,outputs/forensic_clips/event_EVT-SIG-CC9F20D9.avi
EVT-SIG-A285FC95,1.mp4,INT-0002,FUSED-INT-0002,SIG-A285FC95,311,311,0.033,-1,-1,Camera 1,No Match,0.0,0.0,StandardMotorcycleSnatch,,,outputs\forensic_thumbnails/thumb_EVT-SIG-A285FC95.jpg,outputs/forensic_clips/event_EVT-SIG-A285FC95.avi
EVT-SIG-89E8889E,1.mp4,INT-0001,FUSED-INT-0001,SIG-89E8889E,44,44,0.033,-1,-1,Camera 1,No Match,0.0,0.0,StandardMotorcycleSnatch,,,outputs\forensic_thumbnails/thumb_EVT-SIG-89E8889E.jpg,outputs/forensic_clips/event_EVT-SIG-89E8889E.avi
EVT-SIG-7C6950D2,1.mp4,INT-0002,FUSED-INT-0002,SIG-7C6950D2,311,311,0.033,-1,-1,Camera 1,No Match,0.0,0.0,StandardMotorcycleSnatch,,,outputs\forensic_thumbnails/thumb_EVT-SIG-7C6950D2.jpg,outputs/forensic_clips/event_EVT-SIG-7C6950D2.avi
EVT-SIG-880CBC44,1.mp4,INT-0001,FUSED-INT-0001,SIG-880CBC44,44,44,0.033,-1,-1,Camera 1,No Match,0.0,0.0,StandardMotorcycleSnatch,,,outputs\forensic_thumbnails/thumb_EVT-SIG-880CBC44.jpg,outputs/forensic_clips/event_EVT-SIG-880CBC44.avi
EVT-SIG-ED3C1D8F,1.mp4,INT-0002,FUSED-INT-0002,SIG-ED3C1D8F,311,311,0.033,-1,-1,Camera 1,No Match,0.0,0.0,StandardMotorcycleSnatch,,,outputs\forensic_thumbnails/thumb_EVT-SIG-ED3C1D8F.jpg,outputs/forensic_clips/event_EVT-SIG-ED3C1D8F.avi
EVT-SIG-96DC8562,1.mp4,INT-0001,FUSED-INT-0001,SIG-96DC8562,44,44,0.033,-1,-1,Camera 1,No Match,0.0,0.0,StandardMotorcycleSnatch,,,outputs\forensic_thumbnails/thumb_EVT-SIG-96DC8562.jpg,outputs/forensic_clips/event_EVT-SIG-96DC8562.avi
EVT-SIG-75DD5199,1.mp4,INT-0002,FUSED-INT-0002,SIG-75DD5199,311,311,0.033,-1,-1,Camera 1,No Match,0.0,0.0,StandardMotorcycleSnatch,,,outputs\forensic_thumbnails/thumb_EVT-SIG-75DD5199.jpg,outputs/forensic_clips/event_EVT-SIG-75DD5199.avi
EVT-SIG-3EA36709,1.mp4,INT-0001,FUSED-INT-0001,SIG-3EA36709,44,44,0.033,-1,-1,Camera 1,No Match,0.0,0.0,StandardMotorcycleSnatch,,,outputs\forensic_thumbnails/thumb_EVT-SIG-3EA36709.jpg,outputs/forensic_clips/event_EVT-SIG-3EA36709.avi
EVT-SIG-D1D31AA9,1.mp4,INT-0002,FUSED-INT-0002,SIG-D1D31AA9,311,311,0.033,-1,-1,Camera 1,No Match,0.0,0.0,StandardMotorcycleSnatch,,,outputs\forensic_thumbnails/thumb_EVT-SIG-D1D31AA9.jpg,outputs/forensic_clips/event_EVT-SIG-D1D31AA9.avi
EVT-SIG-263817A6,1.mp4,INT-0001,FUSED-INT-0001,SIG-263817A6,44,44,0.033,-1,-1,Camera 1,No Match,0.0,0.0,StandardMotorcycleSnatch,,,outputs\forensic_thumbnails/thumb_EVT-SIG-263817A6.jpg,outputs/forensic_clips/event_EVT-SIG-263817A6.avi
EVT-SIG-06A3A96B,1.mp4,INT-0002,FUSED-INT-0002,SIG-06A3A96B,311,311,0.033,-1,-1,Camera 1,No Match,0.0,0.0,StandardMotorcycleSnatch,,,outputs\forensic_thumbnails/thumb_EVT-SIG-06A3A96B.jpg,outputs/forensic_clips/event_EVT-SIG-06A3A96B.avi
EVT-SIG-65E41C2F,1.mp4,INT-0001,FUSED-INT-0001,SIG-65E41C2F,44,44,0.033,-1,-1,Camera 1,No Match,0.0,0.0,StandardMotorcycleSnatch,,,outputs\forensic_thumbnails/thumb_EVT-SIG-65E41C2F.jpg,outputs/forensic_clips/event_EVT-SIG-65E41C2F.avi
EVT-SIG-15C43BE9,1.mp4,INT-0002,FUSED-INT-0002,SIG-15C43BE9,311,311,0.033,-1,-1,Camera 1,No Match,0.0,0.0,StandardMotorcycleSnatch,,,outputs\forensic_thumbnails/thumb_EVT-SIG-15C43BE9.jpg,outputs/forensic_clips/event_EVT-SIG-15C43BE9.avi
EVT-SIG-9B77221C,1.mp4,INT-0001,FUSED-INT-0001,SIG-9B77221C,44,44,0.033,-1,-1,Camera 1,No Match,0.0,0.0,StandardMotorcycleSnatch,,,outputs\forensic_thumbnails/thumb_EVT-SIG-9B77221C.jpg,outputs/forensic_clips/event_EVT-SIG-9B77221C.avi
EVT-SIG-FB6072A5,1.mp4,INT-0002,FUSED-INT-0002,SIG-FB6072A5,311,311,0.033,-1,-1,Camera 1,No Match,0.0,0.0,StandardMotorcycleSnatch,,,outputs\forensic_thumbnails/thumb_EVT-SIG-FB6072A5.jpg,outputs/forensic_clips/event_EVT-SIG-FB6072A5.avi
EVT-SIG-0AF760E4,1.mp4,INT-0001,FUSED-INT-0001,SIG-0AF760E4,44,44,0.033,-1,-1,Camera 1,No Match,0.0,0.0,StandardMotorcycleSnatch,,,outputs\forensic_thumbnails/thumb_EVT-SIG-0AF760E4.jpg,outputs/forensic_clips/event_EVT-SIG-0AF760E4.avi
EVT-SIG-CF548ADA,1.mp4,INT-0002,FUSED-INT-0002,SIG-CF548ADA,311,311,0.033,-1,-1,Camera 1,No Match,0.0,0.0,StandardMotorcycleSnatch,,,outputs\forensic_thumbnails/thumb_EVT-SIG-CF548ADA.jpg,outputs/forensic_clips/event_EVT-SIG-CF548ADA.avi
EVT-SIG-B772F6D1,1.mp4,INT-0001,FUSED-INT-0001,SIG-B772F6D1,44,44,0.033,-1,-1,Camera 1,No Match,0.0,0.0,StandardMotorcycleSnatch,,,outputs\forensic_thumbnails/thumb_EVT-SIG-B772F6D1.jpg,outputs/forensic_clips/event_EVT-SIG-B772F6D1.avi
EVT-SIG-A2536212,1.mp4,INT-0002,FUSED-INT-0002,SIG-A2536212,311,311,0.033,-1,-1,Camera 1,No Match,0.0,0.0,StandardMotorcycleSnatch,,,outputs\forensic_thumbnails/thumb_EVT-SIG-A2536212.jpg,outputs/forensic_clips/event_EVT-SIG-A2536212.avi
EVT-SIG-CD4BEB40,1.mp4,INT-0001,FUSED-INT-0001,SIG-CD4BEB40,44,44,0.033,-1,-1,Camera 1,No Match,0.0,0.0,StandardMotorcycleSnatch,,,outputs\forensic_thumbnails/thumb_EVT-SIG-CD4BEB40.jpg,outputs/forensic_clips/event_EVT-SIG-CD4BEB40.avi
EVT-SIG-4C9121DF,1.mp4,INT-0002,FUSED-INT-0002,SIG-4C9121DF,311,311,0.033,-1,-1,Camera 1,No Match,0.0,0.0,StandardMotorcycleSnatch,,,outputs\forensic_thumbnails/thumb_EVT-SIG-4C9121DF.jpg,outputs/forensic_clips/event_EVT-SIG-4C9121DF.avi
EVT-SIG-111D3B25,1.mp4,INT-0001,FUSED-INT-0001,SIG-111D3B25,44,44,0.033,-1,-1,Camera 1,No Match,0.0,0.0,StandardMotorcycleSnatch,,,outputs\forensic_thumbnails/thumb_EVT-SIG-111D3B25.jpg,outputs/forensic_clips/event_EVT-SIG-111D3B25.avi
EVT-SIG-B99D3C58,1.mp4,INT-0002,FUSED-INT-0002,SIG-B99D3C58,311,311,0.033,-1,-1,Camera 1,No Match,0.0,0.0,StandardMotorcycleSnatch,,,outputs\forensic_thumbnails/thumb_EVT-SIG-B99D3C58.jpg,outputs/forensic_clips/event_EVT-SIG-B99D3C58.avi
EVT-SIG-8CB2037C,1.mp4,INT-0001,FUSED-INT-0001,SIG-8CB2037C,44,44,0.033,-1,-1,Camera 1,No Match,0.0,0.0,StandardMotorcycleSnatch,,,outputs\forensic_thumbnails/thumb_EVT-SIG-8CB2037C.jpg,outputs/forensic_clips/event_EVT-SIG-8CB2037C.avi
EVT-SIG-E641E179,1.mp4,INT-0002,FUSED-INT-0002,SIG-E641E179,311,311,0.033,-1,-1,Camera 1,No Match,0.0,0.0,StandardMotorcycleSnatch,,,outputs\forensic_thumbnails/thumb_EVT-SIG-E641E179.jpg,outputs/forensic_clips/event_EVT-SIG-E641E179.avi
EVT-SIG-9D2BE1D2,1.mp4,INT-0001,FUSED-INT-0001,SIG-9D2BE1D2,44,44,0.033,-1,-1,Camera 1,No Match,0.0,0.0,StandardMotorcycleSnatch,,,outputs\forensic_thumbnails/thumb_EVT-SIG-9D2BE1D2.jpg,outputs/forensic_clips/event_EVT-SIG-9D2BE1D2.avi
EVT-SIG-BD4AA8F8,1.mp4,INT-0002,FUSED-INT-0002,SIG-BD4AA8F8,311,311,0.033,-1,-1,Camera 1,No Match,0.0,0.0,StandardMotorcycleSnatch,,,outputs\forensic_thumbnails/thumb_EVT-SIG-BD4AA8F8.jpg,outputs/forensic_clips/event_EVT-SIG-BD4AA8F8.avi
EVT-SIG-38342E48,1.mp4,INT-0001,FUSED-INT-0001,SIG-38342E48,44,44,0.033,-1,-1,Camera 1,No Match,0.0,0.0,StandardMotorcycleSnatch,,,outputs\forensic_thumbnails/thumb_EVT-SIG-38342E48.jpg,outputs/forensic_clips/event_EVT-SIG-38342E48.avi
EVT-SIG-A1EA57F9,1.mp4,INT-0002,FUSED-INT-0002,SIG-A1EA57F9,311,311,0.033,-1,-1,Camera 1,No Match,0.0,0.0,StandardMotorcycleSnatch,,,outputs\forensic_thumbnails/thumb_EVT-SIG-A1EA57F9.jpg,outputs/forensic_clips/event_EVT-SIG-A1EA57F9.avi
EVT-SIG-F6658189,1.mp4,INT-0001,FUSED-INT-0001,SIG-F6658189,44,44,0.033,-1,-1,Camera 1,No Match,0.0,0.0,StandardMotorcycleSnatch,,,outputs\forensic_thumbnails/thumb_EVT-SIG-F6658189.jpg,outputs/forensic_clips/event_EVT-SIG-F6658189.avi
EVT-SIG-529E5902,1.mp4,INT-0002,FUSED-INT-0002,SIG-529E5902,311,311,0.033,-1,-1,Camera 1,No Match,0.0,0.0,StandardMotorcycleSnatch,,,outputs\forensic_thumbnails/thumb_EVT-SIG-529E5902.jpg,outputs/forensic_clips/event_EVT-SIG-529E5902.avi
EVT-SIG-DC262DD6,1.mp4,INT-0001,FUSED-INT-0001,SIG-DC262DD6,44,44,0.033,-1,-1,Camera 1,No Match,0.0,0.0,StandardMotorcycleSnatch,,,outputs\forensic_thumbnails/thumb_EVT-SIG-DC262DD6.jpg,outputs/forensic_clips/event_EVT-SIG-DC262DD6.avi
EVT-SIG-9A885F90,1.mp4,INT-0002,FUSED-INT-0002,SIG-9A885F90,311,311,0.033,-1,-1,Camera 1,No Match,0.0,0.0,StandardMotorcycleSnatch,,,outputs\forensic_thumbnails/thumb_EVT-SIG-9A885F90.jpg,outputs/forensic_clips/event_EVT-SIG-9A885F90.avi
EVT-SIG-43D977A4,1.mp4,INT-0001,FUSED-INT-0001,SIG-43D977A4,44,44,0.033,-1,-1,Camera 1,No Match,0.0,0.0,StandardMotorcycleSnatch,,,outputs\forensic_thumbnails/thumb_EVT-SIG-43D977A4.jpg,outputs/forensic_clips/event_EVT-SIG-43D977A4.avi
EVT-SIG-4DA94129,1.mp4,INT-0002,FUSED-INT-0002,SIG-4DA94129,311,311,0.033,-1,-1,Camera 1,No Match,0.0,0.0,StandardMotorcycleSnatch,,,outputs\forensic_thumbnails/thumb_EVT-SIG-4DA94129.jpg,outputs/forensic_clips/event_EVT-SIG-4DA94129.avi
EVT-SIG-364F1AB4,1.mp4,INT-0001,FUSED-INT-0001,SIG-364F1AB4,44,44,0.033,-1,-1,Camera 1,No Match,0.0,0.0,StandardMotorcycleSnatch,,,outputs\forensic_thumbnails/thumb_EVT-SIG-364F1AB4.jpg,outputs/forensic_clips/event_EVT-SIG-364F1AB4.avi
EVT-SIG-3268626D,1.mp4,INT-0002,FUSED-INT-0002,SIG-3268626D,311,311,0.033,-1,-1,Camera 1,No Match,0.0,0.0,StandardMotorcycleSnatch,,,outputs\forensic_thumbnails/thumb_EVT-SIG-3268626D.jpg,outputs/forensic_clips/event_EVT-SIG-3268626D.avi
EVT-SIG-2F7025F5,1.mp4,INT-0001,FUSED-INT-0001,SIG-2F7025F5,44,44,0.033,-1,-1,Camera 1,No Match,0.0,0.0,StandardMotorcycleSnatch,,,outputs\forensic_thumbnails/thumb_EVT-SIG-2F7025F5.jpg,outputs/forensic_clips/event_EVT-SIG-2F7025F5.avi
EVT-SIG-C024EBDC,1.mp4,INT-0002,FUSED-INT-0002,SIG-C024EBDC,311,311,0.033,-1,-1,Camera 1,No Match,0.0,0.0,StandardMotorcycleSnatch,,,outputs\forensic_thumbnails/thumb_EVT-SIG-C024EBDC.jpg,outputs/forensic_clips/event_EVT-SIG-C024EBDC.avi
EVT-SIG-C188CF1A,1.mp4,INT-0001,FUSED-INT-0001,SIG-C188CF1A,44,44,0.033,-1,-1,Camera 1,No Match,0.0,0.0,StandardMotorcycleSnatch,,,outputs\forensic_thumbnails/thumb_EVT-SIG-C188CF1A.jpg,outputs/forensic_clips/event_EVT-SIG-C188CF1A.avi
EVT-SIG-7866BC70,1.mp4,INT-0002,FUSED-INT-0002,SIG-7866BC70,311,311,0.033,-1,-1,Camera 1,No Match,0.0,0.0,StandardMotorcycleSnatch,,,outputs\forensic_thumbnails/thumb_EVT-SIG-7866BC70.jpg,outputs/forensic_clips/event_EVT-SIG-7866BC70.avi
EVT-SIG-6ADA8893,1.mp4,INT-0001,FUSED-INT-0001,SIG-6ADA8893,44,44,0.033,-1,-1,Camera 1,No Match,0.0,0.0,StandardMotorcycleSnatch,,,outputs\forensic_thumbnails/thumb_EVT-SIG-6ADA8893.jpg,outputs/forensic_clips/event_EVT-SIG-6ADA8893.avi
EVT-SIG-BCC55245,1.mp4,INT-0002,FUSED-INT-0002,SIG-BCC55245,311,311,0.033,-1,-1,Camera 1,No Match,0.0,0.0,StandardMotorcycleSnatch,,,outputs\forensic_thumbnails/thumb_EVT-SIG-BCC55245.jpg,outputs/forensic_clips/event_EVT-SIG-BCC55245.avi
EVT-SIG-C719D0A3,1.mp4,INT-0001,FUSED-INT-0001,SIG-C719D0A3,44,44,0.033,-1,-1,Camera 1,No Match,0.0,0.0,StandardMotorcycleSnatch,,,outputs\forensic_thumbnails/thumb_EVT-SIG-C719D0A3.jpg,outputs/forensic_clips/event_EVT-SIG-C719D0A3.avi
EVT-SIG-C6FD3984,1.mp4,INT-0002,FUSED-INT-0002,SIG-C6FD3984,311,311,0.033,-1,-1,Camera 1,No Match,0.0,0.0,StandardMotorcycleSnatch,,,outputs\forensic_thumbnails/thumb_EVT-SIG-C6FD3984.jpg,outputs/forensic_clips/event_EVT-SIG-C6FD3984.avi
EVT-SIG-59FADF9A,1.mp4,INT-0001,FUSED-INT-0001,SIG-59FADF9A,44,44,0.033,-1,-1,Camera 1,No Match,0.0,0.0,StandardMotorcycleSnatch,,,outputs\forensic_thumbnails/thumb_EVT-SIG-59FADF9A.jpg,outputs/forensic_clips/event_EVT-SIG-59FADF9A.avi
EVT-SIG-F07FE5EF,1.mp4,INT-0002,FUSED-INT-0002,SIG-F07FE5EF,311,311,0.033,-1,-1,Camera 1,No Match,0.0,0.0,StandardMotorcycleSnatch,,,outputs\forensic_thumbnails/thumb_EVT-SIG-F07FE5EF.jpg,outputs/forensic_clips/event_EVT-SIG-F07FE5EF.avi
EVT-SIG-E322C449,1.mp4,INT-0001,FUSED-INT-0001,SIG-E322C449,44,44,0.033,-1,-1,Camera 1,No Match,0.0,0.0,StandardMotorcycleSnatch,,,outputs\forensic_thumbnails/thumb_EVT-SIG-E322C449.jpg,outputs/forensic_clips/event_EVT-SIG-E322C449.avi
EVT-SIG-E1C33C1A,1.mp4,INT-0002,FUSED-INT-0002,SIG-E1C33C1A,311,311,0.033,-1,-1,Camera 1,No Match,0.0,0.0,StandardMotorcycleSnatch,,,outputs\forensic_thumbnails/thumb_EVT-SIG-E1C33C1A.jpg,outputs/forensic_clips/event_EVT-SIG-E1C33C1A.avi
EVT-SIG-9E85DBC8,1.mp4,INT-0001,FUSED-INT-0001,SIG-9E85DBC8,44,44,0.033,-1,-1,Camera 1,No Match,0.0,0.0,StandardMotorcycleSnatch,,,outputs\forensic_thumbnails/thumb_EVT-SIG-9E85DBC8.jpg,outputs/forensic_clips/event_EVT-SIG-9E85DBC8.avi
EVT-SIG-7589B371,1.mp4,INT-0002,FUSED-INT-0002,SIG-7589B371,311,311,0.033,-1,-1,Camera 1,No Match,0.0,0.0,StandardMotorcycleSnatch,,,outputs\forensic_thumbnails/thumb_EVT-SIG-7589B371.jpg,outputs/forensic_clips/event_EVT-SIG-7589B371.avi
EVT-SIG-FA7D6CBF,1.mp4,INT-0001,FUSED-INT-0001,SIG-FA7D6CBF,44,44,0.033,-1,-1,Camera 1,No Match,0.0,0.0,StandardMotorcycleSnatch,,,outputs\forensic_thumbnails/thumb_EVT-SIG-FA7D6CBF.jpg,outputs/forensic_clips/event_EVT-SIG-FA7D6CBF.avi
EVT-SIG-505D41DB,1.mp4,INT-0002,FUSED-INT-0002,SIG-505D41DB,311,311,0.033,-1,-1,Camera 1,No Match,0.0,0.0,StandardMotorcycleSnatch,,,outputs\forensic_thumbnails/thumb_EVT-SIG-505D41DB.jpg,outputs/forensic_clips/event_EVT-SIG-505D41DB.avi
EVT-SIG-1C9F7C00,1.mp4,INT-0001,FUSED-INT-0001,SIG-1C9F7C00,44,44,0.033,-1,-1,Camera 1,No Match,0.0,0.0,StandardMotorcycleSnatch,,,outputs\forensic_thumbnails/thumb_EVT-SIG-1C9F7C00.jpg,outputs/forensic_clips/event_EVT-SIG-1C9F7C00.avi
EVT-SIG-29473F2D,1.mp4,INT-0002,FUSED-INT-0002,SIG-29473F2D,311,311,0.033,-1,-1,Camera 1,No Match,0.0,0.0,StandardMotorcycleSnatch,,,outputs\forensic_thumbnails/thumb_EVT-SIG-29473F2D.jpg,outputs/forensic_clips/event_EVT-SIG-29473F2D.avi
EVT-SIG-D16978BA,1.mp4,INT-0001,FUSED-INT-0001,SIG-D16978BA,44,44,0.033,-1,-1,Camera 1,No Match,0.0,0.0,StandardMotorcycleSnatch,,,outputs\forensic_thumbnails/thumb_EVT-SIG-D16978BA.jpg,outputs/forensic_clips/event_EVT-SIG-D16978BA.avi
EVT-SIG-D1D4EF90,1.mp4,INT-0002,FUSED-INT-0002,SIG-D1D4EF90,311,311,0.033,-1,-1,Camera 1,No Match,0.0,0.0,StandardMotorcycleSnatch,,,outputs\forensic_thumbnails/thumb_EVT-SIG-D1D4EF90.jpg,outputs/forensic_clips/event_EVT-SIG-D1D4EF90.avi
EVT-SIG-1FDBCA26,1.mp4,INT-0001,FUSED-INT-0001,SIG-1FDBCA26,44,44,0.033,-1,-1,Camera 1,No Match,0.0,0.0,StandardMotorcycleSnatch,,,outputs\forensic_thumbnails/thumb_EVT-SIG-1FDBCA26.jpg,outputs/forensic_clips/event_EVT-SIG-1FDBCA26.avi
EVT-SIG-7DCB994B,1.mp4,INT-0002,FUSED-INT-0002,SIG-7DCB994B,311,311,0.033,-1,-1,Camera 1,No Match,0.0,0.0,StandardMotorcycleSnatch,,,outputs\forensic_thumbnails/thumb_EVT-SIG-7DCB994B.jpg,outputs/forensic_clips/event_EVT-SIG-7DCB994B.avi
EVT-SIG-E5F093F0,1.mp4,INT-0001,FUSED-INT-0001,SIG-E5F093F0,44,44,0.033,-1,-1,Camera 1,No Match,0.0,0.0,StandardMotorcycleSnatch,,,outputs\forensic_thumbnails/thumb_EVT-SIG-E5F093F0.jpg,outputs/forensic_clips/event_EVT-SIG-E5F093F0.avi
EVT-SIG-B7950C8B,1.mp4,INT-0002,FUSED-INT-0002,SIG-B7950C8B,311,311,0.033,-1,-1,Camera 1,No Match,0.0,0.0,StandardMotorcycleSnatch,,,outputs\forensic_thumbnails/thumb_EVT-SIG-B7950C8B.jpg,outputs/forensic_clips/event_EVT-SIG-B7950C8B.avi
EVT-SIG-00E817C6,1.mp4,INT-0001,FUSED-INT-0001,SIG-00E817C6,44,44,0.033,-1,-1,Camera 1,No Match,0.0,0.0,StandardMotorcycleSnatch,,,outputs\forensic_thumbnails/thumb_EVT-SIG-00E817C6.jpg,outputs/forensic_clips/event_EVT-SIG-00E817C6.avi
EVT-SIG-E0878F6C,1.mp4,INT-0002,FUSED-INT-0002,SIG-E0878F6C,311,311,0.033,-1,-1,Camera 1,No Match,0.0,0.0,StandardMotorcycleSnatch,,,outputs\forensic_thumbnails/thumb_EVT-SIG-E0878F6C.jpg,outputs/forensic_clips/event_EVT-SIG-E0878F6C.avi
EVT-SIG-91529DFC,1.mp4,INT-0001,FUSED-INT-0001,SIG-91529DFC,44,44,0.033,-1,-1,Camera 1,No Match,0.0,0.0,StandardMotorcycleSnatch,,,outputs\forensic_thumbnails/thumb_EVT-SIG-91529DFC.jpg,outputs/forensic_clips/event_EVT-SIG-91529DFC.avi
EVT-SIG-97FC4891,1.mp4,INT-0002,FUSED-INT-0002,SIG-97FC4891,311,311,0.033,-1,-1,Camera 1,No Match,0.0,0.0,StandardMotorcycleSnatch,,,outputs\forensic_thumbnails/thumb_EVT-SIG-97FC4891.jpg,outputs/forensic_clips/event_EVT-SIG-97FC4891.avi
EVT-SIG-C2640498,1.mp4,INT-0001,FUSED-INT-0001,SIG-C2640498,44,44,0.033,-1,-1,Camera 1,No Match,0.0,0.0,StandardMotorcycleSnatch,,,outputs\forensic_thumbnails/thumb_EVT-SIG-C2640498.jpg,outputs/forensic_clips/event_EVT-SIG-C2640498.avi
EVT-SIG-8ADCAFF5,1.mp4,INT-0002,FUSED-INT-0002,SIG-8ADCAFF5,311,311,0.033,-1,-1,Camera 1,No Match,0.0,0.0,StandardMotorcycleSnatch,,,outputs\forensic_thumbnails/thumb_EVT-SIG-8ADCAFF5.jpg,outputs/forensic_clips/event_EVT-SIG-8ADCAFF5.avi
EVT-SIG-0486D627,1.mp4,INT-0001,FUSED-INT-0001,SIG-0486D627,44,44,0.033,-1,-1,Camera 1,No Match,0.0,0.0,StandardMotorcycleSnatch,,,outputs\forensic_thumbnails/thumb_EVT-SIG-0486D627.jpg,outputs/forensic_clips/event_EVT-SIG-0486D627.avi
EVT-SIG-FC59C6AE,1.mp4,INT-0002,FUSED-INT-0002,SIG-FC59C6AE,311,311,0.033,-1,-1,Camera 1,No Match,0.0,0.0,StandardMotorcycleSnatch,,,outputs\forensic_thumbnails/thumb_EVT-SIG-FC59C6AE.jpg,outputs/forensic_clips/event_EVT-SIG-FC59C6AE.avi
EVT-SIG-1F7B06C8,1.mp4,INT-0001,FUSED-INT-0001,SIG-1F7B06C8,44,44,0.033,-1,-1,Camera 1,No Match,0.0,0.0,StandardMotorcycleSnatch,,,outputs\forensic_thumbnails/thumb_EVT-SIG-1F7B06C8.jpg,outputs/forensic_clips/event_EVT-SIG-1F7B06C8.avi
EVT-SIG-9F2ABCB7,1.mp4,INT-0002,FUSED-INT-0002,SIG-9F2ABCB7,311,311,0.033,-1,-1,Camera 1,No Match,0.0,0.0,StandardMotorcycleSnatch,,,outputs\forensic_thumbnails/thumb_EVT-SIG-9F2ABCB7.jpg,outputs/forensic_clips/event_EVT-SIG-9F2ABCB7.avi
EVT-SIG-972A6784,1.mp4,INT-0001,FUSED-INT-0001,SIG-972A6784,44,44,0.033,-1,-1,Camera 1,No Match,0.0,0.0,StandardMotorcycleSnatch,,,outputs\forensic_thumbnails/thumb_EVT-SIG-972A6784.jpg,outputs/forensic_clips/event_EVT-SIG-972A6784.avi
EVT-SIG-384B68B9,1.mp4,INT-0002,FUSED-INT-0002,SIG-384B68B9,311,311,0.033,-1,-1,Camera 1,No Match,0.0,0.0,StandardMotorcycleSnatch,,,outputs\forensic_thumbnails/thumb_EVT-SIG-384B68B9.jpg,outputs/forensic_clips/event_EVT-SIG-384B68B9.avi
EVT-SIG-5779D529,1.mp4,INT-0001,FUSED-INT-0001,SIG-5779D529,44,44,0.033,-1,-1,Camera 1,No Match,0.0,0.0,StandardMotorcycleSnatch,,,outputs\forensic_thumbnails/thumb_EVT-SIG-5779D529.jpg,outputs/forensic_clips/event_EVT-SIG-5779D529.avi
EVT-SIG-2C3ED1E8,1.mp4,INT-0002,FUSED-INT-0002,SIG-2C3ED1E8,311,311,0.033,-1,-1,Camera 1,No Match,0.0,0.0,StandardMotorcycleSnatch,,,outputs\forensic_thumbnails/thumb_EVT-SIG-2C3ED1E8.jpg,outputs/forensic_clips/event_EVT-SIG-2C3ED1E8.avi
EVT-SIG-7B5F78FF,1.mp4,INT-0001,FUSED-INT-0001,SIG-7B5F78FF,44,44,0.033,-1,-1,Camera 1,No Match,0.0,0.0,StandardMotorcycleSnatch,,,outputs\forensic_thumbnails/thumb_EVT-SIG-7B5F78FF.jpg,outputs/forensic_clips/event_EVT-SIG-7B5F78FF.avi
EVT-SIG-672784D1,1.mp4,INT-0002,FUSED-INT-0002,SIG-672784D1,311,311,0.033,-1,-1,Camera 1,No Match,0.0,0.0,StandardMotorcycleSnatch,,,outputs\forensic_thumbnails/thumb_EVT-SIG-672784D1.jpg,outputs/forensic_clips/event_EVT-SIG-672784D1.avi
EVT-SIG-B190CE73,1.mp4,INT-0001,FUSED-INT-0001,SIG-B190CE73,44,44,0.033,-1,-1,Camera 1,No Match,0.0,0.0,StandardMotorcycleSnatch,,,outputs\forensic_thumbnails/thumb_EVT-SIG-B190CE73.jpg,outputs/forensic_clips/event_EVT-SIG-B190CE73.avi
EVT-SIG-DC217FAA,1.mp4,INT-0002,FUSED-INT-0002,SIG-DC217FAA,311,311,0.033,-1,-1,Camera 1,No Match,0.0,0.0,StandardMotorcycleSnatch,,,outputs\forensic_thumbnails/thumb_EVT-SIG-DC217FAA.jpg,outputs/forensic_clips/event_EVT-SIG-DC217FAA.avi
EVT-SIG-6BB46581,1.mp4,INT-0001,FUSED-INT-0001,SIG-6BB46581,44,44,0.033,-1,-1,Camera 1,No Match,0.0,0.0,StandardMotorcycleSnatch,,,outputs\forensic_thumbnails/thumb_EVT-SIG-6BB46581.jpg,outputs/forensic_clips/event_EVT-SIG-6BB46581.avi
EVT-SIG-FC7A68E9,1.mp4,INT-0002,FUSED-INT-0002,SIG-FC7A68E9,311,311,0.033,-1,-1,Camera 1,No Match,0.0,0.0,StandardMotorcycleSnatch,,,outputs\forensic_thumbnails/thumb_EVT-SIG-FC7A68E9.jpg,outputs/forensic_clips/event_EVT-SIG-FC7A68E9.avi
EVT-SIG-9DF08F03,1.mp4,INT-0001,FUSED-INT-0001,SIG-9DF08F03,44,44,0.033,-1,-1,Camera 1,No Match,0.0,0.0,StandardMotorcycleSnatch,,,outputs\forensic_thumbnails/thumb_EVT-SIG-9DF08F03.jpg,outputs/forensic_clips/event_EVT-SIG-9DF08F03.avi
EVT-SIG-9D8B663E,1.mp4,INT-0002,FUSED-INT-0002,SIG-9D8B663E,311,311,0.033,-1,-1,Camera 1,No Match,0.0,0.0,StandardMotorcycleSnatch,,,outputs\forensic_thumbnails/thumb_EVT-SIG-9D8B663E.jpg,outputs/forensic_clips/event_EVT-SIG-9D8B663E.avi
EVT-SIG-F5EDFDA8,1.mp4,INT-0001,FUSED-INT-0001,SIG-F5EDFDA8,44,44,0.033,-1,-1,Camera 1,No Match,0.0,0.0,StandardMotorcycleSnatch,,,outputs\forensic_thumbnails/thumb_EVT-SIG-F5EDFDA8.jpg,outputs/forensic_clips/event_EVT-SIG-F5EDFDA8.avi
EVT-SIG-48F4A30A,1.mp4,INT-0002,FUSED-INT-0002,SIG-48F4A30A,311,311,0.033,-1,-1,Camera 1,No Match,0.0,0.0,StandardMotorcycleSnatch,,,outputs\forensic_thumbnails/thumb_EVT-SIG-48F4A30A.jpg,outputs/forensic_clips/event_EVT-SIG-48F4A30A.avi
EVT-SIG-07B62285,1.mp4,INT-0001,FUSED-INT-0001,SIG-07B62285,44,44,0.033,-1,-1,Camera 1,No Match,0.0,0.0,StandardMotorcycleSnatch,,,outputs\forensic_thumbnails/thumb_EVT-SIG-07B62285.jpg,outputs/forensic_clips/event_EVT-SIG-07B62285.avi
EVT-SIG-D6BAACB2,1.mp4,INT-0002,FUSED-INT-0002,SIG-D6BAACB2,311,311,0.033,-1,-1,Camera 1,No Match,0.0,0.0,StandardMotorcycleSnatch,,,outputs\forensic_thumbnails/thumb_EVT-SIG-D6BAACB2.jpg,outputs/forensic_clips/event_EVT-SIG-D6BAACB2.avi
EVT-SIG-4CCFB8E3,1.mp4,INT-0001,FUSED-INT-0001,SIG-4CCFB8E3,44,44,0.033,-1,-1,Camera 1,No Match,0.0,0.0,StandardMotorcycleSnatch,,,outputs\forensic_thumbnails/thumb_EVT-SIG-4CCFB8E3.jpg,outputs/forensic_clips/event_EVT-SIG-4CCFB8E3.avi
EVT-SIG-C3B3C7A2,1.mp4,INT-0002,FUSED-INT-0002,SIG-C3B3C7A2,311,311,0.033,-1,-1,Camera 1,No Match,0.0,0.0,StandardMotorcycleSnatch,,,outputs\forensic_thumbnails/thumb_EVT-SIG-C3B3C7A2.jpg,outputs/forensic_clips/event_EVT-SIG-C3B3C7A2.avi
EVT-SIG-FBE634D6,1.mp4,INT-0001,FUSED-INT-0001,SIG-FBE634D6,44,44,0.033,-1,-1,Camera 1,No Match,0.0,0.0,StandardMotorcycleSnatch,,,outputs\forensic_thumbnails/thumb_EVT-SIG-FBE634D6.jpg,outputs/forensic_clips/event_EVT-SIG-FBE634D6.avi
EVT-SIG-B4A47DAF,1.mp4,INT-0002,FUSED-INT-0002,SIG-B4A47DAF,311,311,0.033,-1,-1,Camera 1,No Match,0.0,0.0,StandardMotorcycleSnatch,,,outputs\forensic_thumbnails/thumb_EVT-SIG-B4A47DAF.jpg,outputs/forensic_clips/event_EVT-SIG-B4A47DAF.avi
EVT-SIG-4F187A36,1.mp4,INT-0001,FUSED-INT-0001,SIG-4F187A36,44,44,0.033,-1,-1,Camera 1,No Match,0.0,0.0,StandardMotorcycleSnatch,,,outputs\forensic_thumbnails/thumb_EVT-SIG-4F187A36.jpg,outputs/forensic_clips/event_EVT-SIG-4F187A36.avi
EVT-SIG-EA6E7792,1.mp4,INT-0002,FUSED-INT-0002,SIG-EA6E7792,311,311,0.033,-1,-1,Camera 1,No Match,0.0,0.0,StandardMotorcycleSnatch,,,outputs\forensic_thumbnails/thumb_EVT-SIG-EA6E7792.jpg,outputs/forensic_clips/event_EVT-SIG-EA6E7792.avi
EVT-SIG-106D143B,1.mp4,INT-0001,FUSED-INT-0001,SIG-106D143B,44,44,0.033,-1,-1,Camera 1,No Match,0.0,0.0,StandardMotorcycleSnatch,,,outputs\forensic_thumbnails/thumb_EVT-SIG-106D143B.jpg,outputs/forensic_clips/event_EVT-SIG-106D143B.avi
EVT-SIG-29791DB5,1.mp4,INT-0002,FUSED-INT-0002,SIG-29791DB5,311,311,0.033,-1,-1,Camera 1,No Match,0.0,0.0,StandardMotorcycleSnatch,,,outputs\forensic_thumbnails/thumb_EVT-SIG-29791DB5.jpg,outputs/forensic_clips/event_EVT-SIG-29791DB5.avi
EVT-SIG-19FD9F76,1.mp4,INT-0001,FUSED-INT-0001,SIG-19FD9F76,44,44,0.033,-1,-1,Camera 1,No Match,0.0,0.0,StandardMotorcycleSnatch,,,outputs\forensic_thumbnails/thumb_EVT-SIG-19FD9F76.jpg,outputs/forensic_clips/event_EVT-SIG-19FD9F76.avi
EVT-SIG-82454C8E,1.mp4,INT-0002,FUSED-INT-0002,SIG-82454C8E,311,311,0.033,-1,-1,Camera 1,No Match,0.0,0.0,StandardMotorcycleSnatch,,,outputs\forensic_thumbnails/thumb_EVT-SIG-82454C8E.jpg,outputs/forensic_clips/event_EVT-SIG-82454C8E.avi
EVT-SIG-F7CF2272,1.mp4,INT-0001,FUSED-INT-0001,SIG-F7CF2272,44,44,0.033,-1,-1,Camera 1,No Match,0.0,0.0,StandardMotorcycleSnatch,,,outputs\forensic_thumbnails/thumb_EVT-SIG-F7CF2272.jpg,outputs/forensic_clips/event_EVT-SIG-F7CF2272.avi
EVT-SIG-0A86E58A,1.mp4,INT-0002,FUSED-INT-0002,SIG-0A86E58A,311,311,0.033,-1,-1,Camera 1,No Match,0.0,0.0,StandardMotorcycleSnatch,,,outputs\forensic_thumbnails/thumb_EVT-SIG-0A86E58A.jpg,outputs/forensic_clips/event_EVT-SIG-0A86E58A.avi
EVT-SIG-4B5B3DE7,1.mp4,INT-0001,FUSED-INT-0001,SIG-4B5B3DE7,44,44,0.033,-1,-1,Camera 1,No Match,0.0,0.0,StandardMotorcycleSnatch,,,outputs\forensic_thumbnails/thumb_EVT-SIG-4B5B3DE7.jpg,outputs/forensic_clips/event_EVT-SIG-4B5B3DE7.avi
EVT-SIG-F21971F2,1.mp4,INT-0002,FUSED-INT-0002,SIG-F21971F2,311,311,0.033,-1,-1,Camera 1,No Match,0.0,0.0,StandardMotorcycleSnatch,,,outputs\forensic_thumbnails/thumb_EVT-SIG-F21971F2.jpg,outputs/forensic_clips/event_EVT-SIG-F21971F2.avi
EVT-SIG-9B469A1A,1.mp4,INT-0001,FUSED-INT-0001,SIG-9B469A1A,44,44,0.033,-1,-1,Camera 1,No Match,0.0,0.0,StandardMotorcycleSnatch,,,outputs\forensic_thumbnails/thumb_EVT-SIG-9B469A1A.jpg,outputs/forensic_clips/event_EVT-SIG-9B469A1A.avi
EVT-SIG-A0DBAC67,1.mp4,INT-0002,FUSED-INT-0002,SIG-A0DBAC67,311,311,0.033,-1,-1,Camera 1,No Match,0.0,0.0,StandardMotorcycleSnatch,,,outputs\forensic_thumbnails/thumb_EVT-SIG-A0DBAC67.jpg,outputs/forensic_clips/event_EVT-SIG-A0DBAC67.avi
EVT-SIG-EE10BF43,1.mp4,INT-0001,FUSED-INT-0001,SIG-EE10BF43,44,44,0.033,-1,-1,Camera 1,No Match,0.0,0.0,StandardMotorcycleSnatch,,,outputs\forensic_thumbnails/thumb_EVT-SIG-EE10BF43.jpg,outputs/forensic_clips/event_EVT-SIG-EE10BF43.avi
EVT-SIG-9F7C64C6,1.mp4,INT-0002,FUSED-INT-0002,SIG-9F7C64C6,311,311,0.033,-1,-1,Camera 1,No Match,0.0,0.0,StandardMotorcycleSnatch,,,outputs\forensic_thumbnails/thumb_EVT-SIG-9F7C64C6.jpg,outputs/forensic_clips/event_EVT-SIG-9F7C64C6.avi
EVT-SIG-C140A155,1.mp4,INT-0001,FUSED-INT-0001,SIG-C140A155,44,44,0.033,-1,-1,Camera 1,No Match,0.0,0.0,StandardMotorcycleSnatch,,,outputs\forensic_thumbnails/thumb_EVT-SIG-C140A155.jpg,outputs/forensic_clips/event_EVT-SIG-C140A155.avi
EVT-SIG-AEFA4B16,1.mp4,INT-0002,FUSED-INT-0002,SIG-AEFA4B16,311,311,0.033,-1,-1,Camera 1,No Match,0.0,0.0,StandardMotorcycleSnatch,,,outputs\forensic_thumbnails/thumb_EVT-SIG-AEFA4B16.jpg,outputs/forensic_clips/event_EVT-SIG-AEFA4B16.avi
EVT-SIG-7436EC23,1.mp4,INT-0001,FUSED-INT-0001,SIG-7436EC23,44,44,0.033,-1,-1,Camera 1,No Match,0.0,0.0,StandardMotorcycleSnatch,,,outputs\forensic_thumbnails/thumb_EVT-SIG-7436EC23.jpg,outputs/forensic_clips/event_EVT-SIG-7436EC23.avi
EVT-SIG-8E06A91F,1.mp4,INT-0002,FUSED-INT-0002,SIG-8E06A91F,311,311,0.033,-1,-1,Camera 1,No Match,0.0,0.0,StandardMotorcycleSnatch,,,outputs\forensic_thumbnails/thumb_EVT-SIG-8E06A91F.jpg,outputs/forensic_clips/event_EVT-SIG-8E06A91F.avi
EVT-SIG-79B3FF40,1.mp4,INT-0001,FUSED-INT-0001,SIG-79B3FF40,44,44,0.033,-1,-1,Camera 1,No Match,0.0,0.0,StandardMotorcycleSnatch,,,outputs\forensic_thumbnails/thumb_EVT-SIG-79B3FF40.jpg,outputs/forensic_clips/event_EVT-SIG-79B3FF40.avi
EVT-SIG-9E014A5B,1.mp4,INT-0002,FUSED-INT-0002,SIG-9E014A5B,311,311,0.033,-1,-1,Camera 1,No Match,0.0,0.0,StandardMotorcycleSnatch,,,outputs\forensic_thumbnails/thumb_EVT-SIG-9E014A5B.jpg,outputs/forensic_clips/event_EVT-SIG-9E014A5B.avi
EVT-SIG-92E2AED8,1.mp4,INT-0001,FUSED-INT-0001,SIG-92E2AED8,44,44,0.033,-1,-1,Camera 1,No Match,0.0,0.0,StandardMotorcycleSnatch,,,outputs\forensic_thumbnails/thumb_EVT-SIG-92E2AED8.jpg,outputs/forensic_clips/event_EVT-SIG-92E2AED8.avi
EVT-SIG-2CFCAC6A,1.mp4,INT-0002,FUSED-INT-0002,SIG-2CFCAC6A,311,311,0.033,-1,-1,Camera 1,No Match,0.0,0.0,StandardMotorcycleSnatch,,,outputs\forensic_thumbnails/thumb_EVT-SIG-2CFCAC6A.jpg,outputs/forensic_clips/event_EVT-SIG-2CFCAC6A.avi
EVT-SIG-F27D6B70,1.mp4,INT-0001,FUSED-INT-0001,SIG-F27D6B70,44,44,0.033,-1,-1,Camera 1,No Match,0.0,0.0,StandardMotorcycleSnatch,,,outputs\forensic_thumbnails/thumb_EVT-SIG-F27D6B70.jpg,outputs/forensic_clips/event_EVT-SIG-F27D6B70.avi
EVT-SIG-99F25B53,1.mp4,INT-0002,FUSED-INT-0002,SIG-99F25B53,311,311,0.033,-1,-1,Camera 1,No Match,0.0,0.0,StandardMotorcycleSnatch,,,outputs\forensic_thumbnails/thumb_EVT-SIG-99F25B53.jpg,outputs/forensic_clips/event_EVT-SIG-99F25B53.avi
EVT-SIG-907BA430,1.mp4,INT-0001,FUSED-INT-0001,SIG-907BA430,44,44,0.033,-1,-1,Camera 1,No Match,0.0,0.0,StandardMotorcycleSnatch,,,outputs\forensic_thumbnails/thumb_EVT-SIG-907BA430.jpg,outputs/forensic_clips/event_EVT-SIG-907BA430.avi
EVT-SIG-3A5FD08F,1.mp4,INT-0002,FUSED-INT-0002,SIG-3A5FD08F,311,311,0.033,-1,-1,Camera 1,No Match,0.0,0.0,StandardMotorcycleSnatch,,,outputs\forensic_thumbnails/thumb_EVT-SIG-3A5FD08F.jpg,outputs/forensic_clips/event_EVT-SIG-3A5FD08F.avi
EVT-SIG-A18CE12A,1.mp4,INT-0001,FUSED-INT-0001,SIG-A18CE12A,44,44,0.033,-1,-1,Camera 1,No Match,0.0,0.0,StandardMotorcycleSnatch,,,outputs\forensic_thumbnails/thumb_EVT-SIG-A18CE12A.jpg,outputs/forensic_clips/event_EVT-SIG-A18CE12A.avi
EVT-SIG-F8BCD903,1.mp4,INT-0002,FUSED-INT-0002,SIG-F8BCD903,311,311,0.033,-1,-1,Camera 1,No Match,0.0,0.0,StandardMotorcycleSnatch,,,outputs\forensic_thumbnails/thumb_EVT-SIG-F8BCD903.jpg,outputs/forensic_clips/event_EVT-SIG-F8BCD903.avi
EVT-SIG-A2850E06,1.mp4,INT-0001,FUSED-INT-0001,SIG-A2850E06,44,44,0.033,-1,-1,Camera 1,No Match,0.0,0.0,StandardMotorcycleSnatch,,,outputs\forensic_thumbnails/thumb_EVT-SIG-A2850E06.jpg,outputs/forensic_clips/event_EVT-SIG-A2850E06.avi
EVT-SIG-CF7B7ED7,1.mp4,INT-0002,FUSED-INT-0002,SIG-CF7B7ED7,311,311,0.033,-1,-1,Camera 1,No Match,0.0,0.0,StandardMotorcycleSnatch,,,outputs\forensic_thumbnails/thumb_EVT-SIG-CF7B7ED7.jpg,outputs/forensic_clips/event_EVT-SIG-CF7B7ED7.avi
EVT-SIG-5B0FFF54,1.mp4,INT-0001,FUSED-INT-0001,SIG-5B0FFF54,44,44,0.033,-1,-1,Camera 1,No Match,0.0,0.0,StandardMotorcycleSnatch,,,outputs\forensic_thumbnails/thumb_EVT-SIG-5B0FFF54.jpg,outputs/forensic_clips/event_EVT-SIG-5B0FFF54.avi
EVT-SIG-2AF7C3F5,1.mp4,INT-0002,FUSED-INT-0002,SIG-2AF7C3F5,311,311,0.033,-1,-1,Camera 1,No Match,0.0,0.0,StandardMotorcycleSnatch,,,outputs\forensic_thumbnails/thumb_EVT-SIG-2AF7C3F5.jpg,outputs/forensic_clips/event_EVT-SIG-2AF7C3F5.avi
EVT-SIG-3D0BFD41,1.mp4,INT-0001,FUSED-INT-0001,SIG-3D0BFD41,44,44,0.033,-1,-1,Camera 1,No Match,0.1,0.056,StandardMotorcycleSnatch,,,outputs\forensic_thumbnails/thumb_EVT-SIG-3D0BFD41.jpg,outputs/forensic_clips/event_EVT-SIG-3D0BFD41.avi
EVT-SIG-B0CDF874,1.mp4,INT-0002,FUSED-INT-0002,SIG-B0CDF874,311,311,0.033,-1,-1,Camera 1,No Match,0.1,0.056,StandardMotorcycleSnatch,,,outputs\forensic_thumbnails/thumb_EVT-SIG-B0CDF874.jpg,outputs/forensic_clips/event_EVT-SIG-B0CDF874.avi
