signature_id,interaction_id,fusion_id,matched_signature_name,signature_score,decision,confidence,matched_components_count,missing_components_count,recommendation
SIG-31858143,INT-0001,FUSED-INT-0001,StandardMotorcycleSnatch,0.0,No Match,0.0,0,4,ROUTINE RECORD: Interaction INT-0001 exhibits low signature alignment (0%). No immediate forensic action required.
SIG-70E62CBC,INT-0002,FUSED-INT-0002,StandardMotorcycleSnatch,0.2,Weak Match,0.144,1,3,ROUTINE RECORD: Interaction INT-0002 exhibits low signature alignment (20%). No immediate forensic action required.
SIG-FD745C4B,INT-0001,FUSED-INT-0001,StandardMotorcycleSnatch,0.0,No Match,0.0,0,4,ROUTINE RECORD: Interaction INT-0001 exhibits low signature alignment (0%). No immediate forensic action required.
SIG-FD7E7968,INT-0002,FUSED-INT-0002,StandardMotorcycleSnatch,0.2,Weak Match,0.172,1,3,ROUTINE RECORD: Interaction INT-0002 exhibits low signature alignment (20%). No immediate forensic action required.
SIG-5DEAFBBA,INT-0001,FUSED-INT-0001,StandardMotorcycleSnatch,0.0,No Match,0.0,0,4,ROUTINE RECORD: Interaction INT-0001 exhibits low signature alignment (0%). No immediate forensic action required.
SIG-1356BFB0,INT-0002,FUSED-INT-0002,StandardMotorcycleSnatch,0.2,Weak Match,0.172,1,3,ROUTINE RECORD: Interaction INT-0002 exhibits low signature alignment (20%). No immediate forensic action required.
SIG-6893019B,INT-0001,FUSED-INT-0001,StandardMotorcycleSnatch,0.0,No Match,0.0,0,4,ROUTINE RECORD: Interaction INT-0001 exhibits low signature alignment (0%). No immediate forensic action required.
SIG-C86031CB,INT-0002,FUSED-INT-0002,StandardMotorcycleSnatch,0.2,Weak Match,0.172,1,3,ROUTINE RECORD: Interaction INT-0002 exhibits low signature alignment (20%). No immediate forensic action required.
SIG-8B9C8B4A,INT-0001,FUSED-INT-0001,StandardMotorcycleSnatch,0.0,No Match,0.0,0,4,ROUTINE RECORD: Interaction INT-0001 exhibits low signature alignment (0%). No immediate forensic action required.
SIG-DF7FB3E4,INT-0002,FUSED-INT-0002,StandardMotorcycleSnatch,0.2,Weak Match,0.172,1,3,ROUTINE RECORD: Interaction INT-0002 exhibits low signature alignment (20%). No immediate forensic action required.
SIG-78AD02F0,INT-0001,FUSED-INT-0001,StandardMotorcycleSnatch,0.0,No Match,0.0,0,4,ROUTINE RECORD: Interaction INT-0001 exhibits low signature alignment (0%). No immediate forensic action required.
SIG-C7F7141E,INT-0002,FUSED-INT-0002,StandardMotorcycleSnatch,0.2,Weak Match,0.172,1,3,ROUTINE RECORD: Interaction INT-0002 exhibits low signature alignment (20%). No immediate forensic action required.
SIG-2EBFCBC3,INT-0001,FUSED-INT-0001,StandardMotorcycleSnatch,0.0,No Match,0.0,0,4,ROUTINE RECORD: Interaction INT-0001 exhibits low signature alignment (0%). No immediate forensic action required.
SIG-BBB19E78,INT-0002,FUSED-INT-0002,StandardMotorcycleSnatch,0.2,Weak Match,0.172,1,3,ROUTINE RECORD: Interaction INT-0002 exhibits low signature alignment (20%). No immediate forensic action required.
SIG-0131DDA1,INT-0001,FUSED-INT-0001,StandardMotorcycleSnatch,0.0,No Match,0.0,0,4,ROUTINE RECORD: Interaction INT-0001 exhibits low signature alignment (0%). No immediate forensic action required.
SIG-BD2580E4,INT-0002,FUSED-INT-0002,StandardMotorcycleSnatch,0.2,Weak Match,0.172,1,3,ROUTINE RECORD: Interaction INT-0002 exhibits low signature alignment (20%). No immediate forensic action required.
SIG-A71F3201,INT-0001,FUSED-INT-0001,StandardMotorcycleSnatch,0.0,No Match,0.0,0,4,ROUTINE RECORD: Interaction INT-0001 exhibits low signature alignment (0%). No immediate forensic action required.
SIG-B33A06F0,INT-0002,FUSED-INT-0002,StandardMotorcycleSnatch,0.2,Weak Match,0.172,1,3,ROUTINE RECORD: Interaction INT-0002 exhibits low signature alignment (20%). No immediate forensic action required.
SIG-81529BB6,INT-0001,FUSED-INT-0001,StandardMotorcycleSnatch,0.0,No Match,0.0,0,4,ROUTINE RECORD: Interaction INT-0001 exhibits low signature alignment (0%). No immediate forensic action required.
SIG-6E651A1C,INT-0002,FUSED-INT-0002,StandardMotorcycleSnatch,0.2,Weak Match,0.172,1,3,ROUTINE RECORD: Interaction INT-0002 exhibits low signature alignment (20%). No immediate forensic action required.
SIG-DBADBAFD,INT-0001,FUSED-INT-0001,StandardMotorcycleSnatch,0.0,No Match,0.0,0,4,ROUTINE RECORD: Interaction INT-0001 exhibits low signature alignment (0%). No immediate forensic action required.
SIG-937819C7,INT-0002,FUSED-INT-0002,StandardMotorcycleSnatch,0.2,Weak Match,0.172,1,3,ROUTINE RECORD: Interaction INT-0002 exhibits low signature alignment (20%). No immediate forensic action required.
SIG-B4FEE37D,INT-0001,FUSED-INT-0001,StandardMotorcycleSnatch,0.0,No Match,0.0,0,4,ROUTINE RECORD: Interaction INT-0001 exhibits low signature alignment (0%). No immediate forensic action required.
SIG-B91C954A,INT-0002,FUSED-INT-0002,StandardMotorcycleSnatch,0.2,Weak Match,0.172,1,3,ROUTINE RECORD: Interaction INT-0002 exhibits low signature alignment (20%). No immediate forensic action required.
SIG-6C00B3D5,INT-0001,FUSED-INT-0001,StandardMotorcycleSnatch,0.2,Weak Match,0.1693,1,3,ROUTINE RECORD: Interaction INT-0001 exhibits low signature alignment (20%). No immediate forensic action required.
SIG-ACCB72EA,INT-0002,FUSED-INT-0002,StandardMotorcycleSnatch,0.4,Weak Match,0.344,2,2,ROUTINE RECORD: Interaction INT-0002 exhibits low signature alignment (40%). No immediate forensic action required.
SIG-EBA7FEF1,INT-0001,FUSED-INT-0001,StandardMotorcycleSnatch,0.2,Weak Match,0.1697,1,3,ROUTINE RECORD: Interaction INT-0001 exhibits low signature alignment (20%). No immediate forensic action required.
SIG-0142D24B,INT-0002,FUSED-INT-0002,StandardMotorcycleSnatch,0.75,Strong Match,0.6604,3,1,FLAGGED FOR HIGH-PRIORITY FORENSIC REVIEW: Interaction INT-0002 exhibits strong signature alignment (75%). Export forensic video clip for investigation.
SIG-B760FCEB,INT-0001,FUSED-INT-0001,StandardMotorcycleSnatch,0.0,No Match,0.0,0,4,ROUTINE RECORD: Interaction INT-0001 exhibits low signature alignment (0%). No immediate forensic action required.
SIG-9FE78DB4,INT-0002,FUSED-INT-0002,StandardMotorcycleSnatch,0.55,Partial Match,0.4761,2,2,FLAGGED FOR SECONDARY REVIEW: Interaction INT-0002 shows partial signature match (55%). Verify reaching/grabbing action manually.
SIG-6267981D,INT-0001,FUSED-INT-0001,StandardMotorcycleSnatch,0.0,No Match,0.0,0,4,ROUTINE RECORD: Interaction INT-0001 exhibits low signature alignment (0%). No immediate forensic action required.
SIG-AB1D7F91,INT-0002,FUSED-INT-0002,StandardMotorcycleSnatch,0.8,High Confidence Match,0.6761,3,1,FLAGGED FOR HIGH-PRIORITY FORENSIC REVIEW: Interaction INT-0002 exhibits strong signature alignment (80%). Export forensic video clip for investigation.
SIG-52F1B8A8,INT-0001,FUSED-INT-0001,StandardMotorcycleSnatch,0.0,No Match,0.0,0,4,ROUTINE RECORD: Interaction INT-0001 exhibits low signature alignment (0%). No immediate forensic action required.
SIG-760A073D,INT-0002,FUSED-INT-0002,StandardMotorcycleSnatch,0.8,High Confidence Match,0.6867,3,1,FLAGGED FOR HIGH-PRIORITY FORENSIC REVIEW: Interaction INT-0002 exhibits strong signature alignment (80%). Export forensic video clip for investigation.
SIG-6D11ABA8,INT-0001,FUSED-INT-0001,StandardMotorcycleSnatch,0.0,No Match,0.0,0,4,ROUTINE RECORD: Interaction INT-0001 exhibits low signature alignment (0%). No immediate forensic action required.
SIG-C668CB47,INT-0002,FUSED-INT-0002,StandardMotorcycleSnatch,0.8,High Confidence Match,0.6948,3,1,FLAGGED FOR HIGH-PRIORITY FORENSIC REVIEW: Interaction INT-0002 exhibits strong signature alignment (80%). Export forensic video clip for investigation.
SIG-FF1B2CBB,INT-0001,FUSED-INT-0001,StandardMotorcycleSnatch,0.0,No Match,0.0,0,4,ROUTINE RECORD: Interaction INT-0001 exhibits low signature alignment (0%). No immediate forensic action required.
SIG-34DFD3ED,INT-0002,FUSED-INT-0002,StandardMotorcycleSnatch,0.8,High Confidence Match,0.7006,3,1,FLAGGED FOR HIGH-PRIORITY FORENSIC REVIEW: Interaction INT-0002 exhibits strong signature alignment (80%). Export forensic video clip for investigation.
SIG-29287ACD,INT-0001,FUSED-INT-0001,StandardMotorcycleSnatch,0.0,No Match,0.0,0,4,ROUTINE RECORD: Interaction INT-0001 exhibits low signature alignment (0%). No immediate forensic action required.
SIG-66E85FB6,INT-0002,FUSED-INT-0002,StandardMotorcycleSnatch,0.8,High Confidence Match,0.7048,3,1,FLAGGED FOR HIGH-PRIORITY FORENSIC REVIEW: Interaction INT-0002 exhibits strong signature alignment (80%). Export forensic video clip for investigation.
SIG-F5DA3B30,INT-0001,FUSED-INT-0001,StandardMotorcycleSnatch,0.0,No Match,0.0,0,4,ROUTINE RECORD: Interaction INT-0001 exhibits low signature alignment (0%). No immediate forensic action required.
SIG-025738B1,INT-0002,FUSED-INT-0002,StandardMotorcycleSnatch,0.8,High Confidence Match,0.7074,3,1,FLAGGED FOR HIGH-PRIORITY FORENSIC REVIEW: Interaction INT-0002 exhibits strong signature alignment (80%). Export forensic video clip for investigation.
SIG-803E19A7,INT-0001,FUSED-INT-0001,StandardMotorcycleSnatch,0.0,No Match,0.0,0,4,ROUTINE RECORD: Interaction INT-0001 exhibits low signature alignment (0%). No immediate forensic action required.
SIG-B5A1B467,INT-0002,FUSED-INT-0002,StandardMotorcycleSnatch,0.8,High Confidence Match,0.7086,3,1,FLAGGED FOR HIGH-PRIORITY FORENSIC REVIEW: Interaction INT-0002 exhibits strong signature alignment (80%). Export forensic video clip for investigation.
SIG-919087FE,INT-0001,FUSED-INT-0001,StandardMotorcycleSnatch,0.0,No Match,0.0,0,4,ROUTINE RECORD: Interaction INT-0001 exhibits low signature alignment (0%). No immediate forensic action required.
SIG-41582A31,INT-0002,FUSED-INT-0002,StandardMotorcycleSnatch,0.8,High Confidence Match,0.7074,3,1,FLAGGED FOR HIGH-PRIORITY FORENSIC REVIEW: Interaction INT-0002 exhibits strong signature alignment (80%). Export forensic video clip for investigation.
SIG-923D4E7A,INT-0001,FUSED-INT-0001,StandardMotorcycleSnatch,0.0,No Match,0.0,0,4,ROUTINE RECORD: Interaction INT-0001 exhibits low signature alignment (0%). No immediate forensic action required.
SIG-4EFCB1F2,INT-0002,FUSED-INT-0002,StandardMotorcycleSnatch,0.8,High Confidence Match,0.7058,3,1,FLAGGED FOR HIGH-PRIORITY FORENSIC REVIEW: Interaction INT-0002 exhibits strong signature alignment (80%). Export forensic video clip for investigation.
SIG-1B1C6040,INT-0001,FUSED-INT-0001,StandardMotorcycleSnatch,0.0,No Match,0.0,0,4,ROUTINE RECORD: Interaction INT-0001 exhibits low signature alignment (0%). No immediate forensic action required.
SIG-65A44956,INT-0002,FUSED-INT-0002,StandardMotorcycleSnatch,0.8,High Confidence Match,0.702,3,1,FLAGGED FOR HIGH-PRIORITY FORENSIC REVIEW: Interaction INT-0002 exhibits strong signature alignment (80%). Export forensic video clip for investigation.
SIG-64E8BCD4,INT-0001,FUSED-INT-0001,StandardMotorcycleSnatch,0.0,No Match,0.0,0,4,ROUTINE RECORD: Interaction INT-0001 exhibits low signature alignment (0%). No immediate forensic action required.
SIG-2CBDD517,INT-0002,FUSED-INT-0002,StandardMotorcycleSnatch,0.8,High Confidence Match,0.6983,3,1,FLAGGED FOR HIGH-PRIORITY FORENSIC REVIEW: Interaction INT-0002 exhibits strong signature alignment (80%). Export forensic video clip for investigation.
SIG-442D6AC8,INT-0001,FUSED-INT-0001,StandardMotorcycleSnatch,0.0,No Match,0.0,0,4,ROUTINE RECORD: Interaction INT-0001 exhibits low signature alignment (0%). No immediate forensic action required.
SIG-0B369130,INT-0002,FUSED-INT-0002,StandardMotorcycleSnatch,0.8,High Confidence Match,0.6931,3,1,FLAGGED FOR HIGH-PRIORITY FORENSIC REVIEW: Interaction INT-0002 exhibits strong signature alignment (80%). Export forensic video clip for investigation.
SIG-73F58F27,INT-0001,FUSED-INT-0001,StandardMotorcycleSnatch,0.2,Weak Match,0.1698,1,3,ROUTINE RECORD: Interaction INT-0001 exhibits low signature alignment (20%). No immediate forensic action required.
SIG-6CBF8D06,INT-0002,FUSED-INT-0002,StandardMotorcycleSnatch,0.8,High Confidence Match,0.6881,3,1,FLAGGED FOR HIGH-PRIORITY FORENSIC REVIEW: Interaction INT-0002 exhibits strong signature alignment (80%). Export forensic video clip for investigation.
SIG-CD87B01B,INT-0001,FUSED-INT-0001,StandardMotorcycleSnatch,0.2,Weak Match,0.1694,1,3,ROUTINE RECORD: Interaction INT-0001 exhibits low signature alignment (20%). No immediate forensic action required.
SIG-E2AAC846,INT-0002,FUSED-INT-0002,StandardMotorcycleSnatch,0.8,High Confidence Match,0.6819,3,1,FLAGGED FOR HIGH-PRIORITY FORENSIC REVIEW: Interaction INT-0002 exhibits strong signature alignment (80%). Export forensic video clip for investigation.
SIG-0E8E0805,INT-0001,FUSED-INT-0001,StandardMotorcycleSnatch,0.0,No Match,0.0,0,4,ROUTINE RECORD: Interaction INT-0001 exhibits low signature alignment (0%). No immediate forensic action required.
SIG-7BB2A2D1,INT-0002,FUSED-INT-0002,StandardMotorcycleSnatch,0.8,High Confidence Match,0.6761,3,1,FLAGGED FOR HIGH-PRIORITY FORENSIC REVIEW: Interaction INT-0002 exhibits strong signature alignment (80%). Export forensic video clip for investigation.
SIG-D8508F0B,INT-0001,FUSED-INT-0001,StandardMotorcycleSnatch,0.0,No Match,0.0,0,4,ROUTINE RECORD: Interaction INT-0001 exhibits low signature alignment (0%). No immediate forensic action required.
SIG-6D46E2DF,INT-0002,FUSED-INT-0002,StandardMotorcycleSnatch,0.8,High Confidence Match,0.6696,3,1,FLAGGED FOR HIGH-PRIORITY FORENSIC REVIEW: Interaction INT-0002 exhibits strong signature alignment (80%). Export forensic video clip for investigation.
SIG-D8BF1C82,INT-0001,FUSED-INT-0001,StandardMotorcycleSnatch,0.0,No Match,0.0,0,4,ROUTINE RECORD: Interaction INT-0001 exhibits low signature alignment (0%). No immediate forensic action required.
SIG-E2C9B473,INT-0002,FUSED-INT-0002,StandardMotorcycleSnatch,0.8,High Confidence Match,0.6634,3,1,FLAGGED FOR HIGH-PRIORITY FORENSIC REVIEW: Interaction INT-0002 exhibits strong signature alignment (80%). Export forensic video clip for investigation.
SIG-02A4CB8A,INT-0001,FUSED-INT-0001,StandardMotorcycleSnatch,0.0,No Match,0.0,0,4,ROUTINE RECORD: Interaction INT-0001 exhibits low signature alignment (0%). No immediate forensic action required.
SIG-F73FE577,INT-0002,FUSED-INT-0002,StandardMotorcycleSnatch,0.8,High Confidence Match,0.6634,3,1,FLAGGED FOR HIGH-PRIORITY FORENSIC REVIEW: Interaction INT-0002 exhibits strong signature alignment (80%). Export forensic video clip for investigation.
SIG-42EFD093,INT-0003,FUSED-INT-0003,StandardMotorcycleSnatch,0.4,Weak Match,0.288,2,2,ROUTINE RECORD: Interaction INT-0003 exhibits low signature alignment (40%). No immediate forensic action required.
SIG-FBBBA5B9,INT-0001,FUSED-INT-0001,StandardMotorcycleSnatch,0.0,No Match,0.0,0,4,ROUTINE RECORD: Interaction INT-0001 exhibits low signature alignment (0%). No immediate forensic action required.
SIG-B305139A,INT-0002,FUSED-INT-0002,StandardMotorcycleSnatch,0.8,High Confidence Match,0.6634,3,1,FLAGGED FOR HIGH-PRIORITY FORENSIC REVIEW: Interaction INT-0002 exhibits strong signature alignment (80%). Export forensic video clip for investigation.
SIG-9A059334,INT-0003,FUSED-INT-0003,StandardMotorcycleSnatch,0.4,Weak Match,0.344,2,2,ROUTINE RECORD: Interaction INT-0003 exhibits low signature alignment (40%). No immediate forensic action required.
SIG-C7F40B2C,INT-0001,FUSED-INT-0001,StandardMotorcycleSnatch,0.0,No Match,0.0,0,4,ROUTINE RECORD: Interaction INT-0001 exhibits low signature alignment (0%). No immediate forensic action required.
SIG-5D6BC737,INT-0002,FUSED-INT-0002,StandardMotorcycleSnatch,0.8,High Confidence Match,0.6634,3,1,FLAGGED FOR HIGH-PRIORITY FORENSIC REVIEW: Interaction INT-0002 exhibits strong signature alignment (80%). Export forensic video clip for investigation.
SIG-998ED181,INT-0003,FUSED-INT-0003,StandardMotorcycleSnatch,0.4,Weak Match,0.3118,2,2,ROUTINE RECORD: Interaction INT-0003 exhibits low signature alignment (40%). No immediate forensic action required.
SIG-D0CF2319,INT-0001,FUSED-INT-0001,StandardMotorcycleSnatch,0.0,No Match,0.0,0,4,ROUTINE RECORD: Interaction INT-0001 exhibits low signature alignment (0%). No immediate forensic action required.
SIG-78513178,INT-0002,FUSED-INT-0002,StandardMotorcycleSnatch,0.8,High Confidence Match,0.6634,3,1,FLAGGED FOR HIGH-PRIORITY FORENSIC REVIEW: Interaction INT-0002 exhibits strong signature alignment (80%). Export forensic video clip for investigation.
SIG-6DEA9295,INT-0003,FUSED-INT-0003,StandardMotorcycleSnatch,0.4,Weak Match,0.2961,2,2,ROUTINE RECORD: Interaction INT-0003 exhibits low signature alignment (40%). No immediate forensic action required.
SIG-0BD566A9,INT-0001,FUSED-INT-0001,StandardMotorcycleSnatch,0.0,No Match,0.0,0,4,ROUTINE RECORD: Interaction INT-0001 exhibits low signature alignment (0%). No immediate forensic action required.
SIG-138BC744,INT-0002,FUSED-INT-0002,StandardMotorcycleSnatch,0.8,High Confidence Match,0.6634,3,1,FLAGGED FOR HIGH-PRIORITY FORENSIC REVIEW: Interaction INT-0002 exhibits strong signature alignment (80%). Export forensic video clip for investigation.
SIG-2A46AAD5,INT-0003,FUSED-INT-0003,StandardMotorcycleSnatch,0.4,Weak Match,0.2916,2,2,ROUTINE RECORD: Interaction INT-0003 exhibits low signature alignment (40%). No immediate forensic action required.
SIG-17E38304,INT-0001,FUSED-INT-0001,StandardMotorcycleSnatch,0.0,No Match,0.0,0,4,ROUTINE RECORD: Interaction INT-0001 exhibits low signature alignment (0%). No immediate forensic action required.
SIG-7643972A,INT-0002,FUSED-INT-0002,StandardMotorcycleSnatch,0.8,High Confidence Match,0.6634,3,1,FLAGGED FOR HIGH-PRIORITY FORENSIC REVIEW: Interaction INT-0002 exhibits strong signature alignment (80%). Export forensic video clip for investigation.
SIG-F7DA56FE,INT-0003,FUSED-INT-0003,StandardMotorcycleSnatch,0.4,Weak Match,0.2884,2,2,ROUTINE RECORD: Interaction INT-0003 exhibits low signature alignment (40%). No immediate forensic action required.
SIG-EDE55BE2,INT-0001,FUSED-INT-0001,StandardMotorcycleSnatch,0.0,No Match,0.0,0,4,ROUTINE RECORD: Interaction INT-0001 exhibits low signature alignment (0%). No immediate forensic action required.
SIG-B259D4E3,INT-0002,FUSED-INT-0002,StandardMotorcycleSnatch,0.8,High Confidence Match,0.6634,3,1,FLAGGED FOR HIGH-PRIORITY FORENSIC REVIEW: Interaction INT-0002 exhibits strong signature alignment (80%). Export forensic video clip for investigation.
SIG-481229EB,INT-0003,FUSED-INT-0003,StandardMotorcycleSnatch,0.4,Weak Match,0.286,2,2,ROUTINE RECORD: Interaction INT-0003 exhibits low signature alignment (40%). No immediate forensic action required.
SIG-558115CB,INT-0001,FUSED-INT-0001,StandardMotorcycleSnatch,0.0,No Match,0.0,0,4,ROUTINE RECORD: Interaction INT-0001 exhibits low signature alignment (0%). No immediate forensic action required.
SIG-7F5D4351,INT-0002,FUSED-INT-0002,StandardMotorcycleSnatch,0.8,High Confidence Match,0.6634,3,1,FLAGGED FOR HIGH-PRIORITY FORENSIC REVIEW: Interaction INT-0002 exhibits strong signature alignment (80%). Export forensic video clip for investigation.
SIG-0AD7A421,INT-0003,FUSED-INT-0003,StandardMotorcycleSnatch,0.4,Weak Match,0.2861,2,2,ROUTINE RECORD: Interaction INT-0003 exhibits low signature alignment (40%). No immediate forensic action required.
SIG-9F789BF8,INT-0001,FUSED-INT-0001,StandardMotorcycleSnatch,0.0,No Match,0.0,0,4,ROUTINE RECORD: Interaction INT-0001 exhibits low signature alignment (0%). No immediate forensic action required.
SIG-6CF86CAA,INT-0002,FUSED-INT-0002,StandardMotorcycleSnatch,0.8,High Confidence Match,0.6634,3,1,FLAGGED FOR HIGH-PRIORITY FORENSIC REVIEW: Interaction INT-0002 exhibits strong signature alignment (80%). Export forensic video clip for investigation.
SIG-4CD38C54,INT-0003,FUSED-INT-0003,StandardMotorcycleSnatch,0.4,Weak Match,0.2842,2,2,ROUTINE RECORD: Interaction INT-0003 exhibits low signature alignment (40%). No immediate forensic action required.
SIG-B0685063,INT-0001,FUSED-INT-0001,StandardMotorcycleSnatch,0.0,No Match,0.0,0,4,ROUTINE RECORD: Interaction INT-0001 exhibits low signature alignment (0%). No immediate forensic action required.
SIG-0A425749,INT-0002,FUSED-INT-0002,StandardMotorcycleSnatch,0.8,High Confidence Match,0.6634,3,1,FLAGGED FOR HIGH-PRIORITY FORENSIC REVIEW: Interaction INT-0002 exhibits strong signature alignment (80%). Export forensic video clip for investigation.
SIG-9B6350D1,INT-0003,FUSED-INT-0003,StandardMotorcycleSnatch,0.4,Weak Match,0.294,2,2,ROUTINE RECORD: Interaction INT-0003 exhibits low signature alignment (40%). No immediate forensic action required.
SIG-18EC8C1C,INT-0001,FUSED-INT-0001,StandardMotorcycleSnatch,0.0,No Match,0.0,0,4,ROUTINE RECORD: Interaction INT-0001 exhibits low signature alignment (0%). No immediate forensic action required.
SIG-F1626415,INT-0002,FUSED-INT-0002,StandardMotorcycleSnatch,0.8,High Confidence Match,0.6634,3,1,FLAGGED FOR HIGH-PRIORITY FORENSIC REVIEW: Interaction INT-0002 exhibits strong signature alignment (80%). Export forensic video clip for investigation.
SIG-1D22F61D,INT-0003,FUSED-INT-0003,StandardMotorcycleSnatch,0.4,Weak Match,0.3026,2,2,ROUTINE RECORD: Interaction INT-0003 exhibits low signature alignment (40%). No immediate forensic action required.
SIG-AABD0199,INT-0001,FUSED-INT-0001,StandardMotorcycleSnatch,0.0,No Match,0.0,0,4,ROUTINE RECORD: Interaction INT-0001 exhibits low signature alignment (0%). No immediate forensic action required.
SIG-EECF54A3,INT-0002,FUSED-INT-0002,StandardMotorcycleSnatch,0.8,High Confidence Match,0.6634,3,1,FLAGGED FOR HIGH-PRIORITY FORENSIC REVIEW: Interaction INT-0002 exhibits strong signature alignment (80%). Export forensic video clip for investigation.
SIG-71BB46A2,INT-0003,FUSED-INT-0003,StandardMotorcycleSnatch,0.4,Weak Match,0.3048,2,2,ROUTINE RECORD: Interaction INT-0003 exhibits low signature alignment (40%). No immediate forensic action required.
SIG-A1B0DC4D,INT-0001,FUSED-INT-0001,StandardMotorcycleSnatch,0.0,No Match,0.0,0,4,ROUTINE RECORD: Interaction INT-0001 exhibits low signature alignment (0%). No immediate forensic action required.
SIG-361258B6,INT-0002,FUSED-INT-0002,StandardMotorcycleSnatch,0.8,High Confidence Match,0.6634,3,1,FLAGGED FOR HIGH-PRIORITY FORENSIC REVIEW: Interaction INT-0002 exhibits strong signature alignment (80%). Export forensic video clip for investigation.
SIG-6989BAA5,INT-0003,FUSED-INT-0003,StandardMotorcycleSnatch,0.4,Weak Match,0.3054,2,2,ROUTINE RECORD: Interaction INT-0003 exhibits low signature alignment (40%). No immediate forensic action required.
SIG-888B6E06,INT-0001,FUSED-INT-0001,StandardMotorcycleSnatch,0.0,No Match,0.0,0,4,ROUTINE RECORD: Interaction INT-0001 exhibits low signature alignment (0%). No immediate forensic action required.
SIG-5AF2D19F,INT-0002,FUSED-INT-0002,StandardMotorcycleSnatch,0.8,High Confidence Match,0.6634,3,1,FLAGGED FOR HIGH-PRIORITY FORENSIC REVIEW: Interaction INT-0002 exhibits strong signature alignment (80%). Export forensic video clip for investigation.
SIG-640863EF,INT-0003,FUSED-INT-0003,StandardMotorcycleSnatch,0.4,Weak Match,0.3102,2,2,ROUTINE RECORD: Interaction INT-0003 exhibits low signature alignment (40%). No immediate forensic action required.
SIG-6EC4D564,INT-0001,FUSED-INT-0001,StandardMotorcycleSnatch,0.0,No Match,0.0,0,4,ROUTINE RECORD: Interaction INT-0001 exhibits low signature alignment (0%). No immediate forensic action required.
SIG-A491251B,INT-0002,FUSED-INT-0002,StandardMotorcycleSnatch,0.8,High Confidence Match,0.6634,3,1,FLAGGED FOR HIGH-PRIORITY FORENSIC REVIEW: Interaction INT-0002 exhibits strong signature alignment (80%). Export forensic video clip for investigation.
SIG-EFB37D9D,INT-0003,FUSED-INT-0003,StandardMotorcycleSnatch,0.4,Weak Match,0.3117,2,2,ROUTINE RECORD: Interaction INT-0003 exhibits low signature alignment (40%). No immediate forensic action required.
SIG-6C1BBD59,INT-0001,FUSED-INT-0001,StandardMotorcycleSnatch,0.0,No Match,0.0,0,4,ROUTINE RECORD: Interaction INT-0001 exhibits low signature alignment (0%). No immediate forensic action required.
SIG-F5EC49EE,INT-0002,FUSED-INT-0002,StandardMotorcycleSnatch,0.8,High Confidence Match,0.6634,3,1,FLAGGED FOR HIGH-PRIORITY FORENSIC REVIEW: Interaction INT-0002 exhibits strong signature alignment (80%). Export forensic video clip for investigation.
SIG-2106285A,INT-0003,FUSED-INT-0003,StandardMotorcycleSnatch,0.4,Weak Match,0.3152,2,2,ROUTINE RECORD: Interaction INT-0003 exhibits low signature alignment (40%). No immediate forensic action required.
SIG-ECB93F8F,INT-0001,FUSED-INT-0001,StandardMotorcycleSnatch,0.0,No Match,0.0,0,4,ROUTINE RECORD: Interaction INT-0001 exhibits low signature alignment (0%). No immediate forensic action required.
SIG-5B3BF098,INT-0002,FUSED-INT-0002,StandardMotorcycleSnatch,0.8,High Confidence Match,0.6634,3,1,FLAGGED FOR HIGH-PRIORITY FORENSIC REVIEW: Interaction INT-0002 exhibits strong signature alignment (80%). Export forensic video clip for investigation.
SIG-95EAC807,INT-0003,FUSED-INT-0003,StandardMotorcycleSnatch,0.4,Weak Match,0.3161,2,2,ROUTINE RECORD: Interaction INT-0003 exhibits low signature alignment (40%). No immediate forensic action required.
SIG-1C314897,INT-0001,FUSED-INT-0001,StandardMotorcycleSnatch,0.0,No Match,0.0,0,4,ROUTINE RECORD: Interaction INT-0001 exhibits low signature alignment (0%). No immediate forensic action required.
SIG-27CA5F5F,INT-0002,FUSED-INT-0002,StandardMotorcycleSnatch,0.8,High Confidence Match,0.6634,3,1,FLAGGED FOR HIGH-PRIORITY FORENSIC REVIEW: Interaction INT-0002 exhibits strong signature alignment (80%). Export forensic video clip for investigation.
SIG-2A78E4BB,INT-0003,FUSED-INT-0003,StandardMotorcycleSnatch,0.4,Weak Match,0.3192,2,2,ROUTINE RECORD: Interaction INT-0003 exhibits low signature alignment (40%). No immediate forensic action required.
SIG-B08BD289,INT-0001,FUSED-INT-0001,StandardMotorcycleSnatch,0.0,No Match,0.0,0,4,ROUTINE RECORD: Interaction INT-0001 exhibits low signature alignment (0%). No immediate forensic action required.
SIG-C125530D,INT-0002,FUSED-INT-0002,StandardMotorcycleSnatch,0.8,High Confidence Match,0.6634,3,1,FLAGGED FOR HIGH-PRIORITY FORENSIC REVIEW: Interaction INT-0002 exhibits strong signature alignment (80%). Export forensic video clip for investigation.
SIG-B6AE6792,INT-0003,FUSED-INT-0003,StandardMotorcycleSnatch,0.4,Weak Match,0.3193,2,2,ROUTINE RECORD: Interaction INT-0003 exhibits low signature alignment (40%). No immediate forensic action required.
SIG-4AAC8CC6,INT-0001,FUSED-INT-0001,StandardMotorcycleSnatch,0.0,No Match,0.0,0,4,ROUTINE RECORD: Interaction INT-0001 exhibits low signature alignment (0%). No immediate forensic action required.
SIG-5F2FB3A2,INT-0002,FUSED-INT-0002,StandardMotorcycleSnatch,0.8,High Confidence Match,0.6634,3,1,FLAGGED FOR HIGH-PRIORITY FORENSIC REVIEW: Interaction INT-0002 exhibits strong signature alignment (80%). Export forensic video clip for investigation.
SIG-03E3D33B,INT-0003,FUSED-INT-0003,StandardMotorcycleSnatch,0.4,Weak Match,0.3192,2,2,ROUTINE RECORD: Interaction INT-0003 exhibits low signature alignment (40%). No immediate forensic action required.
SIG-5811305F,INT-0001,FUSED-INT-0001,StandardMotorcycleSnatch,0.0,No Match,0.0,0,4,ROUTINE RECORD: Interaction INT-0001 exhibits low signature alignment (0%). No immediate forensic action required.
SIG-8F8505A0,INT-0002,FUSED-INT-0002,StandardMotorcycleSnatch,0.8,High Confidence Match,0.6634,3,1,FLAGGED FOR HIGH-PRIORITY FORENSIC REVIEW: Interaction INT-0002 exhibits strong signature alignment (80%). Export forensic video clip for investigation.
SIG-192C4631,INT-0003,FUSED-INT-0003,StandardMotorcycleSnatch,0.4,Weak Match,0.3176,2,2,ROUTINE RECORD: Interaction INT-0003 exhibits low signature alignment (40%). No immediate forensic action required.
SIG-1CDC8A55,INT-0001,FUSED-INT-0001,StandardMotorcycleSnatch,0.0,No Match,0.0,0,4,ROUTINE RECORD: Interaction INT-0001 exhibits low signature alignment (0%). No immediate forensic action required.
SIG-66A0F3D1,INT-0002,FUSED-INT-0002,StandardMotorcycleSnatch,0.8,High Confidence Match,0.6634,3,1,FLAGGED FOR HIGH-PRIORITY FORENSIC REVIEW: Interaction INT-0002 exhibits strong signature alignment (80%). Export forensic video clip for investigation.
SIG-A5DF47EE,INT-0003,FUSED-INT-0003,StandardMotorcycleSnatch,0.4,Weak Match,0.3176,2,2,ROUTINE RECORD: Interaction INT-0003 exhibits low signature alignment (40%). No immediate forensic action required.
SIG-0183B74F,INT-0001,FUSED-INT-0001,StandardMotorcycleSnatch,0.0,No Match,0.0,0,4,ROUTINE RECORD: Interaction INT-0001 exhibits low signature alignment (0%). No immediate forensic action required.
SIG-D2D7C495,INT-0002,FUSED-INT-0002,StandardMotorcycleSnatch,0.8,High Confidence Match,0.6634,3,1,FLAGGED FOR HIGH-PRIORITY FORENSIC REVIEW: Interaction INT-0002 exhibits strong signature alignment (80%). Export forensic video clip for investigation.
SIG-F9289727,INT-0003,FUSED-INT-0003,StandardMotorcycleSnatch,0.4,Weak Match,0.3165,2,2,ROUTINE RECORD: Interaction INT-0003 exhibits low signature alignment (40%). No immediate forensic action required.
SIG-DAF3E8F8,INT-0001,FUSED-INT-0001,StandardMotorcycleSnatch,0.0,No Match,0.0,0,4,ROUTINE RECORD: Interaction INT-0001 exhibits low signature alignment (0%). No immediate forensic action required.
SIG-23206683,INT-0002,FUSED-INT-0002,StandardMotorcycleSnatch,0.8,High Confidence Match,0.6634,3,1,FLAGGED FOR HIGH-PRIORITY FORENSIC REVIEW: Interaction INT-0002 exhibits strong signature alignment (80%). Export forensic video clip for investigation.
SIG-A1E872F6,INT-0003,FUSED-INT-0003,StandardMotorcycleSnatch,0.4,Weak Match,0.3185,2,2,ROUTINE RECORD: Interaction INT-0003 exhibits low signature alignment (40%). No immediate forensic action required.
SIG-D4E489F7,INT-0001,FUSED-INT-0001,StandardMotorcycleSnatch,0.0,No Match,0.0,0,4,ROUTINE RECORD: Interaction INT-0001 exhibits low signature alignment (0%). No immediate forensic action required.
SIG-13E998AA,INT-0002,FUSED-INT-0002,StandardMotorcycleSnatch,0.8,High Confidence Match,0.6634,3,1,FLAGGED FOR HIGH-PRIORITY FORENSIC REVIEW: Interaction INT-0002 exhibits strong signature alignment (80%). Export forensic video clip for investigation.
SIG-243D83D2,INT-0003,FUSED-INT-0003,StandardMotorcycleSnatch,0.4,Weak Match,0.3196,2,2,ROUTINE RECORD: Interaction INT-0003 exhibits low signature alignment (40%). No immediate forensic action required.
SIG-6E8CA385,INT-0001,FUSED-INT-0001,StandardMotorcycleSnatch,0.0,No Match,0.0,0,4,ROUTINE RECORD: Interaction INT-0001 exhibits low signature alignment (0%). No immediate forensic action required.
SIG-F6474E11,INT-0002,FUSED-INT-0002,StandardMotorcycleSnatch,0.8,High Confidence Match,0.6634,3,1,FLAGGED FOR HIGH-PRIORITY FORENSIC REVIEW: Interaction INT-0002 exhibits strong signature alignment (80%). Export forensic video clip for investigation.
SIG-FFEA1DF1,INT-0003,FUSED-INT-0003,StandardMotorcycleSnatch,0.4,Weak Match,0.3206,2,2,ROUTINE RECORD: Interaction INT-0003 exhibits low signature alignment (40%). No immediate forensic action required.
SIG-EE7AD8CF,INT-0001,FUSED-INT-0001,StandardMotorcycleSnatch,0.0,No Match,0.0,0,4,ROUTINE RECORD: Interaction INT-0001 exhibits low signature alignment (0%). No immediate forensic action required.
SIG-6EA8699C,INT-0002,FUSED-INT-0002,StandardMotorcycleSnatch,0.8,High Confidence Match,0.6634,3,1,FLAGGED FOR HIGH-PRIORITY FORENSIC REVIEW: Interaction INT-0002 exhibits strong signature alignment (80%). Export forensic video clip for investigation.
SIG-FAE93F5E,INT-0003,FUSED-INT-0003,StandardMotorcycleSnatch,0.4,Weak Match,0.3219,2,2,ROUTINE RECORD: Interaction INT-0003 exhibits low signature alignment (40%). No immediate forensic action required.
SIG-3EF24F7C,INT-0001,FUSED-INT-0001,StandardMotorcycleSnatch,0.0,No Match,0.0,0,4,ROUTINE RECORD: Interaction INT-0001 exhibits low signature alignment (0%). No immediate forensic action required.
SIG-1686E243,INT-0002,FUSED-INT-0002,StandardMotorcycleSnatch,0.8,High Confidence Match,0.6634,3,1,FLAGGED FOR HIGH-PRIORITY FORENSIC REVIEW: Interaction INT-0002 exhibits strong signature alignment (80%). Export forensic video clip for investigation.
SIG-58C6DD69,INT-0003,FUSED-INT-0003,StandardMotorcycleSnatch,0.4,Weak Match,0.3218,2,2,ROUTINE RECORD: Interaction INT-0003 exhibits low signature alignment (40%). No immediate forensic action required.
SIG-8F96069C,INT-0001,FUSED-INT-0001,StandardMotorcycleSnatch,0.0,No Match,0.0,0,4,ROUTINE RECORD: Interaction INT-0001 exhibits low signature alignment (0%). No immediate forensic action required.
SIG-59C1F57D,INT-0002,FUSED-INT-0002,StandardMotorcycleSnatch,0.8,High Confidence Match,0.6634,3,1,FLAGGED FOR HIGH-PRIORITY FORENSIC REVIEW: Interaction INT-0002 exhibits strong signature alignment (80%). Export forensic video clip for investigation.
SIG-2CB281E3,INT-0003,FUSED-INT-0003,StandardMotorcycleSnatch,0.4,Weak Match,0.3234,2,2,ROUTINE RECORD: Interaction INT-0003 exhibits low signature alignment (40%). No immediate forensic action required.
SIG-3DDEA1B5,INT-0001,FUSED-INT-0001,StandardMotorcycleSnatch,0.0,No Match,0.0,0,4,ROUTINE RECORD: Interaction INT-0001 exhibits low signature alignment (0%). No immediate forensic action required.
SIG-43BE1FCB,INT-0002,FUSED-INT-0002,StandardMotorcycleSnatch,0.8,High Confidence Match,0.6634,3,1,FLAGGED FOR HIGH-PRIORITY FORENSIC REVIEW: Interaction INT-0002 exhibits strong signature alignment (80%). Export forensic video clip for investigation.
SIG-E3584C81,INT-0003,FUSED-INT-0003,StandardMotorcycleSnatch,0.4,Weak Match,0.3242,2,2,ROUTINE RECORD: Interaction INT-0003 exhibits low signature alignment (40%). No immediate forensic action required.
SIG-313A1156,INT-0001,FUSED-INT-0001,StandardMotorcycleSnatch,0.0,No Match,0.0,0,4,ROUTINE RECORD: Interaction INT-0001 exhibits low signature alignment (0%). No immediate forensic action required.
SIG-CBD9C3C3,INT-0002,FUSED-INT-0002,StandardMotorcycleSnatch,0.8,High Confidence Match,0.6634,3,1,FLAGGED FOR HIGH-PRIORITY FORENSIC REVIEW: Interaction INT-0002 exhibits strong signature alignment (80%). Export forensic video clip for investigation.
SIG-3C082B25,INT-0003,FUSED-INT-0003,StandardMotorcycleSnatch,0.4,Weak Match,0.3252,2,2,ROUTINE RECORD: Interaction INT-0003 exhibits low signature alignment (40%). No immediate forensic action required.
SIG-0A1F6913,INT-0001,FUSED-INT-0001,StandardMotorcycleSnatch,0.0,No Match,0.0,0,4,ROUTINE RECORD: Interaction INT-0001 exhibits low signature alignment (0%). No immediate forensic action required.
SIG-401410F6,INT-0002,FUSED-INT-0002,StandardMotorcycleSnatch,0.8,High Confidence Match,0.6634,3,1,FLAGGED FOR HIGH-PRIORITY FORENSIC REVIEW: Interaction INT-0002 exhibits strong signature alignment (80%). Export forensic video clip for investigation.
SIG-F95B8C8B,INT-0003,FUSED-INT-0003,StandardMotorcycleSnatch,0.4,Weak Match,0.3245,2,2,ROUTINE RECORD: Interaction INT-0003 exhibits low signature alignment (40%). No immediate forensic action required.
SIG-06B60B56,INT-0001,FUSED-INT-0001,StandardMotorcycleSnatch,0.0,No Match,0.0,0,4,ROUTINE RECORD: Interaction INT-0001 exhibits low signature alignment (0%). No immediate forensic action required.
SIG-AED792BC,INT-0002,FUSED-INT-0002,StandardMotorcycleSnatch,0.8,High Confidence Match,0.6634,3,1,FLAGGED FOR HIGH-PRIORITY FORENSIC REVIEW: Interaction INT-0002 exhibits strong signature alignment (80%). Export forensic video clip for investigation.
SIG-B1FE6FDC,INT-0003,FUSED-INT-0003,StandardMotorcycleSnatch,0.4,Weak Match,0.3236,2,2,ROUTINE RECORD: Interaction INT-0003 exhibits low signature alignment (40%). No immediate forensic action required.
SIG-1557B74B,INT-0001,FUSED-INT-0001,StandardMotorcycleSnatch,0.0,No Match,0.0,0,4,ROUTINE RECORD: Interaction INT-0001 exhibits low signature alignment (0%). No immediate forensic action required.
SIG-74551B5E,INT-0002,FUSED-INT-0002,StandardMotorcycleSnatch,0.8,High Confidence Match,0.6634,3,1,FLAGGED FOR HIGH-PRIORITY FORENSIC REVIEW: Interaction INT-0002 exhibits strong signature alignment (80%). Export forensic video clip for investigation.
SIG-BF61A4D0,INT-0003,FUSED-INT-0003,StandardMotorcycleSnatch,0.4,Weak Match,0.3246,2,2,ROUTINE RECORD: Interaction INT-0003 exhibits low signature alignment (40%). No immediate forensic action required.
SIG-FE82CEB3,INT-0001,FUSED-INT-0001,StandardMotorcycleSnatch,0.0,No Match,0.0,0,4,ROUTINE RECORD: Interaction INT-0001 exhibits low signature alignment (0%). No immediate forensic action required.
SIG-DA44D8C0,INT-0002,FUSED-INT-0002,StandardMotorcycleSnatch,0.8,High Confidence Match,0.6634,3,1,FLAGGED FOR HIGH-PRIORITY FORENSIC REVIEW: Interaction INT-0002 exhibits strong signature alignment (80%). Export forensic video clip for investigation.
SIG-E37AF764,INT-0003,FUSED-INT-0003,StandardMotorcycleSnatch,0.4,Weak Match,0.3251,2,2,ROUTINE RECORD: Interaction INT-0003 exhibits low signature alignment (40%). No immediate forensic action required.
SIG-B24674DF,INT-0001,FUSED-INT-0001,StandardMotorcycleSnatch,0.0,No Match,0.0,0,4,ROUTINE RECORD: Interaction INT-0001 exhibits low signature alignment (0%). No immediate forensic action required.
SIG-02B3992D,INT-0002,FUSED-INT-0002,StandardMotorcycleSnatch,0.8,High Confidence Match,0.6634,3,1,FLAGGED FOR HIGH-PRIORITY FORENSIC REVIEW: Interaction INT-0002 exhibits strong signature alignment (80%). Export forensic video clip for investigation.
SIG-D6B34D6B,INT-0003,FUSED-INT-0003,StandardMotorcycleSnatch,0.4,Weak Match,0.3252,2,2,ROUTINE RECORD: Interaction INT-0003 exhibits low signature alignment (40%). No immediate forensic action required.
SIG-56B6AFA6,INT-0001,FUSED-INT-0001,StandardMotorcycleSnatch,0.0,No Match,0.0,0,4,ROUTINE RECORD: Interaction INT-0001 exhibits low signature alignment (0%). No immediate forensic action required.
SIG-3D48BC1E,INT-0002,FUSED-INT-0002,StandardMotorcycleSnatch,0.8,High Confidence Match,0.6634,3,1,FLAGGED FOR HIGH-PRIORITY FORENSIC REVIEW: Interaction INT-0002 exhibits strong signature alignment (80%). Export forensic video clip for investigation.
SIG-E9C6BC04,INT-0003,FUSED-INT-0003,StandardMotorcycleSnatch,0.4,Weak Match,0.3253,2,2,ROUTINE RECORD: Interaction INT-0003 exhibits low signature alignment (40%). No immediate forensic action required.
SIG-A0B75DAC,INT-0001,FUSED-INT-0001,StandardMotorcycleSnatch,0.0,No Match,0.0,0,4,ROUTINE RECORD: Interaction INT-0001 exhibits low signature alignment (0%). No immediate forensic action required.
SIG-CC01CBA5,INT-0002,FUSED-INT-0002,StandardMotorcycleSnatch,0.8,High Confidence Match,0.6634,3,1,FLAGGED FOR HIGH-PRIORITY FORENSIC REVIEW: Interaction INT-0002 exhibits strong signature alignment (80%). Export forensic video clip for investigation.
SIG-429DA6AC,INT-0003,FUSED-INT-0003,StandardMotorcycleSnatch,0.4,Weak Match,0.325,2,2,ROUTINE RECORD: Interaction INT-0003 exhibits low signature alignment (40%). No immediate forensic action required.
SIG-96293F23,INT-0001,FUSED-INT-0001,StandardMotorcycleSnatch,0.0,No Match,0.0,0,4,ROUTINE RECORD: Interaction INT-0001 exhibits low signature alignment (0%). No immediate forensic action required.
SIG-B3457F7B,INT-0002,FUSED-INT-0002,StandardMotorcycleSnatch,0.8,High Confidence Match,0.6634,3,1,FLAGGED FOR HIGH-PRIORITY FORENSIC REVIEW: Interaction INT-0002 exhibits strong signature alignment (80%). Export forensic video clip for investigation.
SIG-1EEFA8F9,INT-0003,FUSED-INT-0003,StandardMotorcycleSnatch,0.4,Weak Match,0.3255,2,2,ROUTINE RECORD: Interaction INT-0003 exhibits low signature alignment (40%). No immediate forensic action required.
SIG-457F7680,INT-0001,FUSED-INT-0001,StandardMotorcycleSnatch,0.0,No Match,0.0,0,4,ROUTINE RECORD: Interaction INT-0001 exhibits low signature alignment (0%). No immediate forensic action required.
SIG-49BD7214,INT-0002,FUSED-INT-0002,StandardMotorcycleSnatch,0.8,High Confidence Match,0.6634,3,1,FLAGGED FOR HIGH-PRIORITY FORENSIC REVIEW: Interaction INT-0002 exhibits strong signature alignment (80%). Export forensic video clip for investigation.
SIG-A319AEEF,INT-0003,FUSED-INT-0003,StandardMotorcycleSnatch,0.4,Weak Match,0.3252,2,2,ROUTINE RECORD: Interaction INT-0003 exhibits low signature alignment (40%). No immediate forensic action required.
SIG-3B3ECED9,INT-0001,FUSED-INT-0001,StandardMotorcycleSnatch,0.0,No Match,0.0,0,4,ROUTINE RECORD: Interaction INT-0001 exhibits low signature alignment (0%). No immediate forensic action required.
SIG-39108881,INT-0002,FUSED-INT-0002,StandardMotorcycleSnatch,0.8,High Confidence Match,0.6634,3,1,FLAGGED FOR HIGH-PRIORITY FORENSIC REVIEW: Interaction INT-0002 exhibits strong signature alignment (80%). Export forensic video clip for investigation.
SIG-2FAC8662,INT-0003,FUSED-INT-0003,StandardMotorcycleSnatch,0.4,Weak Match,0.3248,2,2,ROUTINE RECORD: Interaction INT-0003 exhibits low signature alignment (40%). No immediate forensic action required.
SIG-D94280AE,INT-0001,FUSED-INT-0001,StandardMotorcycleSnatch,0.0,No Match,0.0,0,4,ROUTINE RECORD: Interaction INT-0001 exhibits low signature alignment (0%). No immediate forensic action required.
SIG-8A903E91,INT-0002,FUSED-INT-0002,StandardMotorcycleSnatch,0.8,High Confidence Match,0.6634,3,1,FLAGGED FOR HIGH-PRIORITY FORENSIC REVIEW: Interaction INT-0002 exhibits strong signature alignment (80%). Export forensic video clip for investigation.
SIG-627D7D6B,INT-0003,FUSED-INT-0003,StandardMotorcycleSnatch,0.4,Weak Match,0.3246,2,2,ROUTINE RECORD: Interaction INT-0003 exhibits low signature alignment (40%). No immediate forensic action required.
SIG-7CECE2F9,INT-0001,FUSED-INT-0001,StandardMotorcycleSnatch,0.0,No Match,0.0,0,4,ROUTINE RECORD: Interaction INT-0001 exhibits low signature alignment (0%). No immediate forensic action required.
SIG-E244DBCF,INT-0002,FUSED-INT-0002,StandardMotorcycleSnatch,0.8,High Confidence Match,0.6634,3,1,FLAGGED FOR HIGH-PRIORITY FORENSIC REVIEW: Interaction INT-0002 exhibits strong signature alignment (80%). Export forensic video clip for investigation.
SIG-F8B1C073,INT-0003,FUSED-INT-0003,StandardMotorcycleSnatch,0.4,Weak Match,0.3244,2,2,ROUTINE RECORD: Interaction INT-0003 exhibits low signature alignment (40%). No immediate forensic action required.
SIG-EF6ACE45,INT-0001,FUSED-INT-0001,StandardMotorcycleSnatch,0.0,No Match,0.0,0,4,ROUTINE RECORD: Interaction INT-0001 exhibits low signature alignment (0%). No immediate forensic action required.
SIG-AA637560,INT-0002,FUSED-INT-0002,StandardMotorcycleSnatch,0.8,High Confidence Match,0.6634,3,1,FLAGGED FOR HIGH-PRIORITY FORENSIC REVIEW: Interaction INT-0002 exhibits strong signature alignment (80%). Export forensic video clip for investigation.
SIG-B3F57EB5,INT-0003,FUSED-INT-0003,StandardMotorcycleSnatch,0.4,Weak Match,0.3244,2,2,ROUTINE RECORD: Interaction INT-0003 exhibits low signature alignment (40%). No immediate forensic action required.
SIG-DCBEE7DE,INT-0001,FUSED-INT-0001,StandardMotorcycleSnatch,0.0,No Match,0.0,0,4,ROUTINE RECORD: Interaction INT-0001 exhibits low signature alignment (0%). No immediate forensic action required.
SIG-437F6BC2,INT-0002,FUSED-INT-0002,StandardMotorcycleSnatch,0.8,High Confidence Match,0.6634,3,1,FLAGGED FOR HIGH-PRIORITY FORENSIC REVIEW: Interaction INT-0002 exhibits strong signature alignment (80%). Export forensic video clip for investigation.
SIG-B5965B9D,INT-0003,FUSED-INT-0003,StandardMotorcycleSnatch,0.4,Weak Match,0.3242,2,2,ROUTINE RECORD: Interaction INT-0003 exhibits low signature alignment (40%). No immediate forensic action required.
SIG-F8785F9B,INT-0001,FUSED-INT-0001,StandardMotorcycleSnatch,0.0,No Match,0.0,0,4,ROUTINE RECORD: Interaction INT-0001 exhibits low signature alignment (0%). No immediate forensic action required.
SIG-26B73923,INT-0002,FUSED-INT-0002,StandardMotorcycleSnatch,0.8,High Confidence Match,0.6634,3,1,FLAGGED FOR HIGH-PRIORITY FORENSIC REVIEW: Interaction INT-0002 exhibits strong signature alignment (80%). Export forensic video clip for investigation.
SIG-7DA72B01,INT-0003,FUSED-INT-0003,StandardMotorcycleSnatch,0.4,Weak Match,0.3245,2,2,ROUTINE RECORD: Interaction INT-0003 exhibits low signature alignment (40%). No immediate forensic action required.
SIG-ECC99F6F,INT-0001,FUSED-INT-0001,StandardMotorcycleSnatch,0.0,No Match,0.0,0,4,ROUTINE RECORD: Interaction INT-0001 exhibits low signature alignment (0%). No immediate forensic action required.
SIG-5D7E5D38,INT-0002,FUSED-INT-0002,StandardMotorcycleSnatch,0.8,High Confidence Match,0.6634,3,1,FLAGGED FOR HIGH-PRIORITY FORENSIC REVIEW: Interaction INT-0002 exhibits strong signature alignment (80%). Export forensic video clip for investigation.
SIG-01237CD7,INT-0003,FUSED-INT-0003,StandardMotorcycleSnatch,0.4,Weak Match,0.3241,2,2,ROUTINE RECORD: Interaction INT-0003 exhibits low signature alignment (40%). No immediate forensic action required.
SIG-BE09CA47,INT-0001,FUSED-INT-0001,StandardMotorcycleSnatch,0.0,No Match,0.0,0,4,ROUTINE RECORD: Interaction INT-0001 exhibits low signature alignment (0%). No immediate forensic action required.
SIG-EB5F0F54,INT-0002,FUSED-INT-0002,StandardMotorcycleSnatch,0.8,High Confidence Match,0.6634,3,1,FLAGGED FOR HIGH-PRIORITY FORENSIC REVIEW: Interaction INT-0002 exhibits strong signature alignment (80%). Export forensic video clip for investigation.
SIG-9324906F,INT-0003,FUSED-INT-0003,StandardMotorcycleSnatch,0.4,Weak Match,0.3238,2,2,ROUTINE RECORD: Interaction INT-0003 exhibits low signature alignment (40%). No immediate forensic action required.
SIG-DC519566,INT-0001,FUSED-INT-0001,StandardMotorcycleSnatch,0.0,No Match,0.0,0,4,ROUTINE RECORD: Interaction INT-0001 exhibits low signature alignment (0%). No immediate forensic action required.
SIG-6DCC6045,INT-0002,FUSED-INT-0002,StandardMotorcycleSnatch,0.8,High Confidence Match,0.6634,3,1,FLAGGED FOR HIGH-PRIORITY FORENSIC REVIEW: Interaction INT-0002 exhibits strong signature alignment (80%). Export forensic video clip for investigation.
SIG-34D10098,INT-0003,FUSED-INT-0003,StandardMotorcycleSnatch,0.4,Weak Match,0.3236,2,2,ROUTINE RECORD: Interaction INT-0003 exhibits low signature alignment (40%). No immediate forensic action required.
SIG-B301DE37,INT-0001,FUSED-INT-0001,StandardMotorcycleSnatch,0.0,No Match,0.0,0,4,ROUTINE RECORD: Interaction INT-0001 exhibits low signature alignment (0%). No immediate forensic action required.
SIG-298303FA,INT-0002,FUSED-INT-0002,StandardMotorcycleSnatch,0.8,High Confidence Match,0.6634,3,1,FLAGGED FOR HIGH-PRIORITY FORENSIC REVIEW: Interaction INT-0002 exhibits strong signature alignment (80%). Export forensic video clip for investigation.
SIG-8698572C,INT-0003,FUSED-INT-0003,StandardMotorcycleSnatch,0.4,Weak Match,0.3234,2,2,ROUTINE RECORD: Interaction INT-0003 exhibits low signature alignment (40%). No immediate forensic action required.
SIG-E7D9FF32,INT-0001,FUSED-INT-0001,StandardMotorcycleSnatch,0.0,No Match,0.0,0,4,ROUTINE RECORD: Interaction INT-0001 exhibits low signature alignment (0%). No immediate forensic action required.
SIG-6510FEEA,INT-0002,FUSED-INT-0002,StandardMotorcycleSnatch,0.8,High Confidence Match,0.6634,3,1,FLAGGED FOR HIGH-PRIORITY FORENSIC REVIEW: Interaction INT-0002 exhibits strong signature alignment (80%). Export forensic video clip for investigation.
SIG-EB350F2E,INT-0003,FUSED-INT-0003,StandardMotorcycleSnatch,0.4,Weak Match,0.3227,2,2,ROUTINE RECORD: Interaction INT-0003 exhibits low signature alignment (40%). No immediate forensic action required.
SIG-25E03C98,INT-0001,FUSED-INT-0001,StandardMotorcycleSnatch,0.0,No Match,0.0,0,4,ROUTINE RECORD: Interaction INT-0001 exhibits low signature alignment (0%). No immediate forensic action required.
SIG-23AF251A,INT-0002,FUSED-INT-0002,StandardMotorcycleSnatch,0.8,High Confidence Match,0.6634,3,1,FLAGGED FOR HIGH-PRIORITY FORENSIC REVIEW: Interaction INT-0002 exhibits strong signature alignment (80%). Export forensic video clip for investigation.
SIG-EA7B6DE6,INT-0003,FUSED-INT-0003,StandardMotorcycleSnatch,0.4,Weak Match,0.3232,2,2,ROUTINE RECORD: Interaction INT-0003 exhibits low signature alignment (40%). No immediate forensic action required.
SIG-5E649E4B,INT-0001,FUSED-INT-0001,StandardMotorcycleSnatch,0.0,No Match,0.0,0,4,ROUTINE RECORD: Interaction INT-0001 exhibits low signature alignment (0%). No immediate forensic action required.
SIG-BC909DCC,INT-0002,FUSED-INT-0002,StandardMotorcycleSnatch,0.8,High Confidence Match,0.6634,3,1,FLAGGED FOR HIGH-PRIORITY FORENSIC REVIEW: Interaction INT-0002 exhibits strong signature alignment (80%). Export forensic video clip for investigation.
SIG-DAC8DC17,INT-0003,FUSED-INT-0003,StandardMotorcycleSnatch,0.4,Weak Match,0.3234,2,2,ROUTINE RECORD: Interaction INT-0003 exhibits low signature alignment (40%). No immediate forensic action required.
SIG-CF1396D7,INT-0001,FUSED-INT-0001,StandardMotorcycleSnatch,0.0,No Match,0.0,0,4,ROUTINE RECORD: Interaction INT-0001 exhibits low signature alignment (0%). No immediate forensic action required.
SIG-F272B38D,INT-0002,FUSED-INT-0002,StandardMotorcycleSnatch,0.8,High Confidence Match,0.6634,3,1,FLAGGED FOR HIGH-PRIORITY FORENSIC REVIEW: Interaction INT-0002 exhibits strong signature alignment (80%). Export forensic video clip for investigation.
SIG-1744798B,INT-0003,FUSED-INT-0003,StandardMotorcycleSnatch,0.4,Weak Match,0.3234,2,2,ROUTINE RECORD: Interaction INT-0003 exhibits low signature alignment (40%). No immediate forensic action required.
SIG-C3BC0071,INT-0001,FUSED-INT-0001,StandardMotorcycleSnatch,0.0,No Match,0.0,0,4,ROUTINE RECORD: Interaction INT-0001 exhibits low signature alignment (0%). No immediate forensic action required.
SIG-2F96A843,INT-0002,FUSED-INT-0002,StandardMotorcycleSnatch,0.8,High Confidence Match,0.6634,3,1,FLAGGED FOR HIGH-PRIORITY FORENSIC REVIEW: Interaction INT-0002 exhibits strong signature alignment (80%). Export forensic video clip for investigation.
SIG-3688D410,INT-0003,FUSED-INT-0003,StandardMotorcycleSnatch,0.4,Weak Match,0.3227,2,2,ROUTINE RECORD: Interaction INT-0003 exhibits low signature alignment (40%). No immediate forensic action required.
SIG-2BA32A80,INT-0001,FUSED-INT-0001,StandardMotorcycleSnatch,0.0,No Match,0.0,0,4,ROUTINE RECORD: Interaction INT-0001 exhibits low signature alignment (0%). No immediate forensic action required.
SIG-137E99BB,INT-0002,FUSED-INT-0002,StandardMotorcycleSnatch,0.8,High Confidence Match,0.6634,3,1,FLAGGED FOR HIGH-PRIORITY FORENSIC REVIEW: Interaction INT-0002 exhibits strong signature alignment (80%). Export forensic video clip for investigation.
SIG-073BAE15,INT-0003,FUSED-INT-0003,StandardMotorcycleSnatch,0.4,Weak Match,0.3223,2,2,ROUTINE RECORD: Interaction INT-0003 exhibits low signature alignment (40%). No immediate forensic action required.
SIG-54857B0D,INT-0001,FUSED-INT-0001,StandardMotorcycleSnatch,0.0,No Match,0.0,0,4,ROUTINE RECORD: Interaction INT-0001 exhibits low signature alignment (0%). No immediate forensic action required.
SIG-CD1DE631,INT-0002,FUSED-INT-0002,StandardMotorcycleSnatch,0.8,High Confidence Match,0.6634,3,1,FLAGGED FOR HIGH-PRIORITY FORENSIC REVIEW: Interaction INT-0002 exhibits strong signature alignment (80%). Export forensic video clip for investigation.
SIG-9E09045D,INT-0003,FUSED-INT-0003,StandardMotorcycleSnatch,0.4,Weak Match,0.3222,2,2,ROUTINE RECORD: Interaction INT-0003 exhibits low signature alignment (40%). No immediate forensic action required.
SIG-88A56526,INT-0001,FUSED-INT-0001,StandardMotorcycleSnatch,0.0,No Match,0.0,0,4,ROUTINE RECORD: Interaction INT-0001 exhibits low signature alignment (0%). No immediate forensic action required.
SIG-18F69E6E,INT-0002,FUSED-INT-0002,StandardMotorcycleSnatch,0.8,High Confidence Match,0.6634,3,1,FLAGGED FOR HIGH-PRIORITY FORENSIC REVIEW: Interaction INT-0002 exhibits strong signature alignment (80%). Export forensic video clip for investigation.
SIG-D0666BC0,INT-0003,FUSED-INT-0003,StandardMotorcycleSnatch,0.4,Weak Match,0.322,2,2,ROUTINE RECORD: Interaction INT-0003 exhibits low signature alignment (40%). No immediate forensic action required.
SIG-8B8CB641,INT-0004,FUSED-INT-0004,StandardMotorcycleSnatch,0.4,Weak Match,0.279,2,2,ROUTINE RECORD: Interaction INT-0004 exhibits low signature alignment (40%). No immediate forensic action required.
SIG-60A87A14,INT-0001,FUSED-INT-0001,StandardMotorcycleSnatch,0.0,No Match,0.0,0,4,ROUTINE RECORD: Interaction INT-0001 exhibits low signature alignment (0%). No immediate forensic action required.
SIG-98713D0A,INT-0002,FUSED-INT-0002,StandardMotorcycleSnatch,0.8,High Confidence Match,0.6634,3,1,FLAGGED FOR HIGH-PRIORITY FORENSIC REVIEW: Interaction INT-0002 exhibits strong signature alignment (80%). Export forensic video clip for investigation.
SIG-950C79EC,INT-0003,FUSED-INT-0003,StandardMotorcycleSnatch,0.4,Weak Match,0.3219,2,2,ROUTINE RECORD: Interaction INT-0003 exhibits low signature alignment (40%). No immediate forensic action required.
SIG-FB9B22B0,INT-0004,FUSED-INT-0004,StandardMotorcycleSnatch,0.4,Weak Match,0.3379,2,2,ROUTINE RECORD: Interaction INT-0004 exhibits low signature alignment (40%). No immediate forensic action required.
SIG-13B18F54,INT-0001,FUSED-INT-0001,StandardMotorcycleSnatch,0.0,No Match,0.0,0,4,ROUTINE RECORD: Interaction INT-0001 exhibits low signature alignment (0%). No immediate forensic action required.
SIG-A422AFF6,INT-0002,FUSED-INT-0002,StandardMotorcycleSnatch,0.8,High Confidence Match,0.6634,3,1,FLAGGED FOR HIGH-PRIORITY FORENSIC REVIEW: Interaction INT-0002 exhibits strong signature alignment (80%). Export forensic video clip for investigation.
SIG-E8B360CF,INT-0003,FUSED-INT-0003,StandardMotorcycleSnatch,0.4,Weak Match,0.3218,2,2,ROUTINE RECORD: Interaction INT-0003 exhibits low signature alignment (40%). No immediate forensic action required.
SIG-5B472DA7,INT-0004,FUSED-INT-0004,StandardMotorcycleSnatch,0.4,Weak Match,0.3116,2,2,ROUTINE RECORD: Interaction INT-0004 exhibits low signature alignment (40%). No immediate forensic action required.
SIG-200756CF,INT-0001,FUSED-INT-0001,StandardMotorcycleSnatch,0.0,No Match,0.0,0,4,ROUTINE RECORD: Interaction INT-0001 exhibits low signature alignment (0%). No immediate forensic action required.
SIG-707B3CF9,INT-0002,FUSED-INT-0002,StandardMotorcycleSnatch,0.8,High Confidence Match,0.6634,3,1,FLAGGED FOR HIGH-PRIORITY FORENSIC REVIEW: Interaction INT-0002 exhibits strong signature alignment (80%). Export forensic video clip for investigation.
SIG-34068FF7,INT-0003,FUSED-INT-0003,StandardMotorcycleSnatch,0.4,Weak Match,0.3217,2,2,ROUTINE RECORD: Interaction INT-0003 exhibits low signature alignment (40%). No immediate forensic action required.
SIG-95733FE4,INT-0004,FUSED-INT-0004,StandardMotorcycleSnatch,0.4,Weak Match,0.3224,2,2,ROUTINE RECORD: Interaction INT-0004 exhibits low signature alignment (40%). No immediate forensic action required.
SIG-C8EA801C,INT-0001,FUSED-INT-0001,StandardMotorcycleSnatch,0.0,No Match,0.0,0,4,ROUTINE RECORD: Interaction INT-0001 exhibits low signature alignment (0%). No immediate forensic action required.
SIG-3950C2FF,INT-0002,FUSED-INT-0002,StandardMotorcycleSnatch,0.8,High Confidence Match,0.6634,3,1,FLAGGED FOR HIGH-PRIORITY FORENSIC REVIEW: Interaction INT-0002 exhibits strong signature alignment (80%). Export forensic video clip for investigation.
SIG-0B623419,INT-0003,FUSED-INT-0003,StandardMotorcycleSnatch,0.4,Weak Match,0.3216,2,2,ROUTINE RECORD: Interaction INT-0003 exhibits low signature alignment (40%). No immediate forensic action required.
SIG-325500E5,INT-0004,FUSED-INT-0004,StandardMotorcycleSnatch,0.4,Weak Match,0.3261,2,2,ROUTINE RECORD: Interaction INT-0004 exhibits low signature alignment (40%). No immediate forensic action required.
SIG-DBD07FC0,INT-0001,FUSED-INT-0001,StandardMotorcycleSnatch,0.0,No Match,0.0,0,4,ROUTINE RECORD: Interaction INT-0001 exhibits low signature alignment (0%). No immediate forensic action required.
SIG-90540312,INT-0002,FUSED-INT-0002,StandardMotorcycleSnatch,0.8,High Confidence Match,0.6634,3,1,FLAGGED FOR HIGH-PRIORITY FORENSIC REVIEW: Interaction INT-0002 exhibits strong signature alignment (80%). Export forensic video clip for investigation.
SIG-B5733415,INT-0003,FUSED-INT-0003,StandardMotorcycleSnatch,0.4,Weak Match,0.3214,2,2,ROUTINE RECORD: Interaction INT-0003 exhibits low signature alignment (40%). No immediate forensic action required.
SIG-4A7E2378,INT-0004,FUSED-INT-0004,StandardMotorcycleSnatch,0.4,Weak Match,0.3196,2,2,ROUTINE RECORD: Interaction INT-0004 exhibits low signature alignment (40%). No immediate forensic action required.
SIG-75AF3D1D,INT-0001,FUSED-INT-0001,StandardMotorcycleSnatch,0.0,No Match,0.0,0,4,ROUTINE RECORD: Interaction INT-0001 exhibits low signature alignment (0%). No immediate forensic action required.
SIG-CC80A3CD,INT-0002,FUSED-INT-0002,StandardMotorcycleSnatch,0.8,High Confidence Match,0.6634,3,1,FLAGGED FOR HIGH-PRIORITY FORENSIC REVIEW: Interaction INT-0002 exhibits strong signature alignment (80%). Export forensic video clip for investigation.
SIG-A812505A,INT-0003,FUSED-INT-0003,StandardMotorcycleSnatch,0.4,Weak Match,0.3216,2,2,ROUTINE RECORD: Interaction INT-0003 exhibits low signature alignment (40%). No immediate forensic action required.
SIG-2A73DE85,INT-0004,FUSED-INT-0004,StandardMotorcycleSnatch,0.4,Weak Match,0.3151,2,2,ROUTINE RECORD: Interaction INT-0004 exhibits low signature alignment (40%). No immediate forensic action required.
SIG-4C5FB92D,INT-0001,FUSED-INT-0001,StandardMotorcycleSnatch,0.0,No Match,0.0,0,4,ROUTINE RECORD: Interaction INT-0001 exhibits low signature alignment (0%). No immediate forensic action required.
SIG-8EDB9CB0,INT-0002,FUSED-INT-0002,StandardMotorcycleSnatch,0.8,High Confidence Match,0.6634,3,1,FLAGGED FOR HIGH-PRIORITY FORENSIC REVIEW: Interaction INT-0002 exhibits strong signature alignment (80%). Export forensic video clip for investigation.
SIG-13F1C084,INT-0003,FUSED-INT-0003,StandardMotorcycleSnatch,0.4,Weak Match,0.3214,2,2,ROUTINE RECORD: Interaction INT-0003 exhibits low signature alignment (40%). No immediate forensic action required.
SIG-892FAE11,INT-0004,FUSED-INT-0004,StandardMotorcycleSnatch,0.4,Weak Match,0.3145,2,2,ROUTINE RECORD: Interaction INT-0004 exhibits low signature alignment (40%). No immediate forensic action required.
SIG-D248B5C4,INT-0001,FUSED-INT-0001,StandardMotorcycleSnatch,0.0,No Match,0.0,0,4,ROUTINE RECORD: Interaction INT-0001 exhibits low signature alignment (0%). No immediate forensic action required.
SIG-C40F12C5,INT-0002,FUSED-INT-0002,StandardMotorcycleSnatch,0.8,High Confidence Match,0.6634,3,1,FLAGGED FOR HIGH-PRIORITY FORENSIC REVIEW: Interaction INT-0002 exhibits strong signature alignment (80%). Export forensic video clip for investigation.
SIG-01C59D3D,INT-0003,FUSED-INT-0003,StandardMotorcycleSnatch,0.4,Weak Match,0.3213,2,2,ROUTINE RECORD: Interaction INT-0003 exhibits low signature alignment (40%). No immediate forensic action required.
SIG-FE3400CE,INT-0004,FUSED-INT-0004,StandardMotorcycleSnatch,0.4,Weak Match,0.3175,2,2,ROUTINE RECORD: Interaction INT-0004 exhibits low signature alignment (40%). No immediate forensic action required.
SIG-235C3A17,INT-0001,FUSED-INT-0001,StandardMotorcycleSnatch,0.0,No Match,0.0,0,4,ROUTINE RECORD: Interaction INT-0001 exhibits low signature alignment (0%). No immediate forensic action required.
SIG-6D94ABBA,INT-0002,FUSED-INT-0002,StandardMotorcycleSnatch,0.8,High Confidence Match,0.6634,3,1,FLAGGED FOR HIGH-PRIORITY FORENSIC REVIEW: Interaction INT-0002 exhibits strong signature alignment (80%). Export forensic video clip for investigation.
SIG-ED4535CE,INT-0003,FUSED-INT-0003,StandardMotorcycleSnatch,0.4,Weak Match,0.3212,2,2,ROUTINE RECORD: Interaction INT-0003 exhibits low signature alignment (40%). No immediate forensic action required.
SIG-DD33FCF6,INT-0004,FUSED-INT-0004,StandardMotorcycleSnatch,0.4,Weak Match,0.3195,2,2,ROUTINE RECORD: Interaction INT-0004 exhibits low signature alignment (40%). No immediate forensic action required.
SIG-AB6139EF,INT-0001,FUSED-INT-0001,StandardMotorcycleSnatch,0.0,No Match,0.0,0,4,ROUTINE RECORD: Interaction INT-0001 exhibits low signature alignment (0%). No immediate forensic action required.
SIG-5A76FFC7,INT-0002,FUSED-INT-0002,StandardMotorcycleSnatch,0.8,High Confidence Match,0.6634,3,1,FLAGGED FOR HIGH-PRIORITY FORENSIC REVIEW: Interaction INT-0002 exhibits strong signature alignment (80%). Export forensic video clip for investigation.
SIG-9D7627B7,INT-0003,FUSED-INT-0003,StandardMotorcycleSnatch,0.4,Weak Match,0.321,2,2,ROUTINE RECORD: Interaction INT-0003 exhibits low signature alignment (40%). No immediate forensic action required.
SIG-FDD17AA0,INT-0004,FUSED-INT-0004,StandardMotorcycleSnatch,0.4,Weak Match,0.3205,2,2,ROUTINE RECORD: Interaction INT-0004 exhibits low signature alignment (40%). No immediate forensic action required.
SIG-D4D1D2AD,INT-0001,FUSED-INT-0001,StandardMotorcycleSnatch,0.0,No Match,0.0,0,4,ROUTINE RECORD: Interaction INT-0001 exhibits low signature alignment (0%). No immediate forensic action required.
SIG-4BB03514,INT-0002,FUSED-INT-0002,StandardMotorcycleSnatch,0.8,High Confidence Match,0.6634,3,1,FLAGGED FOR HIGH-PRIORITY FORENSIC REVIEW: Interaction INT-0002 exhibits strong signature alignment (80%). Export forensic video clip for investigation.
SIG-50BCD302,INT-0003,FUSED-INT-0003,StandardMotorcycleSnatch,0.4,Weak Match,0.3208,2,2,ROUTINE RECORD: Interaction INT-0003 exhibits low signature alignment (40%). No immediate forensic action required.
SIG-E8547B19,INT-0004,FUSED-INT-0004,StandardMotorcycleSnatch,0.4,Weak Match,0.3225,2,2,ROUTINE RECORD: Interaction INT-0004 exhibits low signature alignment (40%). No immediate forensic action required.
SIG-13B0C5FA,INT-0001,FUSED-INT-0001,StandardMotorcycleSnatch,0.0,No Match,0.0,0,4,ROUTINE RECORD: Interaction INT-0001 exhibits low signature alignment (0%). No immediate forensic action required.
SIG-13D0435C,INT-0002,FUSED-INT-0002,StandardMotorcycleSnatch,0.8,High Confidence Match,0.6634,3,1,FLAGGED FOR HIGH-PRIORITY FORENSIC REVIEW: Interaction INT-0002 exhibits strong signature alignment (80%). Export forensic video clip for investigation.
SIG-CD7E7292,INT-0003,FUSED-INT-0003,StandardMotorcycleSnatch,0.4,Weak Match,0.3204,2,2,ROUTINE RECORD: Interaction INT-0003 exhibits low signature alignment (40%). No immediate forensic action required.
SIG-28702213,INT-0004,FUSED-INT-0004,StandardMotorcycleSnatch,0.4,Weak Match,0.3255,2,2,ROUTINE RECORD: Interaction INT-0004 exhibits low signature alignment (40%). No immediate forensic action required.
SIG-F1F589E1,INT-0001,FUSED-INT-0001,StandardMotorcycleSnatch,0.0,No Match,0.0,0,4,ROUTINE RECORD: Interaction INT-0001 exhibits low signature alignment (0%). No immediate forensic action required.
SIG-8887A5F3,INT-0002,FUSED-INT-0002,StandardMotorcycleSnatch,0.8,High Confidence Match,0.6634,3,1,FLAGGED FOR HIGH-PRIORITY FORENSIC REVIEW: Interaction INT-0002 exhibits strong signature alignment (80%). Export forensic video clip for investigation.
SIG-6261173E,INT-0003,FUSED-INT-0003,StandardMotorcycleSnatch,0.4,Weak Match,0.32,2,2,ROUTINE RECORD: Interaction INT-0003 exhibits low signature alignment (40%). No immediate forensic action required.
SIG-BC0AFE97,INT-0004,FUSED-INT-0004,StandardMotorcycleSnatch,0.4,Weak Match,0.3284,2,2,ROUTINE RECORD: Interaction INT-0004 exhibits low signature alignment (40%). No immediate forensic action required.
SIG-FDE703C6,INT-0001,FUSED-INT-0001,StandardMotorcycleSnatch,0.0,No Match,0.0,0,4,ROUTINE RECORD: Interaction INT-0001 exhibits low signature alignment (0%). No immediate forensic action required.
SIG-34342987,INT-0002,FUSED-INT-0002,StandardMotorcycleSnatch,0.8,High Confidence Match,0.6634,3,1,FLAGGED FOR HIGH-PRIORITY FORENSIC REVIEW: Interaction INT-0002 exhibits strong signature alignment (80%). Export forensic video clip for investigation.
SIG-1689A3F1,INT-0003,FUSED-INT-0003,StandardMotorcycleSnatch,0.4,Weak Match,0.3196,2,2,ROUTINE RECORD: Interaction INT-0003 exhibits low signature alignment (40%). No immediate forensic action required.
SIG-B0463828,INT-0004,FUSED-INT-0004,StandardMotorcycleSnatch,0.4,Weak Match,0.3308,2,2,ROUTINE RECORD: Interaction INT-0004 exhibits low signature alignment (40%). No immediate forensic action required.
SIG-545064C6,INT-0001,FUSED-INT-0001,StandardMotorcycleSnatch,0.0,No Match,0.0,0,4,ROUTINE RECORD: Interaction INT-0001 exhibits low signature alignment (0%). No immediate forensic action required.
SIG-5AFFBF85,INT-0002,FUSED-INT-0002,StandardMotorcycleSnatch,0.8,High Confidence Match,0.6634,3,1,FLAGGED FOR HIGH-PRIORITY FORENSIC REVIEW: Interaction INT-0002 exhibits strong signature alignment (80%). Export forensic video clip for investigation.
SIG-4ED1CFC6,INT-0003,FUSED-INT-0003,StandardMotorcycleSnatch,0.4,Weak Match,0.3191,2,2,ROUTINE RECORD: Interaction INT-0003 exhibits low signature alignment (40%). No immediate forensic action required.
SIG-559100BC,INT-0004,FUSED-INT-0004,StandardMotorcycleSnatch,0.4,Weak Match,0.3329,2,2,ROUTINE RECORD: Interaction INT-0004 exhibits low signature alignment (40%). No immediate forensic action required.
SIG-AE22E546,INT-0001,FUSED-INT-0001,StandardMotorcycleSnatch,0.0,No Match,0.0,0,4,ROUTINE RECORD: Interaction INT-0001 exhibits low signature alignment (0%). No immediate forensic action required.
SIG-4FE030E7,INT-0002,FUSED-INT-0002,StandardMotorcycleSnatch,0.8,High Confidence Match,0.6634,3,1,FLAGGED FOR HIGH-PRIORITY FORENSIC REVIEW: Interaction INT-0002 exhibits strong signature alignment (80%). Export forensic video clip for investigation.
SIG-546EF32D,INT-0003,FUSED-INT-0003,StandardMotorcycleSnatch,0.4,Weak Match,0.3186,2,2,ROUTINE RECORD: Interaction INT-0003 exhibits low signature alignment (40%). No immediate forensic action required.
SIG-9B31B7CA,INT-0004,FUSED-INT-0004,StandardMotorcycleSnatch,0.4,Weak Match,0.3346,2,2,ROUTINE RECORD: Interaction INT-0004 exhibits low signature alignment (40%). No immediate forensic action required.
SIG-BF010E4D,INT-0001,FUSED-INT-0001,StandardMotorcycleSnatch,0.0,No Match,0.0,0,4,ROUTINE RECORD: Interaction INT-0001 exhibits low signature alignment (0%). No immediate forensic action required.
SIG-11C8AD1C,INT-0002,FUSED-INT-0002,StandardMotorcycleSnatch,0.8,High Confidence Match,0.6634,3,1,FLAGGED FOR HIGH-PRIORITY FORENSIC REVIEW: Interaction INT-0002 exhibits strong signature alignment (80%). Export forensic video clip for investigation.
SIG-E9F3D302,INT-0003,FUSED-INT-0003,StandardMotorcycleSnatch,0.4,Weak Match,0.3181,2,2,ROUTINE RECORD: Interaction INT-0003 exhibits low signature alignment (40%). No immediate forensic action required.
SIG-5B414A3A,INT-0004,FUSED-INT-0004,StandardMotorcycleSnatch,0.4,Weak Match,0.336,2,2,ROUTINE RECORD: Interaction INT-0004 exhibits low signature alignment (40%). No immediate forensic action required.
SIG-6E83317B,INT-0001,FUSED-INT-0001,StandardMotorcycleSnatch,0.0,No Match,0.0,0,4,ROUTINE RECORD: Interaction INT-0001 exhibits low signature alignment (0%). No immediate forensic action required.
SIG-8A527335,INT-0002,FUSED-INT-0002,StandardMotorcycleSnatch,0.8,High Confidence Match,0.6634,3,1,FLAGGED FOR HIGH-PRIORITY FORENSIC REVIEW: Interaction INT-0002 exhibits strong signature alignment (80%). Export forensic video clip for investigation.
SIG-B3428A0B,INT-0003,FUSED-INT-0003,StandardMotorcycleSnatch,0.4,Weak Match,0.3175,2,2,ROUTINE RECORD: Interaction INT-0003 exhibits low signature alignment (40%). No immediate forensic action required.
SIG-9DABDEBD,INT-0004,FUSED-INT-0004,StandardMotorcycleSnatch,0.4,Weak Match,0.3371,2,2,ROUTINE RECORD: Interaction INT-0004 exhibits low signature alignment (40%). No immediate forensic action required.
SIG-86183F47,INT-0001,FUSED-INT-0001,StandardMotorcycleSnatch,0.0,No Match,0.0,0,4,ROUTINE RECORD: Interaction INT-0001 exhibits low signature alignment (0%). No immediate forensic action required.
SIG-D5CEC6FB,INT-0002,FUSED-INT-0002,StandardMotorcycleSnatch,0.8,High Confidence Match,0.6634,3,1,FLAGGED FOR HIGH-PRIORITY FORENSIC REVIEW: Interaction INT-0002 exhibits strong signature alignment (80%). Export forensic video clip for investigation.
SIG-3BA453EC,INT-0003,FUSED-INT-0003,StandardMotorcycleSnatch,0.4,Weak Match,0.3169,2,2,ROUTINE RECORD: Interaction INT-0003 exhibits low signature alignment (40%). No immediate forensic action required.
SIG-393E95AC,INT-0004,FUSED-INT-0004,StandardMotorcycleSnatch,0.4,Weak Match,0.3381,2,2,ROUTINE RECORD: Interaction INT-0004 exhibits low signature alignment (40%). No immediate forensic action required.
SIG-55A90337,INT-0001,FUSED-INT-0001,StandardMotorcycleSnatch,0.0,No Match,0.0,0,4,ROUTINE RECORD: Interaction INT-0001 exhibits low signature alignment (0%). No immediate forensic action required.
SIG-D063EF97,INT-0002,FUSED-INT-0002,StandardMotorcycleSnatch,0.8,High Confidence Match,0.6634,3,1,FLAGGED FOR HIGH-PRIORITY FORENSIC REVIEW: Interaction INT-0002 exhibits strong signature alignment (80%). Export forensic video clip for investigation.
SIG-D5CEA9D3,INT-0003,FUSED-INT-0003,StandardMotorcycleSnatch,0.4,Weak Match,0.3163,2,2,ROUTINE RECORD: Interaction INT-0003 exhibits low signature alignment (40%). No immediate forensic action required.
SIG-A8F94964,INT-0004,FUSED-INT-0004,StandardMotorcycleSnatch,0.4,Weak Match,0.339,2,2,ROUTINE RECORD: Interaction INT-0004 exhibits low signature alignment (40%). No immediate forensic action required.
SIG-E39B3CBE,INT-0001,FUSED-INT-0001,StandardMotorcycleSnatch,0.0,No Match,0.0,0,4,ROUTINE RECORD: Interaction INT-0001 exhibits low signature alignment (0%). No immediate forensic action required.
SIG-936E0910,INT-0002,FUSED-INT-0002,StandardMotorcycleSnatch,0.8,High Confidence Match,0.6634,3,1,FLAGGED FOR HIGH-PRIORITY FORENSIC REVIEW: Interaction INT-0002 exhibits strong signature alignment (80%). Export forensic video clip for investigation.
SIG-0370A743,INT-0003,FUSED-INT-0003,StandardMotorcycleSnatch,0.4,Weak Match,0.3156,2,2,ROUTINE RECORD: Interaction INT-0003 exhibits low signature alignment (40%). No immediate forensic action required.
SIG-BA964890,INT-0004,FUSED-INT-0004,StandardMotorcycleSnatch,0.4,Weak Match,0.3397,2,2,ROUTINE RECORD: Interaction INT-0004 exhibits low signature alignment (40%). No immediate forensic action required.
SIG-FAD3EC84,INT-0001,FUSED-INT-0001,StandardMotorcycleSnatch,0.0,No Match,0.0,0,4,ROUTINE RECORD: Interaction INT-0001 exhibits low signature alignment (0%). No immediate forensic action required.
SIG-1D5B285A,INT-0002,FUSED-INT-0002,StandardMotorcycleSnatch,0.8,High Confidence Match,0.6634,3,1,FLAGGED FOR HIGH-PRIORITY FORENSIC REVIEW: Interaction INT-0002 exhibits strong signature alignment (80%). Export forensic video clip for investigation.
SIG-88511567,INT-0003,FUSED-INT-0003,StandardMotorcycleSnatch,0.4,Weak Match,0.3156,2,2,ROUTINE RECORD: Interaction INT-0003 exhibits low signature alignment (40%). No immediate forensic action required.
SIG-E26FB175,INT-0004,FUSED-INT-0004,StandardMotorcycleSnatch,0.4,Weak Match,0.3403,2,2,ROUTINE RECORD: Interaction INT-0004 exhibits low signature alignment (40%). No immediate forensic action required.
SIG-3607CD31,INT-0001,FUSED-INT-0001,StandardMotorcycleSnatch,0.0,No Match,0.0,0,4,ROUTINE RECORD: Interaction INT-0001 exhibits low signature alignment (0%). No immediate forensic action required.
SIG-8DCEF574,INT-0002,FUSED-INT-0002,StandardMotorcycleSnatch,0.8,High Confidence Match,0.6634,3,1,FLAGGED FOR HIGH-PRIORITY FORENSIC REVIEW: Interaction INT-0002 exhibits strong signature alignment (80%). Export forensic video clip for investigation.
SIG-2D960925,INT-0003,FUSED-INT-0003,StandardMotorcycleSnatch,0.4,Weak Match,0.3151,2,2,ROUTINE RECORD: Interaction INT-0003 exhibits low signature alignment (40%). No immediate forensic action required.
SIG-88007E94,INT-0004,FUSED-INT-0004,StandardMotorcycleSnatch,0.4,Weak Match,0.3408,2,2,ROUTINE RECORD: Interaction INT-0004 exhibits low signature alignment (40%). No immediate forensic action required.
SIG-938C97B0,INT-0001,FUSED-INT-0001,StandardMotorcycleSnatch,0.0,No Match,0.0,0,4,ROUTINE RECORD: Interaction INT-0001 exhibits low signature alignment (0%). No immediate forensic action required.
SIG-1C6A25B0,INT-0002,FUSED-INT-0002,StandardMotorcycleSnatch,0.8,High Confidence Match,0.6634,3,1,FLAGGED FOR HIGH-PRIORITY FORENSIC REVIEW: Interaction INT-0002 exhibits strong signature alignment (80%). Export forensic video clip for investigation.
SIG-DC6C5CCB,INT-0003,FUSED-INT-0003,StandardMotorcycleSnatch,0.4,Weak Match,0.3146,2,2,ROUTINE RECORD: Interaction INT-0003 exhibits low signature alignment (40%). No immediate forensic action required.
SIG-1851131E,INT-0004,FUSED-INT-0004,StandardMotorcycleSnatch,0.4,Weak Match,0.3412,2,2,ROUTINE RECORD: Interaction INT-0004 exhibits low signature alignment (40%). No immediate forensic action required.
SIG-C376AFCE,INT-0001,FUSED-INT-0001,StandardMotorcycleSnatch,0.0,No Match,0.0,0,4,ROUTINE RECORD: Interaction INT-0001 exhibits low signature alignment (0%). No immediate forensic action required.
SIG-4DFF7482,INT-0002,FUSED-INT-0002,StandardMotorcycleSnatch,0.8,High Confidence Match,0.6634,3,1,FLAGGED FOR HIGH-PRIORITY FORENSIC REVIEW: Interaction INT-0002 exhibits strong signature alignment (80%). Export forensic video clip for investigation.
SIG-1C3D8360,INT-0003,FUSED-INT-0003,StandardMotorcycleSnatch,0.4,Weak Match,0.3142,2,2,ROUTINE RECORD: Interaction INT-0003 exhibits low signature alignment (40%). No immediate forensic action required.
SIG-0E22912E,INT-0004,FUSED-INT-0004,StandardMotorcycleSnatch,0.4,Weak Match,0.3415,2,2,ROUTINE RECORD: Interaction INT-0004 exhibits low signature alignment (40%). No immediate forensic action required.
SIG-74206F30,INT-0001,FUSED-INT-0001,StandardMotorcycleSnatch,0.0,No Match,0.0,0,4,ROUTINE RECORD: Interaction INT-0001 exhibits low signature alignment (0%). No immediate forensic action required.
SIG-7563CCE4,INT-0002,FUSED-INT-0002,StandardMotorcycleSnatch,0.8,High Confidence Match,0.6634,3,1,FLAGGED FOR HIGH-PRIORITY FORENSIC REVIEW: Interaction INT-0002 exhibits strong signature alignment (80%). Export forensic video clip for investigation.
SIG-2DE08046,INT-0003,FUSED-INT-0003,StandardMotorcycleSnatch,0.4,Weak Match,0.3138,2,2,ROUTINE RECORD: Interaction INT-0003 exhibits low signature alignment (40%). No immediate forensic action required.
SIG-39FFEF8E,INT-0004,FUSED-INT-0004,StandardMotorcycleSnatch,0.4,Weak Match,0.3419,2,2,ROUTINE RECORD: Interaction INT-0004 exhibits low signature alignment (40%). No immediate forensic action required.
SIG-E57DA1C4,INT-0001,FUSED-INT-0001,StandardMotorcycleSnatch,0.0,No Match,0.0,0,4,ROUTINE RECORD: Interaction INT-0001 exhibits low signature alignment (0%). No immediate forensic action required.
SIG-A65EABE3,INT-0002,FUSED-INT-0002,StandardMotorcycleSnatch,0.8,High Confidence Match,0.6634,3,1,FLAGGED FOR HIGH-PRIORITY FORENSIC REVIEW: Interaction INT-0002 exhibits strong signature alignment (80%). Export forensic video clip for investigation.
SIG-2C83DAB7,INT-0003,FUSED-INT-0003,StandardMotorcycleSnatch,0.4,Weak Match,0.3134,2,2,ROUTINE RECORD: Interaction INT-0003 exhibits low signature alignment (40%). No immediate forensic action required.
SIG-BA212D69,INT-0004,FUSED-INT-0004,StandardMotorcycleSnatch,0.4,Weak Match,0.3423,2,2,ROUTINE RECORD: Interaction INT-0004 exhibits low signature alignment (40%). No immediate forensic action required.
SIG-9B386AB7,INT-0001,FUSED-INT-0001,StandardMotorcycleSnatch,0.0,No Match,0.0,0,4,ROUTINE RECORD: Interaction INT-0001 exhibits low signature alignment (0%). No immediate forensic action required.
SIG-2330AFF5,INT-0002,FUSED-INT-0002,StandardMotorcycleSnatch,0.8,High Confidence Match,0.6634,3,1,FLAGGED FOR HIGH-PRIORITY FORENSIC REVIEW: Interaction INT-0002 exhibits strong signature alignment (80%). Export forensic video clip for investigation.
SIG-B8A131EC,INT-0003,FUSED-INT-0003,StandardMotorcycleSnatch,0.4,Weak Match,0.313,2,2,ROUTINE RECORD: Interaction INT-0003 exhibits low signature alignment (40%). No immediate forensic action required.
SIG-4F2D094B,INT-0004,FUSED-INT-0004,StandardMotorcycleSnatch,0.4,Weak Match,0.3424,2,2,ROUTINE RECORD: Interaction INT-0004 exhibits low signature alignment (40%). No immediate forensic action required.
SIG-5D232D3C,INT-0001,FUSED-INT-0001,StandardMotorcycleSnatch,0.0,No Match,0.0,0,4,ROUTINE RECORD: Interaction INT-0001 exhibits low signature alignment (0%). No immediate forensic action required.
SIG-4F63F8A7,INT-0002,FUSED-INT-0002,StandardMotorcycleSnatch,0.8,High Confidence Match,0.6634,3,1,FLAGGED FOR HIGH-PRIORITY FORENSIC REVIEW: Interaction INT-0002 exhibits strong signature alignment (80%). Export forensic video clip for investigation.
SIG-45F847A1,INT-0003,FUSED-INT-0003,StandardMotorcycleSnatch,0.4,Weak Match,0.3127,2,2,ROUTINE RECORD: Interaction INT-0003 exhibits low signature alignment (40%). No immediate forensic action required.
SIG-3F9B7457,INT-0004,FUSED-INT-0004,StandardMotorcycleSnatch,0.4,Weak Match,0.3425,2,2,ROUTINE RECORD: Interaction INT-0004 exhibits low signature alignment (40%). No immediate forensic action required.
SIG-92FB5C5F,INT-0001,FUSED-INT-0001,StandardMotorcycleSnatch,0.0,No Match,0.0,0,4,ROUTINE RECORD: Interaction INT-0001 exhibits low signature alignment (0%). No immediate forensic action required.
SIG-7AB57AD4,INT-0002,FUSED-INT-0002,StandardMotorcycleSnatch,0.8,High Confidence Match,0.6634,3,1,FLAGGED FOR HIGH-PRIORITY FORENSIC REVIEW: Interaction INT-0002 exhibits strong signature alignment (80%). Export forensic video clip for investigation.
SIG-3759EBB0,INT-0003,FUSED-INT-0003,StandardMotorcycleSnatch,0.4,Weak Match,0.3124,2,2,ROUTINE RECORD: Interaction INT-0003 exhibits low signature alignment (40%). No immediate forensic action required.
SIG-0CF55245,INT-0004,FUSED-INT-0004,StandardMotorcycleSnatch,0.4,Weak Match,0.3425,2,2,ROUTINE RECORD: Interaction INT-0004 exhibits low signature alignment (40%). No immediate forensic action required.
SIG-9BBABB49,INT-0001,FUSED-INT-0001,StandardMotorcycleSnatch,0.0,No Match,0.0,0,4,ROUTINE RECORD: Interaction INT-0001 exhibits low signature alignment (0%). No immediate forensic action required.
SIG-A8BE1FBC,INT-0002,FUSED-INT-0002,StandardMotorcycleSnatch,0.8,High Confidence Match,0.6634,3,1,FLAGGED FOR HIGH-PRIORITY FORENSIC REVIEW: Interaction INT-0002 exhibits strong signature alignment (80%). Export forensic video clip for investigation.
SIG-D4EEAEAB,INT-0003,FUSED-INT-0003,StandardMotorcycleSnatch,0.4,Weak Match,0.312,2,2,ROUTINE RECORD: Interaction INT-0003 exhibits low signature alignment (40%). No immediate forensic action required.
SIG-D6AE04E0,INT-0004,FUSED-INT-0004,StandardMotorcycleSnatch,0.4,Weak Match,0.3424,2,2,ROUTINE RECORD: Interaction INT-0004 exhibits low signature alignment (40%). No immediate forensic action required.
SIG-AD188D98,INT-0001,FUSED-INT-0001,StandardMotorcycleSnatch,0.0,No Match,0.0,0,4,ROUTINE RECORD: Interaction INT-0001 exhibits low signature alignment (0%). No immediate forensic action required.
SIG-D836886F,INT-0002,FUSED-INT-0002,StandardMotorcycleSnatch,0.8,High Confidence Match,0.6634,3,1,FLAGGED FOR HIGH-PRIORITY FORENSIC REVIEW: Interaction INT-0002 exhibits strong signature alignment (80%). Export forensic video clip for investigation.
SIG-0A7B5B66,INT-0003,FUSED-INT-0003,StandardMotorcycleSnatch,0.4,Weak Match,0.3117,2,2,ROUTINE RECORD: Interaction INT-0003 exhibits low signature alignment (40%). No immediate forensic action required.
SIG-CC68A6BA,INT-0004,FUSED-INT-0004,StandardMotorcycleSnatch,0.4,Weak Match,0.3421,2,2,ROUTINE RECORD: Interaction INT-0004 exhibits low signature alignment (40%). No immediate forensic action required.
SIG-933333A9,INT-0001,FUSED-INT-0001,StandardMotorcycleSnatch,0.0,No Match,0.0,0,4,ROUTINE RECORD: Interaction INT-0001 exhibits low signature alignment (0%). No immediate forensic action required.
SIG-48245E74,INT-0002,FUSED-INT-0002,StandardMotorcycleSnatch,0.8,High Confidence Match,0.6634,3,1,FLAGGED FOR HIGH-PRIORITY FORENSIC REVIEW: Interaction INT-0002 exhibits strong signature alignment (80%). Export forensic video clip for investigation.
SIG-636A62F6,INT-0003,FUSED-INT-0003,StandardMotorcycleSnatch,0.4,Weak Match,0.3113,2,2,ROUTINE RECORD: Interaction INT-0003 exhibits low signature alignment (40%). No immediate forensic action required.
SIG-E05A034C,INT-0004,FUSED-INT-0004,StandardMotorcycleSnatch,0.4,Weak Match,0.3417,2,2,ROUTINE RECORD: Interaction INT-0004 exhibits low signature alignment (40%). No immediate forensic action required.
SIG-90315833,INT-0001,FUSED-INT-0001,StandardMotorcycleSnatch,0.0,No Match,0.0,0,4,ROUTINE RECORD: Interaction INT-0001 exhibits low signature alignment (0%). No immediate forensic action required.
SIG-7E550FDE,INT-0002,FUSED-INT-0002,StandardMotorcycleSnatch,0.8,High Confidence Match,0.6634,3,1,FLAGGED FOR HIGH-PRIORITY FORENSIC REVIEW: Interaction INT-0002 exhibits strong signature alignment (80%). Export forensic video clip for investigation.
SIG-A3D61B3D,INT-0003,FUSED-INT-0003,StandardMotorcycleSnatch,0.4,Weak Match,0.3109,2,2,ROUTINE RECORD: Interaction INT-0003 exhibits low signature alignment (40%). No immediate forensic action required.
SIG-FEC4B610,INT-0004,FUSED-INT-0004,StandardMotorcycleSnatch,0.4,Weak Match,0.3412,2,2,ROUTINE RECORD: Interaction INT-0004 exhibits low signature alignment (40%). No immediate forensic action required.
SIG-3E564A19,INT-0001,FUSED-INT-0001,StandardMotorcycleSnatch,0.0,No Match,0.0,0,4,ROUTINE RECORD: Interaction INT-0001 exhibits low signature alignment (0%). No immediate forensic action required.
SIG-0D34115D,INT-0002,FUSED-INT-0002,StandardMotorcycleSnatch,0.8,High Confidence Match,0.6634,3,1,FLAGGED FOR HIGH-PRIORITY FORENSIC REVIEW: Interaction INT-0002 exhibits strong signature alignment (80%). Export forensic video clip for investigation.
SIG-35CFC7D9,INT-0003,FUSED-INT-0003,StandardMotorcycleSnatch,0.4,Weak Match,0.3106,2,2,ROUTINE RECORD: Interaction INT-0003 exhibits low signature alignment (40%). No immediate forensic action required.
SIG-E804805F,INT-0004,FUSED-INT-0004,StandardMotorcycleSnatch,0.4,Weak Match,0.3406,2,2,ROUTINE RECORD: Interaction INT-0004 exhibits low signature alignment (40%). No immediate forensic action required.
SIG-B02D95CE,INT-0001,FUSED-INT-0001,StandardMotorcycleSnatch,0.0,No Match,0.0,0,4,ROUTINE RECORD: Interaction INT-0001 exhibits low signature alignment (0%). No immediate forensic action required.
SIG-45B00A3F,INT-0002,FUSED-INT-0002,StandardMotorcycleSnatch,0.8,High Confidence Match,0.6634,3,1,FLAGGED FOR HIGH-PRIORITY FORENSIC REVIEW: Interaction INT-0002 exhibits strong signature alignment (80%). Export forensic video clip for investigation.
SIG-60C9CDE9,INT-0003,FUSED-INT-0003,StandardMotorcycleSnatch,0.4,Weak Match,0.3102,2,2,ROUTINE RECORD: Interaction INT-0003 exhibits low signature alignment (40%). No immediate forensic action required.
SIG-8FE628C1,INT-0004,FUSED-INT-0004,StandardMotorcycleSnatch,0.4,Weak Match,0.3402,2,2,ROUTINE RECORD: Interaction INT-0004 exhibits low signature alignment (40%). No immediate forensic action required.
SIG-6AFB4634,INT-0001,FUSED-INT-0001,StandardMotorcycleSnatch,0.0,No Match,0.0,0,4,ROUTINE RECORD: Interaction INT-0001 exhibits low signature alignment (0%). No immediate forensic action required.
SIG-7E886C5B,INT-0002,FUSED-INT-0002,StandardMotorcycleSnatch,0.8,High Confidence Match,0.6634,3,1,FLAGGED FOR HIGH-PRIORITY FORENSIC REVIEW: Interaction INT-0002 exhibits strong signature alignment (80%). Export forensic video clip for investigation.
SIG-43B8B775,INT-0003,FUSED-INT-0003,StandardMotorcycleSnatch,0.4,Weak Match,0.3098,2,2,ROUTINE RECORD: Interaction INT-0003 exhibits low signature alignment (40%). No immediate forensic action required.
SIG-E8A2DBCB,INT-0004,FUSED-INT-0004,StandardMotorcycleSnatch,0.4,Weak Match,0.3398,2,2,ROUTINE RECORD: Interaction INT-0004 exhibits low signature alignment (40%). No immediate forensic action required.
SIG-F2D29AFA,INT-0001,FUSED-INT-0001,StandardMotorcycleSnatch,0.0,No Match,0.0,0,4,ROUTINE RECORD: Interaction INT-0001 exhibits low signature alignment (0%). No immediate forensic action required.
SIG-EEB990A8,INT-0002,FUSED-INT-0002,StandardMotorcycleSnatch,0.8,High Confidence Match,0.6634,3,1,FLAGGED FOR HIGH-PRIORITY FORENSIC REVIEW: Interaction INT-0002 exhibits strong signature alignment (80%). Export forensic video clip for investigation.
SIG-B15F7DE2,INT-0003,FUSED-INT-0003,StandardMotorcycleSnatch,0.4,Weak Match,0.3095,2,2,ROUTINE RECORD: Interaction INT-0003 exhibits low signature alignment (40%). No immediate forensic action required.
SIG-288CEFA8,INT-0004,FUSED-INT-0004,StandardMotorcycleSnatch,0.4,Weak Match,0.3393,2,2,ROUTINE RECORD: Interaction INT-0004 exhibits low signature alignment (40%). No immediate forensic action required.
SIG-FF3AAB8B,INT-0001,FUSED-INT-0001,StandardMotorcycleSnatch,0.0,No Match,0.0,0,4,ROUTINE RECORD: Interaction INT-0001 exhibits low signature alignment (0%). No immediate forensic action required.
SIG-AA05ED4B,INT-0002,FUSED-INT-0002,StandardMotorcycleSnatch,0.8,High Confidence Match,0.6634,3,1,FLAGGED FOR HIGH-PRIORITY FORENSIC REVIEW: Interaction INT-0002 exhibits strong signature alignment (80%). Export forensic video clip for investigation.
SIG-23D8C9D7,INT-0003,FUSED-INT-0003,StandardMotorcycleSnatch,0.4,Weak Match,0.3092,2,2,ROUTINE RECORD: Interaction INT-0003 exhibits low signature alignment (40%). No immediate forensic action required.
SIG-B0E0E76B,INT-0004,FUSED-INT-0004,StandardMotorcycleSnatch,0.4,Weak Match,0.3388,2,2,ROUTINE RECORD: Interaction INT-0004 exhibits low signature alignment (40%). No immediate forensic action required.
SIG-36DA1ACF,INT-0001,FUSED-INT-0001,StandardMotorcycleSnatch,0.0,No Match,0.0,0,4,ROUTINE RECORD: Interaction INT-0001 exhibits low signature alignment (0%). No immediate forensic action required.
SIG-A00FAD80,INT-0002,FUSED-INT-0002,StandardMotorcycleSnatch,0.8,High Confidence Match,0.6634,3,1,FLAGGED FOR HIGH-PRIORITY FORENSIC REVIEW: Interaction INT-0002 exhibits strong signature alignment (80%). Export forensic video clip for investigation.
SIG-0802D5C2,INT-0003,FUSED-INT-0003,StandardMotorcycleSnatch,0.4,Weak Match,0.3089,2,2,ROUTINE RECORD: Interaction INT-0003 exhibits low signature alignment (40%). No immediate forensic action required.
SIG-07E25122,INT-0004,FUSED-INT-0004,StandardMotorcycleSnatch,0.4,Weak Match,0.3383,2,2,ROUTINE RECORD: Interaction INT-0004 exhibits low signature alignment (40%). No immediate forensic action required.
SIG-A8263281,INT-0001,FUSED-INT-0001,StandardMotorcycleSnatch,0.0,No Match,0.0,0,4,ROUTINE RECORD: Interaction INT-0001 exhibits low signature alignment (0%). No immediate forensic action required.
SIG-B62788EB,INT-0002,FUSED-INT-0002,StandardMotorcycleSnatch,0.8,High Confidence Match,0.6634,3,1,FLAGGED FOR HIGH-PRIORITY FORENSIC REVIEW: Interaction INT-0002 exhibits strong signature alignment (80%). Export forensic video clip for investigation.
SIG-110FD601,INT-0003,FUSED-INT-0003,StandardMotorcycleSnatch,0.4,Weak Match,0.3086,2,2,ROUTINE RECORD: Interaction INT-0003 exhibits low signature alignment (40%). No immediate forensic action required.
SIG-A8667963,INT-0004,FUSED-INT-0004,StandardMotorcycleSnatch,0.4,Weak Match,0.338,2,2,ROUTINE RECORD: Interaction INT-0004 exhibits low signature alignment (40%). No immediate forensic action required.
SIG-BE1998AD,INT-0001,FUSED-INT-0001,StandardMotorcycleSnatch,0.0,No Match,0.0,0,4,ROUTINE RECORD: Interaction INT-0001 exhibits low signature alignment (0%). No immediate forensic action required.
SIG-F2749818,INT-0002,FUSED-INT-0002,StandardMotorcycleSnatch,0.8,High Confidence Match,0.6634,3,1,FLAGGED FOR HIGH-PRIORITY FORENSIC REVIEW: Interaction INT-0002 exhibits strong signature alignment (80%). Export forensic video clip for investigation.
SIG-A1248B44,INT-0003,FUSED-INT-0003,StandardMotorcycleSnatch,0.4,Weak Match,0.3083,2,2,ROUTINE RECORD: Interaction INT-0003 exhibits low signature alignment (40%). No immediate forensic action required.
SIG-8DFCA14C,INT-0004,FUSED-INT-0004,StandardMotorcycleSnatch,0.4,Weak Match,0.3374,2,2,ROUTINE RECORD: Interaction INT-0004 exhibits low signature alignment (40%). No immediate forensic action required.
SIG-99ACB829,INT-0001,FUSED-INT-0001,StandardMotorcycleSnatch,0.0,No Match,0.0,0,4,ROUTINE RECORD: Interaction INT-0001 exhibits low signature alignment (0%). No immediate forensic action required.
SIG-C5D3EB26,INT-0002,FUSED-INT-0002,StandardMotorcycleSnatch,0.8,High Confidence Match,0.6634,3,1,FLAGGED FOR HIGH-PRIORITY FORENSIC REVIEW: Interaction INT-0002 exhibits strong signature alignment (80%). Export forensic video clip for investigation.
SIG-7A3D67F0,INT-0003,FUSED-INT-0003,StandardMotorcycleSnatch,0.4,Weak Match,0.308,2,2,ROUTINE RECORD: Interaction INT-0003 exhibits low signature alignment (40%). No immediate forensic action required.
SIG-01D7D989,INT-0004,FUSED-INT-0004,StandardMotorcycleSnatch,0.4,Weak Match,0.3368,2,2,ROUTINE RECORD: Interaction INT-0004 exhibits low signature alignment (40%). No immediate forensic action required.
SIG-344436EF,INT-0001,FUSED-INT-0001,StandardMotorcycleSnatch,0.0,No Match,0.0,0,4,ROUTINE RECORD: Interaction INT-0001 exhibits low signature alignment (0%). No immediate forensic action required.
SIG-01A12095,INT-0002,FUSED-INT-0002,StandardMotorcycleSnatch,0.8,High Confidence Match,0.6634,3,1,FLAGGED FOR HIGH-PRIORITY FORENSIC REVIEW: Interaction INT-0002 exhibits strong signature alignment (80%). Export forensic video clip for investigation.
SIG-BD9E19EE,INT-0003,FUSED-INT-0003,StandardMotorcycleSnatch,0.4,Weak Match,0.3078,2,2,ROUTINE RECORD: Interaction INT-0003 exhibits low signature alignment (40%). No immediate forensic action required.
SIG-1729A216,INT-0004,FUSED-INT-0004,StandardMotorcycleSnatch,0.4,Weak Match,0.3357,2,2,ROUTINE RECORD: Interaction INT-0004 exhibits low signature alignment (40%). No immediate forensic action required.
SIG-32A59E2A,INT-0001,FUSED-INT-0001,StandardMotorcycleSnatch,0.0,No Match,0.0,0,4,ROUTINE RECORD: Interaction INT-0001 exhibits low signature alignment (0%). No immediate forensic action required.
SIG-72585A82,INT-0002,FUSED-INT-0002,StandardMotorcycleSnatch,0.8,High Confidence Match,0.6634,3,1,FLAGGED FOR HIGH-PRIORITY FORENSIC REVIEW: Interaction INT-0002 exhibits strong signature alignment (80%). Export forensic video clip for investigation.
SIG-08825E2D,INT-0003,FUSED-INT-0003,StandardMotorcycleSnatch,0.4,Weak Match,0.3076,2,2,ROUTINE RECORD: Interaction INT-0003 exhibits low signature alignment (40%). No immediate forensic action required.
SIG-9A4B8810,INT-0004,FUSED-INT-0004,StandardMotorcycleSnatch,0.4,Weak Match,0.3348,2,2,ROUTINE RECORD: Interaction INT-0004 exhibits low signature alignment (40%). No immediate forensic action required.
SIG-D94EB5ED,INT-0001,FUSED-INT-0001,StandardMotorcycleSnatch,0.0,No Match,0.0,0,4,ROUTINE RECORD: Interaction INT-0001 exhibits low signature alignment (0%). No immediate forensic action required.
SIG-DEB59614,INT-0002,FUSED-INT-0002,StandardMotorcycleSnatch,0.8,High Confidence Match,0.6634,3,1,FLAGGED FOR HIGH-PRIORITY FORENSIC REVIEW: Interaction INT-0002 exhibits strong signature alignment (80%). Export forensic video clip for investigation.
SIG-05CF7A30,INT-0003,FUSED-INT-0003,StandardMotorcycleSnatch,0.4,Weak Match,0.3076,2,2,ROUTINE RECORD: Interaction INT-0003 exhibits low signature alignment (40%). No immediate forensic action required.
SIG-C668EE2E,INT-0004,FUSED-INT-0004,StandardMotorcycleSnatch,0.4,Weak Match,0.3341,2,2,ROUTINE RECORD: Interaction INT-0004 exhibits low signature alignment (40%). No immediate forensic action required.
SIG-D60958D2,INT-0001,FUSED-INT-0001,StandardMotorcycleSnatch,0.0,No Match,0.0,0,4,ROUTINE RECORD: Interaction INT-0001 exhibits low signature alignment (0%). No immediate forensic action required.
SIG-FD83CD39,INT-0002,FUSED-INT-0002,StandardMotorcycleSnatch,0.8,High Confidence Match,0.6634,3,1,FLAGGED FOR HIGH-PRIORITY FORENSIC REVIEW: Interaction INT-0002 exhibits strong signature alignment (80%). Export forensic video clip for investigation.
SIG-6F035BC7,INT-0003,FUSED-INT-0003,StandardMotorcycleSnatch,0.4,Weak Match,0.3076,2,2,ROUTINE RECORD: Interaction INT-0003 exhibits low signature alignment (40%). No immediate forensic action required.
SIG-38474373,INT-0004,FUSED-INT-0004,StandardMotorcycleSnatch,0.4,Weak Match,0.3334,2,2,ROUTINE RECORD: Interaction INT-0004 exhibits low signature alignment (40%). No immediate forensic action required.
SIG-6ADC4E66,INT-0001,FUSED-INT-0001,StandardMotorcycleSnatch,0.0,No Match,0.0,0,4,ROUTINE RECORD: Interaction INT-0001 exhibits low signature alignment (0%). No immediate forensic action required.
SIG-36801864,INT-0002,FUSED-INT-0002,StandardMotorcycleSnatch,0.8,High Confidence Match,0.6634,3,1,FLAGGED FOR HIGH-PRIORITY FORENSIC REVIEW: Interaction INT-0002 exhibits strong signature alignment (80%). Export forensic video clip for investigation.
SIG-17DCE86B,INT-0003,FUSED-INT-0003,StandardMotorcycleSnatch,0.4,Weak Match,0.3076,2,2,ROUTINE RECORD: Interaction INT-0003 exhibits low signature alignment (40%). No immediate forensic action required.
SIG-2BFD0E4B,INT-0004,FUSED-INT-0004,StandardMotorcycleSnatch,0.4,Weak Match,0.3329,2,2,ROUTINE RECORD: Interaction INT-0004 exhibits low signature alignment (40%). No immediate forensic action required.
SIG-624B0E49,INT-0001,FUSED-INT-0001,StandardMotorcycleSnatch,0.0,No Match,0.0,0,4,ROUTINE RECORD: Interaction INT-0001 exhibits low signature alignment (0%). No immediate forensic action required.
SIG-34F803DD,INT-0002,FUSED-INT-0002,StandardMotorcycleSnatch,0.8,High Confidence Match,0.6634,3,1,FLAGGED FOR HIGH-PRIORITY FORENSIC REVIEW: Interaction INT-0002 exhibits strong signature alignment (80%). Export forensic video clip for investigation.
SIG-2B9C89D7,INT-0003,FUSED-INT-0003,StandardMotorcycleSnatch,0.4,Weak Match,0.3076,2,2,ROUTINE RECORD: Interaction INT-0003 exhibits low signature alignment (40%). No immediate forensic action required.
SIG-28AF748F,INT-0004,FUSED-INT-0004,StandardMotorcycleSnatch,0.4,Weak Match,0.3323,2,2,ROUTINE RECORD: Interaction INT-0004 exhibits low signature alignment (40%). No immediate forensic action required.
SIG-DC13187C,INT-0001,FUSED-INT-0001,StandardMotorcycleSnatch,0.0,No Match,0.0,0,4,ROUTINE RECORD: Interaction INT-0001 exhibits low signature alignment (0%). No immediate forensic action required.
SIG-8A6CE2E5,INT-0002,FUSED-INT-0002,StandardMotorcycleSnatch,0.8,High Confidence Match,0.6634,3,1,FLAGGED FOR HIGH-PRIORITY FORENSIC REVIEW: Interaction INT-0002 exhibits strong signature alignment (80%). Export forensic video clip for investigation.
SIG-D8280691,INT-0003,FUSED-INT-0003,StandardMotorcycleSnatch,0.4,Weak Match,0.3076,2,2,ROUTINE RECORD: Interaction INT-0003 exhibits low signature alignment (40%). No immediate forensic action required.
SIG-616641F7,INT-0004,FUSED-INT-0004,StandardMotorcycleSnatch,0.4,Weak Match,0.3317,2,2,ROUTINE RECORD: Interaction INT-0004 exhibits low signature alignment (40%). No immediate forensic action required.
SIG-20CB8B74,INT-0001,FUSED-INT-0001,StandardMotorcycleSnatch,0.0,No Match,0.0,0,4,ROUTINE RECORD: Interaction INT-0001 exhibits low signature alignment (0%). No immediate forensic action required.
SIG-D38A35DC,INT-0002,FUSED-INT-0002,StandardMotorcycleSnatch,0.8,High Confidence Match,0.6634,3,1,FLAGGED FOR HIGH-PRIORITY FORENSIC REVIEW: Interaction INT-0002 exhibits strong signature alignment (80%). Export forensic video clip for investigation.
SIG-691DF065,INT-0003,FUSED-INT-0003,StandardMotorcycleSnatch,0.4,Weak Match,0.3076,2,2,ROUTINE RECORD: Interaction INT-0003 exhibits low signature alignment (40%). No immediate forensic action required.
SIG-86511F2B,INT-0004,FUSED-INT-0004,StandardMotorcycleSnatch,0.4,Weak Match,0.3311,2,2,ROUTINE RECORD: Interaction INT-0004 exhibits low signature alignment (40%). No immediate forensic action required.
SIG-BAA58C8A,INT-0001,FUSED-INT-0001,StandardMotorcycleSnatch,0.0,No Match,0.0,0,4,ROUTINE RECORD: Interaction INT-0001 exhibits low signature alignment (0%). No immediate forensic action required.
SIG-5FB181E4,INT-0002,FUSED-INT-0002,StandardMotorcycleSnatch,0.8,High Confidence Match,0.6634,3,1,FLAGGED FOR HIGH-PRIORITY FORENSIC REVIEW: Interaction INT-0002 exhibits strong signature alignment (80%). Export forensic video clip for investigation.
SIG-DBD767B8,INT-0003,FUSED-INT-0003,StandardMotorcycleSnatch,0.4,Weak Match,0.3076,2,2,ROUTINE RECORD: Interaction INT-0003 exhibits low signature alignment (40%). No immediate forensic action required.
SIG-52A8BBF9,INT-0004,FUSED-INT-0004,StandardMotorcycleSnatch,0.4,Weak Match,0.3307,2,2,ROUTINE RECORD: Interaction INT-0004 exhibits low signature alignment (40%). No immediate forensic action required.
SIG-FC3EBA0D,INT-0001,FUSED-INT-0001,StandardMotorcycleSnatch,0.0,No Match,0.0,0,4,ROUTINE RECORD: Interaction INT-0001 exhibits low signature alignment (0%). No immediate forensic action required.
SIG-73CB13B5,INT-0002,FUSED-INT-0002,StandardMotorcycleSnatch,0.8,High Confidence Match,0.6634,3,1,FLAGGED FOR HIGH-PRIORITY FORENSIC REVIEW: Interaction INT-0002 exhibits strong signature alignment (80%). Export forensic video clip for investigation.
SIG-A003587C,INT-0003,FUSED-INT-0003,StandardMotorcycleSnatch,0.4,Weak Match,0.3076,2,2,ROUTINE RECORD: Interaction INT-0003 exhibits low signature alignment (40%). No immediate forensic action required.
SIG-57A06DD0,INT-0004,FUSED-INT-0004,StandardMotorcycleSnatch,0.4,Weak Match,0.3302,2,2,ROUTINE RECORD: Interaction INT-0004 exhibits low signature alignment (40%). No immediate forensic action required.
SIG-890A8C9A,INT-0001,FUSED-INT-0001,StandardMotorcycleSnatch,0.0,No Match,0.0,0,4,ROUTINE RECORD: Interaction INT-0001 exhibits low signature alignment (0%). No immediate forensic action required.
SIG-B5466F1E,INT-0002,FUSED-INT-0002,StandardMotorcycleSnatch,0.8,High Confidence Match,0.6634,3,1,FLAGGED FOR HIGH-PRIORITY FORENSIC REVIEW: Interaction INT-0002 exhibits strong signature alignment (80%). Export forensic video clip for investigation.
SIG-C0B011FF,INT-0003,FUSED-INT-0003,StandardMotorcycleSnatch,0.4,Weak Match,0.3076,2,2,ROUTINE RECORD: Interaction INT-0003 exhibits low signature alignment (40%). No immediate forensic action required.
SIG-9DCEC505,INT-0004,FUSED-INT-0004,StandardMotorcycleSnatch,0.4,Weak Match,0.3297,2,2,ROUTINE RECORD: Interaction INT-0004 exhibits low signature alignment (40%). No immediate forensic action required.
SIG-98F82508,INT-0001,FUSED-INT-0001,StandardMotorcycleSnatch,0.0,No Match,0.0,0,4,ROUTINE RECORD: Interaction INT-0001 exhibits low signature alignment (0%). No immediate forensic action required.
SIG-3E07EF96,INT-0002,FUSED-INT-0002,StandardMotorcycleSnatch,0.8,High Confidence Match,0.6634,3,1,FLAGGED FOR HIGH-PRIORITY FORENSIC REVIEW: Interaction INT-0002 exhibits strong signature alignment (80%). Export forensic video clip for investigation.
SIG-1E50FA8E,INT-0003,FUSED-INT-0003,StandardMotorcycleSnatch,0.4,Weak Match,0.3076,2,2,ROUTINE RECORD: Interaction INT-0003 exhibits low signature alignment (40%). No immediate forensic action required.
SIG-8018243B,INT-0004,FUSED-INT-0004,StandardMotorcycleSnatch,0.4,Weak Match,0.3292,2,2,ROUTINE RECORD: Interaction INT-0004 exhibits low signature alignment (40%). No immediate forensic action required.
SIG-F20860C9,INT-0001,FUSED-INT-0001,StandardMotorcycleSnatch,0.0,No Match,0.0,0,4,ROUTINE RECORD: Interaction INT-0001 exhibits low signature alignment (0%). No immediate forensic action required.
SIG-B630C64A,INT-0002,FUSED-INT-0002,StandardMotorcycleSnatch,0.8,High Confidence Match,0.6634,3,1,FLAGGED FOR HIGH-PRIORITY FORENSIC REVIEW: Interaction INT-0002 exhibits strong signature alignment (80%). Export forensic video clip for investigation.
SIG-3CB873FE,INT-0003,FUSED-INT-0003,StandardMotorcycleSnatch,0.4,Weak Match,0.3076,2,2,ROUTINE RECORD: Interaction INT-0003 exhibits low signature alignment (40%). No immediate forensic action required.
SIG-770ED215,INT-0004,FUSED-INT-0004,StandardMotorcycleSnatch,0.4,Weak Match,0.3287,2,2,ROUTINE RECORD: Interaction INT-0004 exhibits low signature alignment (40%). No immediate forensic action required.
SIG-1B1F2DFF,INT-0001,FUSED-INT-0001,StandardMotorcycleSnatch,0.0,No Match,0.0,0,4,ROUTINE RECORD: Interaction INT-0001 exhibits low signature alignment (0%). No immediate forensic action required.
SIG-CDB4E107,INT-0002,FUSED-INT-0002,StandardMotorcycleSnatch,0.8,High Confidence Match,0.6634,3,1,FLAGGED FOR HIGH-PRIORITY FORENSIC REVIEW: Interaction INT-0002 exhibits strong signature alignment (80%). Export forensic video clip for investigation.
SIG-F456C226,INT-0003,FUSED-INT-0003,StandardMotorcycleSnatch,0.4,Weak Match,0.3076,2,2,ROUTINE RECORD: Interaction INT-0003 exhibits low signature alignment (40%). No immediate forensic action required.
SIG-A19A0937,INT-0004,FUSED-INT-0004,StandardMotorcycleSnatch,0.4,Weak Match,0.3282,2,2,ROUTINE RECORD: Interaction INT-0004 exhibits low signature alignment (40%). No immediate forensic action required.
SIG-FABE7204,INT-0001,FUSED-INT-0001,StandardMotorcycleSnatch,0.0,No Match,0.0,0,4,ROUTINE RECORD: Interaction INT-0001 exhibits low signature alignment (0%). No immediate forensic action required.
SIG-C6EAC530,INT-0002,FUSED-INT-0002,StandardMotorcycleSnatch,0.8,High Confidence Match,0.6634,3,1,FLAGGED FOR HIGH-PRIORITY FORENSIC REVIEW: Interaction INT-0002 exhibits strong signature alignment (80%). Export forensic video clip for investigation.
SIG-3ED2EE3A,INT-0003,FUSED-INT-0003,StandardMotorcycleSnatch,0.4,Weak Match,0.3076,2,2,ROUTINE RECORD: Interaction INT-0003 exhibits low signature alignment (40%). No immediate forensic action required.
SIG-CE164634,INT-0004,FUSED-INT-0004,StandardMotorcycleSnatch,0.4,Weak Match,0.3278,2,2,ROUTINE RECORD: Interaction INT-0004 exhibits low signature alignment (40%). No immediate forensic action required.
SIG-1A9F8A8D,INT-0001,FUSED-INT-0001,StandardMotorcycleSnatch,0.0,No Match,0.0,0,4,ROUTINE RECORD: Interaction INT-0001 exhibits low signature alignment (0%). No immediate forensic action required.
SIG-9CE2256D,INT-0002,FUSED-INT-0002,StandardMotorcycleSnatch,0.8,High Confidence Match,0.6634,3,1,FLAGGED FOR HIGH-PRIORITY FORENSIC REVIEW: Interaction INT-0002 exhibits strong signature alignment (80%). Export forensic video clip for investigation.
SIG-79667BA7,INT-0003,FUSED-INT-0003,StandardMotorcycleSnatch,0.4,Weak Match,0.3076,2,2,ROUTINE RECORD: Interaction INT-0003 exhibits low signature alignment (40%). No immediate forensic action required.
SIG-DFD67AFD,INT-0004,FUSED-INT-0004,StandardMotorcycleSnatch,0.4,Weak Match,0.3273,2,2,ROUTINE RECORD: Interaction INT-0004 exhibits low signature alignment (40%). No immediate forensic action required.
SIG-11B5A855,INT-0001,FUSED-INT-0001,StandardMotorcycleSnatch,0.0,No Match,0.0,0,4,ROUTINE RECORD: Interaction INT-0001 exhibits low signature alignment (0%). No immediate forensic action required.
SIG-3EB08760,INT-0002,FUSED-INT-0002,StandardMotorcycleSnatch,0.8,High Confidence Match,0.6634,3,1,FLAGGED FOR HIGH-PRIORITY FORENSIC REVIEW: Interaction INT-0002 exhibits strong signature alignment (80%). Export forensic video clip for investigation.
SIG-68BE61BD,INT-0003,FUSED-INT-0003,StandardMotorcycleSnatch,0.4,Weak Match,0.3076,2,2,ROUTINE RECORD: Interaction INT-0003 exhibits low signature alignment (40%). No immediate forensic action required.
SIG-2980DFDC,INT-0004,FUSED-INT-0004,StandardMotorcycleSnatch,0.4,Weak Match,0.3269,2,2,ROUTINE RECORD: Interaction INT-0004 exhibits low signature alignment (40%). No immediate forensic action required.
SIG-EEE93EF1,INT-0001,FUSED-INT-0001,StandardMotorcycleSnatch,0.0,No Match,0.0,0,4,ROUTINE RECORD: Interaction INT-0001 exhibits low signature alignment (0%). No immediate forensic action required.
SIG-BC1E379E,INT-0002,FUSED-INT-0002,StandardMotorcycleSnatch,0.8,High Confidence Match,0.6634,3,1,FLAGGED FOR HIGH-PRIORITY FORENSIC REVIEW: Interaction INT-0002 exhibits strong signature alignment (80%). Export forensic video clip for investigation.
SIG-7922DA42,INT-0003,FUSED-INT-0003,StandardMotorcycleSnatch,0.4,Weak Match,0.3076,2,2,ROUTINE RECORD: Interaction INT-0003 exhibits low signature alignment (40%). No immediate forensic action required.
SIG-C956016D,INT-0004,FUSED-INT-0004,StandardMotorcycleSnatch,0.4,Weak Match,0.3264,2,2,ROUTINE RECORD: Interaction INT-0004 exhibits low signature alignment (40%). No immediate forensic action required.
SIG-BC038386,INT-0001,FUSED-INT-0001,StandardMotorcycleSnatch,0.0,No Match,0.0,0,4,ROUTINE RECORD: Interaction INT-0001 exhibits low signature alignment (0%). No immediate forensic action required.
SIG-06C236F3,INT-0002,FUSED-INT-0002,StandardMotorcycleSnatch,0.8,High Confidence Match,0.6634,3,1,FLAGGED FOR HIGH-PRIORITY FORENSIC REVIEW: Interaction INT-0002 exhibits strong signature alignment (80%). Export forensic video clip for investigation.
SIG-AF83E4ED,INT-0003,FUSED-INT-0003,StandardMotorcycleSnatch,0.4,Weak Match,0.3076,2,2,ROUTINE RECORD: Interaction INT-0003 exhibits low signature alignment (40%). No immediate forensic action required.
SIG-1B6BC895,INT-0004,FUSED-INT-0004,StandardMotorcycleSnatch,0.4,Weak Match,0.326,2,2,ROUTINE RECORD: Interaction INT-0004 exhibits low signature alignment (40%). No immediate forensic action required.
SIG-7B017A35,INT-0001,FUSED-INT-0001,StandardMotorcycleSnatch,0.0,No Match,0.0,0,4,ROUTINE RECORD: Interaction INT-0001 exhibits low signature alignment (0%). No immediate forensic action required.
SIG-7B3160B3,INT-0002,FUSED-INT-0002,StandardMotorcycleSnatch,0.8,High Confidence Match,0.6634,3,1,FLAGGED FOR HIGH-PRIORITY FORENSIC REVIEW: Interaction INT-0002 exhibits strong signature alignment (80%). Export forensic video clip for investigation.
SIG-072F4F14,INT-0003,FUSED-INT-0003,StandardMotorcycleSnatch,0.4,Weak Match,0.3076,2,2,ROUTINE RECORD: Interaction INT-0003 exhibits low signature alignment (40%). No immediate forensic action required.
SIG-2C9A7DBF,INT-0004,FUSED-INT-0004,StandardMotorcycleSnatch,0.4,Weak Match,0.3256,2,2,ROUTINE RECORD: Interaction INT-0004 exhibits low signature alignment (40%). No immediate forensic action required.
SIG-7F6E36EE,INT-0001,FUSED-INT-0001,StandardMotorcycleSnatch,0.0,No Match,0.0,0,4,ROUTINE RECORD: Interaction INT-0001 exhibits low signature alignment (0%). No immediate forensic action required.
SIG-A4EBEC1A,INT-0002,FUSED-INT-0002,StandardMotorcycleSnatch,0.8,High Confidence Match,0.6634,3,1,FLAGGED FOR HIGH-PRIORITY FORENSIC REVIEW: Interaction INT-0002 exhibits strong signature alignment (80%). Export forensic video clip for investigation.
SIG-419A289A,INT-0003,FUSED-INT-0003,StandardMotorcycleSnatch,0.4,Weak Match,0.3076,2,2,ROUTINE RECORD: Interaction INT-0003 exhibits low signature alignment (40%). No immediate forensic action required.
SIG-343A410B,INT-0004,FUSED-INT-0004,StandardMotorcycleSnatch,0.4,Weak Match,0.3252,2,2,ROUTINE RECORD: Interaction INT-0004 exhibits low signature alignment (40%). No immediate forensic action required.
SIG-C62280D2,INT-0001,FUSED-INT-0001,StandardMotorcycleSnatch,0.0,No Match,0.0,0,4,ROUTINE RECORD: Interaction INT-0001 exhibits low signature alignment (0%). No immediate forensic action required.
SIG-5EC7F2E0,INT-0002,FUSED-INT-0002,StandardMotorcycleSnatch,0.8,High Confidence Match,0.6634,3,1,FLAGGED FOR HIGH-PRIORITY FORENSIC REVIEW: Interaction INT-0002 exhibits strong signature alignment (80%). Export forensic video clip for investigation.
SIG-60AFF851,INT-0003,FUSED-INT-0003,StandardMotorcycleSnatch,0.4,Weak Match,0.3076,2,2,ROUTINE RECORD: Interaction INT-0003 exhibits low signature alignment (40%). No immediate forensic action required.
SIG-8543E934,INT-0004,FUSED-INT-0004,StandardMotorcycleSnatch,0.4,Weak Match,0.3248,2,2,ROUTINE RECORD: Interaction INT-0004 exhibits low signature alignment (40%). No immediate forensic action required.
SIG-DE4E925B,INT-0001,FUSED-INT-0001,StandardMotorcycleSnatch,0.0,No Match,0.0,0,4,ROUTINE RECORD: Interaction INT-0001 exhibits low signature alignment (0%). No immediate forensic action required.
SIG-62D60E3A,INT-0002,FUSED-INT-0002,StandardMotorcycleSnatch,0.8,High Confidence Match,0.6634,3,1,FLAGGED FOR HIGH-PRIORITY FORENSIC REVIEW: Interaction INT-0002 exhibits strong signature alignment (80%). Export forensic video clip for investigation.
SIG-6D0925D3,INT-0003,FUSED-INT-0003,StandardMotorcycleSnatch,0.4,Weak Match,0.3076,2,2,ROUTINE RECORD: Interaction INT-0003 exhibits low signature alignment (40%). No immediate forensic action required.
SIG-514E0484,INT-0004,FUSED-INT-0004,StandardMotorcycleSnatch,0.4,Weak Match,0.3244,2,2,ROUTINE RECORD: Interaction INT-0004 exhibits low signature alignment (40%). No immediate forensic action required.
SIG-A2986CE2,INT-0001,FUSED-INT-0001,StandardMotorcycleSnatch,0.0,No Match,0.0,0,4,ROUTINE RECORD: Interaction INT-0001 exhibits low signature alignment (0%). No immediate forensic action required.
SIG-9CDDEB74,INT-0002,FUSED-INT-0002,StandardMotorcycleSnatch,0.8,High Confidence Match,0.6634,3,1,FLAGGED FOR HIGH-PRIORITY FORENSIC REVIEW: Interaction INT-0002 exhibits strong signature alignment (80%). Export forensic video clip for investigation.
SIG-A2323E67,INT-0003,FUSED-INT-0003,StandardMotorcycleSnatch,0.4,Weak Match,0.3076,2,2,ROUTINE RECORD: Interaction INT-0003 exhibits low signature alignment (40%). No immediate forensic action required.
SIG-131BF11C,INT-0004,FUSED-INT-0004,StandardMotorcycleSnatch,0.4,Weak Match,0.324,2,2,ROUTINE RECORD: Interaction INT-0004 exhibits low signature alignment (40%). No immediate forensic action required.
SIG-1FE5A23E,INT-0001,FUSED-INT-0001,StandardMotorcycleSnatch,0.0,No Match,0.0,0,4,ROUTINE RECORD: Interaction INT-0001 exhibits low signature alignment (0%). No immediate forensic action required.
SIG-C732255B,INT-0002,FUSED-INT-0002,StandardMotorcycleSnatch,0.8,High Confidence Match,0.6634,3,1,FLAGGED FOR HIGH-PRIORITY FORENSIC REVIEW: Interaction INT-0002 exhibits strong signature alignment (80%). Export forensic video clip for investigation.
SIG-8C713C72,INT-0003,FUSED-INT-0003,StandardMotorcycleSnatch,0.4,Weak Match,0.3076,2,2,ROUTINE RECORD: Interaction INT-0003 exhibits low signature alignment (40%). No immediate forensic action required.
SIG-04A65BA5,INT-0004,FUSED-INT-0004,StandardMotorcycleSnatch,0.4,Weak Match,0.3237,2,2,ROUTINE RECORD: Interaction INT-0004 exhibits low signature alignment (40%). No immediate forensic action required.
SIG-95807D33,INT-0001,FUSED-INT-0001,StandardMotorcycleSnatch,0.0,No Match,0.0,0,4,ROUTINE RECORD: Interaction INT-0001 exhibits low signature alignment (0%). No immediate forensic action required.
SIG-DF751982,INT-0002,FUSED-INT-0002,StandardMotorcycleSnatch,0.8,High Confidence Match,0.6634,3,1,FLAGGED FOR HIGH-PRIORITY FORENSIC REVIEW: Interaction INT-0002 exhibits strong signature alignment (80%). Export forensic video clip for investigation.
SIG-19A5280E,INT-0003,FUSED-INT-0003,StandardMotorcycleSnatch,0.4,Weak Match,0.3076,2,2,ROUTINE RECORD: Interaction INT-0003 exhibits low signature alignment (40%). No immediate forensic action required.
SIG-A63C26E7,INT-0004,FUSED-INT-0004,StandardMotorcycleSnatch,0.4,Weak Match,0.3234,2,2,ROUTINE RECORD: Interaction INT-0004 exhibits low signature alignment (40%). No immediate forensic action required.
SIG-8507284B,INT-0001,FUSED-INT-0001,StandardMotorcycleSnatch,0.0,No Match,0.0,0,4,ROUTINE RECORD: Interaction INT-0001 exhibits low signature alignment (0%). No immediate forensic action required.
SIG-83A5A6F5,INT-0002,FUSED-INT-0002,StandardMotorcycleSnatch,0.8,High Confidence Match,0.6634,3,1,FLAGGED FOR HIGH-PRIORITY FORENSIC REVIEW: Interaction INT-0002 exhibits strong signature alignment (80%). Export forensic video clip for investigation.
SIG-CB1DE86B,INT-0003,FUSED-INT-0003,StandardMotorcycleSnatch,0.4,Weak Match,0.3076,2,2,ROUTINE RECORD: Interaction INT-0003 exhibits low signature alignment (40%). No immediate forensic action required.
SIG-A2A311F5,INT-0004,FUSED-INT-0004,StandardMotorcycleSnatch,0.4,Weak Match,0.3231,2,2,ROUTINE RECORD: Interaction INT-0004 exhibits low signature alignment (40%). No immediate forensic action required.
SIG-BAD345AA,INT-0001,FUSED-INT-0001,StandardMotorcycleSnatch,0.0,No Match,0.0,0,4,ROUTINE RECORD: Interaction INT-0001 exhibits low signature alignment (0%). No immediate forensic action required.
SIG-2E3B7BB9,INT-0002,FUSED-INT-0002,StandardMotorcycleSnatch,0.8,High Confidence Match,0.6634,3,1,FLAGGED FOR HIGH-PRIORITY FORENSIC REVIEW: Interaction INT-0002 exhibits strong signature alignment (80%). Export forensic video clip for investigation.
SIG-41519CB4,INT-0003,FUSED-INT-0003,StandardMotorcycleSnatch,0.4,Weak Match,0.3076,2,2,ROUTINE RECORD: Interaction INT-0003 exhibits low signature alignment (40%). No immediate forensic action required.
SIG-90934843,INT-0004,FUSED-INT-0004,StandardMotorcycleSnatch,0.4,Weak Match,0.3228,2,2,ROUTINE RECORD: Interaction INT-0004 exhibits low signature alignment (40%). No immediate forensic action required.
SIG-2F45A4B2,INT-0001,FUSED-INT-0001,StandardMotorcycleSnatch,0.0,No Match,0.0,0,4,ROUTINE RECORD: Interaction INT-0001 exhibits low signature alignment (0%). No immediate forensic action required.
SIG-095B5131,INT-0002,FUSED-INT-0002,StandardMotorcycleSnatch,0.8,High Confidence Match,0.6634,3,1,FLAGGED FOR HIGH-PRIORITY FORENSIC REVIEW: Interaction INT-0002 exhibits strong signature alignment (80%). Export forensic video clip for investigation.
SIG-9C01DBB3,INT-0003,FUSED-INT-0003,StandardMotorcycleSnatch,0.4,Weak Match,0.3076,2,2,ROUTINE RECORD: Interaction INT-0003 exhibits low signature alignment (40%). No immediate forensic action required.
SIG-C82E2150,INT-0004,FUSED-INT-0004,StandardMotorcycleSnatch,0.4,Weak Match,0.3226,2,2,ROUTINE RECORD: Interaction INT-0004 exhibits low signature alignment (40%). No immediate forensic action required.
SIG-77731C87,INT-0001,FUSED-INT-0001,StandardMotorcycleSnatch,0.0,No Match,0.0,0,4,ROUTINE RECORD: Interaction INT-0001 exhibits low signature alignment (0%). No immediate forensic action required.
SIG-FBFA8620,INT-0002,FUSED-INT-0002,StandardMotorcycleSnatch,0.8,High Confidence Match,0.6634,3,1,FLAGGED FOR HIGH-PRIORITY FORENSIC REVIEW: Interaction INT-0002 exhibits strong signature alignment (80%). Export forensic video clip for investigation.
SIG-5A630147,INT-0003,FUSED-INT-0003,StandardMotorcycleSnatch,0.4,Weak Match,0.3076,2,2,ROUTINE RECORD: Interaction INT-0003 exhibits low signature alignment (40%). No immediate forensic action required.
SIG-49F7B145,INT-0004,FUSED-INT-0004,StandardMotorcycleSnatch,0.4,Weak Match,0.3222,2,2,ROUTINE RECORD: Interaction INT-0004 exhibits low signature alignment (40%). No immediate forensic action required.
SIG-65ED04DA,INT-0001,FUSED-INT-0001,StandardMotorcycleSnatch,0.0,No Match,0.0,0,4,ROUTINE RECORD: Interaction INT-0001 exhibits low signature alignment (0%). No immediate forensic action required.
SIG-1A819BF1,INT-0002,FUSED-INT-0002,StandardMotorcycleSnatch,0.8,High Confidence Match,0.6634,3,1,FLAGGED FOR HIGH-PRIORITY FORENSIC REVIEW: Interaction INT-0002 exhibits strong signature alignment (80%). Export forensic video clip for investigation.
SIG-904A3A08,INT-0003,FUSED-INT-0003,StandardMotorcycleSnatch,0.4,Weak Match,0.3076,2,2,ROUTINE RECORD: Interaction INT-0003 exhibits low signature alignment (40%). No immediate forensic action required.
SIG-34F4554C,INT-0004,FUSED-INT-0004,StandardMotorcycleSnatch,0.4,Weak Match,0.3219,2,2,ROUTINE RECORD: Interaction INT-0004 exhibits low signature alignment (40%). No immediate forensic action required.
SIG-C5389C24,INT-0001,FUSED-INT-0001,StandardMotorcycleSnatch,0.0,No Match,0.0,0,4,ROUTINE RECORD: Interaction INT-0001 exhibits low signature alignment (0%). No immediate forensic action required.
SIG-E1708B81,INT-0002,FUSED-INT-0002,StandardMotorcycleSnatch,0.8,High Confidence Match,0.6634,3,1,FLAGGED FOR HIGH-PRIORITY FORENSIC REVIEW: Interaction INT-0002 exhibits strong signature alignment (80%). Export forensic video clip for investigation.
SIG-52B2610D,INT-0003,FUSED-INT-0003,StandardMotorcycleSnatch,0.4,Weak Match,0.3076,2,2,ROUTINE RECORD: Interaction INT-0003 exhibits low signature alignment (40%). No immediate forensic action required.
SIG-0146FB8E,INT-0004,FUSED-INT-0004,StandardMotorcycleSnatch,0.4,Weak Match,0.3216,2,2,ROUTINE RECORD: Interaction INT-0004 exhibits low signature alignment (40%). No immediate forensic action required.
SIG-3BDDEA37,INT-0001,FUSED-INT-0001,StandardMotorcycleSnatch,0.0,No Match,0.0,0,4,ROUTINE RECORD: Interaction INT-0001 exhibits low signature alignment (0%). No immediate forensic action required.
SIG-8F31A73A,INT-0002,FUSED-INT-0002,StandardMotorcycleSnatch,0.8,High Confidence Match,0.6634,3,1,FLAGGED FOR HIGH-PRIORITY FORENSIC REVIEW: Interaction INT-0002 exhibits strong signature alignment (80%). Export forensic video clip for investigation.
SIG-35B7AB24,INT-0003,FUSED-INT-0003,StandardMotorcycleSnatch,0.4,Weak Match,0.3076,2,2,ROUTINE RECORD: Interaction INT-0003 exhibits low signature alignment (40%). No immediate forensic action required.
SIG-B1DF2F30,INT-0004,FUSED-INT-0004,StandardMotorcycleSnatch,0.4,Weak Match,0.3212,2,2,ROUTINE RECORD: Interaction INT-0004 exhibits low signature alignment (40%). No immediate forensic action required.
SIG-6DD2CEB5,INT-0001,FUSED-INT-0001,StandardMotorcycleSnatch,0.0,No Match,0.0,0,4,ROUTINE RECORD: Interaction INT-0001 exhibits low signature alignment (0%). No immediate forensic action required.
SIG-19DEEB3F,INT-0002,FUSED-INT-0002,StandardMotorcycleSnatch,0.8,High Confidence Match,0.6634,3,1,FLAGGED FOR HIGH-PRIORITY FORENSIC REVIEW: Interaction INT-0002 exhibits strong signature alignment (80%). Export forensic video clip for investigation.
SIG-655CFE2F,INT-0003,FUSED-INT-0003,StandardMotorcycleSnatch,0.4,Weak Match,0.3076,2,2,ROUTINE RECORD: Interaction INT-0003 exhibits low signature alignment (40%). No immediate forensic action required.
SIG-50E56A90,INT-0004,FUSED-INT-0004,StandardMotorcycleSnatch,0.4,Weak Match,0.3209,2,2,ROUTINE RECORD: Interaction INT-0004 exhibits low signature alignment (40%). No immediate forensic action required.
SIG-DAD02ABC,INT-0001,FUSED-INT-0001,StandardMotorcycleSnatch,0.0,No Match,0.0,0,4,ROUTINE RECORD: Interaction INT-0001 exhibits low signature alignment (0%). No immediate forensic action required.
SIG-66A1A77F,INT-0002,FUSED-INT-0002,StandardMotorcycleSnatch,0.8,High Confidence Match,0.6634,3,1,FLAGGED FOR HIGH-PRIORITY FORENSIC REVIEW: Interaction INT-0002 exhibits strong signature alignment (80%). Export forensic video clip for investigation.
SIG-5C0ABCC7,INT-0003,FUSED-INT-0003,StandardMotorcycleSnatch,0.4,Weak Match,0.3076,2,2,ROUTINE RECORD: Interaction INT-0003 exhibits low signature alignment (40%). No immediate forensic action required.
SIG-75DFC044,INT-0004,FUSED-INT-0004,StandardMotorcycleSnatch,0.4,Weak Match,0.3206,2,2,ROUTINE RECORD: Interaction INT-0004 exhibits low signature alignment (40%). No immediate forensic action required.
SIG-AAEEBAED,INT-0001,FUSED-INT-0001,StandardMotorcycleSnatch,0.0,No Match,0.0,0,4,ROUTINE RECORD: Interaction INT-0001 exhibits low signature alignment (0%). No immediate forensic action required.
SIG-B7CA99A1,INT-0002,FUSED-INT-0002,StandardMotorcycleSnatch,0.8,High Confidence Match,0.6634,3,1,FLAGGED FOR HIGH-PRIORITY FORENSIC REVIEW: Interaction INT-0002 exhibits strong signature alignment (80%). Export forensic video clip for investigation.
SIG-BCD1A93F,INT-0003,FUSED-INT-0003,StandardMotorcycleSnatch,0.4,Weak Match,0.3076,2,2,ROUTINE RECORD: Interaction INT-0003 exhibits low signature alignment (40%). No immediate forensic action required.
SIG-B8C7EAD4,INT-0004,FUSED-INT-0004,StandardMotorcycleSnatch,0.4,Weak Match,0.3202,2,2,ROUTINE RECORD: Interaction INT-0004 exhibits low signature alignment (40%). No immediate forensic action required.
SIG-E9BAC0B3,INT-0001,FUSED-INT-0001,StandardMotorcycleSnatch,0.0,No Match,0.0,0,4,ROUTINE RECORD: Interaction INT-0001 exhibits low signature alignment (0%). No immediate forensic action required.
SIG-2BDC7CC2,INT-0002,FUSED-INT-0002,StandardMotorcycleSnatch,0.8,High Confidence Match,0.6634,3,1,FLAGGED FOR HIGH-PRIORITY FORENSIC REVIEW: Interaction INT-0002 exhibits strong signature alignment (80%). Export forensic video clip for investigation.
SIG-4CFB79C8,INT-0003,FUSED-INT-0003,StandardMotorcycleSnatch,0.4,Weak Match,0.3076,2,2,ROUTINE RECORD: Interaction INT-0003 exhibits low signature alignment (40%). No immediate forensic action required.
SIG-80CC64B6,INT-0004,FUSED-INT-0004,StandardMotorcycleSnatch,0.4,Weak Match,0.3199,2,2,ROUTINE RECORD: Interaction INT-0004 exhibits low signature alignment (40%). No immediate forensic action required.
SIG-B710FD05,INT-0001,FUSED-INT-0001,StandardMotorcycleSnatch,0.0,No Match,0.0,0,4,ROUTINE RECORD: Interaction INT-0001 exhibits low signature alignment (0%). No immediate forensic action required.
SIG-C5FF5301,INT-0002,FUSED-INT-0002,StandardMotorcycleSnatch,0.8,High Confidence Match,0.6634,3,1,FLAGGED FOR HIGH-PRIORITY FORENSIC REVIEW: Interaction INT-0002 exhibits strong signature alignment (80%). Export forensic video clip for investigation.
SIG-1C7113A4,INT-0003,FUSED-INT-0003,StandardMotorcycleSnatch,0.4,Weak Match,0.3076,2,2,ROUTINE RECORD: Interaction INT-0003 exhibits low signature alignment (40%). No immediate forensic action required.
SIG-1FD0B72C,INT-0004,FUSED-INT-0004,StandardMotorcycleSnatch,0.4,Weak Match,0.3196,2,2,ROUTINE RECORD: Interaction INT-0004 exhibits low signature alignment (40%). No immediate forensic action required.
SIG-D5130C89,INT-0001,FUSED-INT-0001,StandardMotorcycleSnatch,0.0,No Match,0.0,0,4,ROUTINE RECORD: Interaction INT-0001 exhibits low signature alignment (0%). No immediate forensic action required.
SIG-E1FEE7AD,INT-0002,FUSED-INT-0002,StandardMotorcycleSnatch,0.8,High Confidence Match,0.6634,3,1,FLAGGED FOR HIGH-PRIORITY FORENSIC REVIEW: Interaction INT-0002 exhibits strong signature alignment (80%). Export forensic video clip for investigation.
SIG-13D462C8,INT-0003,FUSED-INT-0003,StandardMotorcycleSnatch,0.4,Weak Match,0.3076,2,2,ROUTINE RECORD: Interaction INT-0003 exhibits low signature alignment (40%). No immediate forensic action required.
SIG-05775913,INT-0004,FUSED-INT-0004,StandardMotorcycleSnatch,0.4,Weak Match,0.3192,2,2,ROUTINE RECORD: Interaction INT-0004 exhibits low signature alignment (40%). No immediate forensic action required.
SIG-CC6931B2,INT-0001,FUSED-INT-0001,StandardMotorcycleSnatch,0.0,No Match,0.0,0,4,ROUTINE RECORD: Interaction INT-0001 exhibits low signature alignment (0%). No immediate forensic action required.
SIG-FF9BDB9F,INT-0002,FUSED-INT-0002,StandardMotorcycleSnatch,0.8,High Confidence Match,0.6634,3,1,FLAGGED FOR HIGH-PRIORITY FORENSIC REVIEW: Interaction INT-0002 exhibits strong signature alignment (80%). Export forensic video clip for investigation.
SIG-DEC95948,INT-0003,FUSED-INT-0003,StandardMotorcycleSnatch,0.4,Weak Match,0.3076,2,2,ROUTINE RECORD: Interaction INT-0003 exhibits low signature alignment (40%). No immediate forensic action required.
SIG-44B555A3,INT-0004,FUSED-INT-0004,StandardMotorcycleSnatch,0.4,Weak Match,0.3188,2,2,ROUTINE RECORD: Interaction INT-0004 exhibits low signature alignment (40%). No immediate forensic action required.
SIG-0E729E91,INT-0001,FUSED-INT-0001,StandardMotorcycleSnatch,0.0,No Match,0.0,0,4,ROUTINE RECORD: Interaction INT-0001 exhibits low signature alignment (0%). No immediate forensic action required.
SIG-A4664932,INT-0002,FUSED-INT-0002,StandardMotorcycleSnatch,0.8,High Confidence Match,0.6634,3,1,FLAGGED FOR HIGH-PRIORITY FORENSIC REVIEW: Interaction INT-0002 exhibits strong signature alignment (80%). Export forensic video clip for investigation.
SIG-2C3658B9,INT-0003,FUSED-INT-0003,StandardMotorcycleSnatch,0.4,Weak Match,0.3076,2,2,ROUTINE RECORD: Interaction INT-0003 exhibits low signature alignment (40%). No immediate forensic action required.
SIG-E5F6AB1A,INT-0004,FUSED-INT-0004,StandardMotorcycleSnatch,0.4,Weak Match,0.3185,2,2,ROUTINE RECORD: Interaction INT-0004 exhibits low signature alignment (40%). No immediate forensic action required.
SIG-CA7627AA,INT-0001,FUSED-INT-0001,StandardMotorcycleSnatch,0.0,No Match,0.0,0,4,ROUTINE RECORD: Interaction INT-0001 exhibits low signature alignment (0%). No immediate forensic action required.
SIG-CD82C2B7,INT-0002,FUSED-INT-0002,StandardMotorcycleSnatch,0.8,High Confidence Match,0.6634,3,1,FLAGGED FOR HIGH-PRIORITY FORENSIC REVIEW: Interaction INT-0002 exhibits strong signature alignment (80%). Export forensic video clip for investigation.
SIG-752C767B,INT-0003,FUSED-INT-0003,StandardMotorcycleSnatch,0.4,Weak Match,0.3076,2,2,ROUTINE RECORD: Interaction INT-0003 exhibits low signature alignment (40%). No immediate forensic action required.
SIG-C24669D6,INT-0004,FUSED-INT-0004,StandardMotorcycleSnatch,0.4,Weak Match,0.3181,2,2,ROUTINE RECORD: Interaction INT-0004 exhibits low signature alignment (40%). No immediate forensic action required.
SIG-82ABD60E,INT-0001,FUSED-INT-0001,StandardMotorcycleSnatch,0.0,No Match,0.0,0,4,ROUTINE RECORD: Interaction INT-0001 exhibits low signature alignment (0%). No immediate forensic action required.
SIG-B42E1D85,INT-0002,FUSED-INT-0002,StandardMotorcycleSnatch,0.8,High Confidence Match,0.6634,3,1,FLAGGED FOR HIGH-PRIORITY FORENSIC REVIEW: Interaction INT-0002 exhibits strong signature alignment (80%). Export forensic video clip for investigation.
SIG-291D90B4,INT-0003,FUSED-INT-0003,StandardMotorcycleSnatch,0.4,Weak Match,0.3076,2,2,ROUTINE RECORD: Interaction INT-0003 exhibits low signature alignment (40%). No immediate forensic action required.
SIG-090A1094,INT-0004,FUSED-INT-0004,StandardMotorcycleSnatch,0.4,Weak Match,0.3178,2,2,ROUTINE RECORD: Interaction INT-0004 exhibits low signature alignment (40%). No immediate forensic action required.
SIG-3F7DE1E2,INT-0001,FUSED-INT-0001,StandardMotorcycleSnatch,0.0,No Match,0.0,0,4,ROUTINE RECORD: Interaction INT-0001 exhibits low signature alignment (0%). No immediate forensic action required.
SIG-3A66A7B8,INT-0002,FUSED-INT-0002,StandardMotorcycleSnatch,0.8,High Confidence Match,0.6634,3,1,FLAGGED FOR HIGH-PRIORITY FORENSIC REVIEW: Interaction INT-0002 exhibits strong signature alignment (80%). Export forensic video clip for investigation.
SIG-675097BC,INT-0003,FUSED-INT-0003,StandardMotorcycleSnatch,0.4,Weak Match,0.3076,2,2,ROUTINE RECORD: Interaction INT-0003 exhibits low signature alignment (40%). No immediate forensic action required.
SIG-D77E6EF7,INT-0004,FUSED-INT-0004,StandardMotorcycleSnatch,0.4,Weak Match,0.3174,2,2,ROUTINE RECORD: Interaction INT-0004 exhibits low signature alignment (40%). No immediate forensic action required.
SIG-B15A1F88,INT-0001,FUSED-INT-0001,StandardMotorcycleSnatch,0.0,No Match,0.0,0,4,ROUTINE RECORD: Interaction INT-0001 exhibits low signature alignment (0%). No immediate forensic action required.
SIG-63008190,INT-0002,FUSED-INT-0002,StandardMotorcycleSnatch,0.8,High Confidence Match,0.6634,3,1,FLAGGED FOR HIGH-PRIORITY FORENSIC REVIEW: Interaction INT-0002 exhibits strong signature alignment (80%). Export forensic video clip for investigation.
SIG-CAFB7FA6,INT-0003,FUSED-INT-0003,StandardMotorcycleSnatch,0.4,Weak Match,0.3076,2,2,ROUTINE RECORD: Interaction INT-0003 exhibits low signature alignment (40%). No immediate forensic action required.
SIG-6741096C,INT-0004,FUSED-INT-0004,StandardMotorcycleSnatch,0.4,Weak Match,0.317,2,2,ROUTINE RECORD: Interaction INT-0004 exhibits low signature alignment (40%). No immediate forensic action required.
SIG-5F2A697C,INT-0001,FUSED-INT-0001,StandardMotorcycleSnatch,0.0,No Match,0.0,0,4,ROUTINE RECORD: Interaction INT-0001 exhibits low signature alignment (0%). No immediate forensic action required.
SIG-0D345B05,INT-0002,FUSED-INT-0002,StandardMotorcycleSnatch,0.8,High Confidence Match,0.6634,3,1,FLAGGED FOR HIGH-PRIORITY FORENSIC REVIEW: Interaction INT-0002 exhibits strong signature alignment (80%). Export forensic video clip for investigation.
SIG-AEEB4A20,INT-0003,FUSED-INT-0003,StandardMotorcycleSnatch,0.4,Weak Match,0.3076,2,2,ROUTINE RECORD: Interaction INT-0003 exhibits low signature alignment (40%). No immediate forensic action required.
SIG-2C2BFD93,INT-0004,FUSED-INT-0004,StandardMotorcycleSnatch,0.4,Weak Match,0.3166,2,2,ROUTINE RECORD: Interaction INT-0004 exhibits low signature alignment (40%). No immediate forensic action required.
SIG-CADCF9CF,INT-0001,FUSED-INT-0001,StandardMotorcycleSnatch,0.0,No Match,0.0,0,4,ROUTINE RECORD: Interaction INT-0001 exhibits low signature alignment (0%). No immediate forensic action required.
SIG-209164E6,INT-0002,FUSED-INT-0002,StandardMotorcycleSnatch,0.8,High Confidence Match,0.6634,3,1,FLAGGED FOR HIGH-PRIORITY FORENSIC REVIEW: Interaction INT-0002 exhibits strong signature alignment (80%). Export forensic video clip for investigation.
SIG-C10A4357,INT-0003,FUSED-INT-0003,StandardMotorcycleSnatch,0.4,Weak Match,0.3076,2,2,ROUTINE RECORD: Interaction INT-0003 exhibits low signature alignment (40%). No immediate forensic action required.
SIG-EFDE48B2,INT-0004,FUSED-INT-0004,StandardMotorcycleSnatch,0.4,Weak Match,0.3162,2,2,ROUTINE RECORD: Interaction INT-0004 exhibits low signature alignment (40%). No immediate forensic action required.
SIG-BCB1090B,INT-0001,FUSED-INT-0001,StandardMotorcycleSnatch,0.0,No Match,0.0,0,4,ROUTINE RECORD: Interaction INT-0001 exhibits low signature alignment (0%). No immediate forensic action required.
SIG-C2293093,INT-0002,FUSED-INT-0002,StandardMotorcycleSnatch,0.8,High Confidence Match,0.6634,3,1,FLAGGED FOR HIGH-PRIORITY FORENSIC REVIEW: Interaction INT-0002 exhibits strong signature alignment (80%). Export forensic video clip for investigation.
SIG-95CE45AC,INT-0003,FUSED-INT-0003,StandardMotorcycleSnatch,0.4,Weak Match,0.3076,2,2,ROUTINE RECORD: Interaction INT-0003 exhibits low signature alignment (40%). No immediate forensic action required.
SIG-48A429E9,INT-0004,FUSED-INT-0004,StandardMotorcycleSnatch,0.4,Weak Match,0.3159,2,2,ROUTINE RECORD: Interaction INT-0004 exhibits low signature alignment (40%). No immediate forensic action required.
SIG-72656DB9,INT-0001,FUSED-INT-0001,StandardMotorcycleSnatch,0.0,No Match,0.0,0,4,ROUTINE RECORD: Interaction INT-0001 exhibits low signature alignment (0%). No immediate forensic action required.
SIG-351E8102,INT-0002,FUSED-INT-0002,StandardMotorcycleSnatch,0.8,High Confidence Match,0.6634,3,1,FLAGGED FOR HIGH-PRIORITY FORENSIC REVIEW: Interaction INT-0002 exhibits strong signature alignment (80%). Export forensic video clip for investigation.
SIG-8D335FB2,INT-0003,FUSED-INT-0003,StandardMotorcycleSnatch,0.4,Weak Match,0.3076,2,2,ROUTINE RECORD: Interaction INT-0003 exhibits low signature alignment (40%). No immediate forensic action required.
SIG-086CC414,INT-0004,FUSED-INT-0004,StandardMotorcycleSnatch,0.4,Weak Match,0.3156,2,2,ROUTINE RECORD: Interaction INT-0004 exhibits low signature alignment (40%). No immediate forensic action required.
SIG-43546BFC,INT-0001,FUSED-INT-0001,StandardMotorcycleSnatch,0.0,No Match,0.0,0,4,ROUTINE RECORD: Interaction INT-0001 exhibits low signature alignment (0%). No immediate forensic action required.
SIG-8259D8E2,INT-0002,FUSED-INT-0002,StandardMotorcycleSnatch,0.8,High Confidence Match,0.6634,3,1,FLAGGED FOR HIGH-PRIORITY FORENSIC REVIEW: Interaction INT-0002 exhibits strong signature alignment (80%). Export forensic video clip for investigation.
SIG-575F4DAE,INT-0003,FUSED-INT-0003,StandardMotorcycleSnatch,0.4,Weak Match,0.3076,2,2,ROUTINE RECORD: Interaction INT-0003 exhibits low signature alignment (40%). No immediate forensic action required.
SIG-F2A1A129,INT-0004,FUSED-INT-0004,StandardMotorcycleSnatch,0.4,Weak Match,0.3155,2,2,ROUTINE RECORD: Interaction INT-0004 exhibits low signature alignment (40%). No immediate forensic action required.
SIG-CE27417F,INT-0001,FUSED-INT-0001,StandardMotorcycleSnatch,0.0,No Match,0.0,0,4,ROUTINE RECORD: Interaction INT-0001 exhibits low signature alignment (0%). No immediate forensic action required.
SIG-F17562CB,INT-0002,FUSED-INT-0002,StandardMotorcycleSnatch,0.8,High Confidence Match,0.6634,3,1,FLAGGED FOR HIGH-PRIORITY FORENSIC REVIEW: Interaction INT-0002 exhibits strong signature alignment (80%). Export forensic video clip for investigation.
SIG-AFA310B6,INT-0003,FUSED-INT-0003,StandardMotorcycleSnatch,0.4,Weak Match,0.3076,2,2,ROUTINE RECORD: Interaction INT-0003 exhibits low signature alignment (40%). No immediate forensic action required.
SIG-59BBF7A0,INT-0004,FUSED-INT-0004,StandardMotorcycleSnatch,0.4,Weak Match,0.3154,2,2,ROUTINE RECORD: Interaction INT-0004 exhibits low signature alignment (40%). No immediate forensic action required.
SIG-27099D0E,INT-0001,FUSED-INT-0001,StandardMotorcycleSnatch,0.0,No Match,0.0,0,4,ROUTINE RECORD: Interaction INT-0001 exhibits low signature alignment (0%). No immediate forensic action required.
SIG-2A8D14D2,INT-0002,FUSED-INT-0002,StandardMotorcycleSnatch,0.8,High Confidence Match,0.6634,3,1,FLAGGED FOR HIGH-PRIORITY FORENSIC REVIEW: Interaction INT-0002 exhibits strong signature alignment (80%). Export forensic video clip for investigation.
SIG-84C73ED8,INT-0003,FUSED-INT-0003,StandardMotorcycleSnatch,0.4,Weak Match,0.3076,2,2,ROUTINE RECORD: Interaction INT-0003 exhibits low signature alignment (40%). No immediate forensic action required.
SIG-252E5ADF,INT-0004,FUSED-INT-0004,StandardMotorcycleSnatch,0.4,Weak Match,0.3152,2,2,ROUTINE RECORD: Interaction INT-0004 exhibits low signature alignment (40%). No immediate forensic action required.
SIG-76E8754E,INT-0001,FUSED-INT-0001,StandardMotorcycleSnatch,0.0,No Match,0.0,0,4,ROUTINE RECORD: Interaction INT-0001 exhibits low signature alignment (0%). No immediate forensic action required.
SIG-4FAADF50,INT-0002,FUSED-INT-0002,StandardMotorcycleSnatch,0.8,High Confidence Match,0.6634,3,1,FLAGGED FOR HIGH-PRIORITY FORENSIC REVIEW: Interaction INT-0002 exhibits strong signature alignment (80%). Export forensic video clip for investigation.
SIG-8DAAA318,INT-0003,FUSED-INT-0003,StandardMotorcycleSnatch,0.4,Weak Match,0.3076,2,2,ROUTINE RECORD: Interaction INT-0003 exhibits low signature alignment (40%). No immediate forensic action required.
SIG-F20076EC,INT-0004,FUSED-INT-0004,StandardMotorcycleSnatch,0.4,Weak Match,0.3151,2,2,ROUTINE RECORD: Interaction INT-0004 exhibits low signature alignment (40%). No immediate forensic action required.
SIG-722A4390,INT-0001,FUSED-INT-0001,StandardMotorcycleSnatch,0.0,No Match,0.0,0,4,ROUTINE RECORD: Interaction INT-0001 exhibits low signature alignment (0%). No immediate forensic action required.
SIG-87EDE542,INT-0002,FUSED-INT-0002,StandardMotorcycleSnatch,0.8,High Confidence Match,0.6634,3,1,FLAGGED FOR HIGH-PRIORITY FORENSIC REVIEW: Interaction INT-0002 exhibits strong signature alignment (80%). Export forensic video clip for investigation.
SIG-D26EF6C1,INT-0003,FUSED-INT-0003,StandardMotorcycleSnatch,0.4,Weak Match,0.3076,2,2,ROUTINE RECORD: Interaction INT-0003 exhibits low signature alignment (40%). No immediate forensic action required.
SIG-BF495E33,INT-0004,FUSED-INT-0004,StandardMotorcycleSnatch,0.4,Weak Match,0.315,2,2,ROUTINE RECORD: Interaction INT-0004 exhibits low signature alignment (40%). No immediate forensic action required.
SIG-14D35F2B,INT-0001,FUSED-INT-0001,StandardMotorcycleSnatch,0.0,No Match,0.0,0,4,ROUTINE RECORD: Interaction INT-0001 exhibits low signature alignment (0%). No immediate forensic action required.
SIG-7053D31D,INT-0002,FUSED-INT-0002,StandardMotorcycleSnatch,0.8,High Confidence Match,0.6634,3,1,FLAGGED FOR HIGH-PRIORITY FORENSIC REVIEW: Interaction INT-0002 exhibits strong signature alignment (80%). Export forensic video clip for investigation.
SIG-5DEA1388,INT-0003,FUSED-INT-0003,StandardMotorcycleSnatch,0.4,Weak Match,0.3076,2,2,ROUTINE RECORD: Interaction INT-0003 exhibits low signature alignment (40%). No immediate forensic action required.
SIG-46C4BEBF,INT-0004,FUSED-INT-0004,StandardMotorcycleSnatch,0.4,Weak Match,0.3149,2,2,ROUTINE RECORD: Interaction INT-0004 exhibits low signature alignment (40%). No immediate forensic action required.
SIG-67552D65,INT-0001,FUSED-INT-0001,StandardMotorcycleSnatch,0.0,No Match,0.0,0,4,ROUTINE RECORD: Interaction INT-0001 exhibits low signature alignment (0%). No immediate forensic action required.
SIG-205F6D35,INT-0002,FUSED-INT-0002,StandardMotorcycleSnatch,0.8,High Confidence Match,0.6634,3,1,FLAGGED FOR HIGH-PRIORITY FORENSIC REVIEW: Interaction INT-0002 exhibits strong signature alignment (80%). Export forensic video clip for investigation.
SIG-05C45456,INT-0003,FUSED-INT-0003,StandardMotorcycleSnatch,0.4,Weak Match,0.3076,2,2,ROUTINE RECORD: Interaction INT-0003 exhibits low signature alignment (40%). No immediate forensic action required.
SIG-439B1E00,INT-0004,FUSED-INT-0004,StandardMotorcycleSnatch,0.4,Weak Match,0.3148,2,2,ROUTINE RECORD: Interaction INT-0004 exhibits low signature alignment (40%). No immediate forensic action required.
SIG-CDF1B9E9,INT-0001,FUSED-INT-0001,StandardMotorcycleSnatch,0.0,No Match,0.0,0,4,ROUTINE RECORD: Interaction INT-0001 exhibits low signature alignment (0%). No immediate forensic action required.
SIG-E42BD924,INT-0002,FUSED-INT-0002,StandardMotorcycleSnatch,0.8,High Confidence Match,0.6634,3,1,FLAGGED FOR HIGH-PRIORITY FORENSIC REVIEW: Interaction INT-0002 exhibits strong signature alignment (80%). Export forensic video clip for investigation.
SIG-EEC30F9E,INT-0003,FUSED-INT-0003,StandardMotorcycleSnatch,0.4,Weak Match,0.3076,2,2,ROUTINE RECORD: Interaction INT-0003 exhibits low signature alignment (40%). No immediate forensic action required.
SIG-478600A7,INT-0004,FUSED-INT-0004,StandardMotorcycleSnatch,0.4,Weak Match,0.3148,2,2,ROUTINE RECORD: Interaction INT-0004 exhibits low signature alignment (40%). No immediate forensic action required.
SIG-CE100D68,INT-0001,FUSED-INT-0001,StandardMotorcycleSnatch,0.0,No Match,0.0,0,4,ROUTINE RECORD: Interaction INT-0001 exhibits low signature alignment (0%). No immediate forensic action required.
SIG-712F0AE0,INT-0002,FUSED-INT-0002,StandardMotorcycleSnatch,0.8,High Confidence Match,0.6634,3,1,FLAGGED FOR HIGH-PRIORITY FORENSIC REVIEW: Interaction INT-0002 exhibits strong signature alignment (80%). Export forensic video clip for investigation.
SIG-FE9B1FEF,INT-0003,FUSED-INT-0003,StandardMotorcycleSnatch,0.4,Weak Match,0.3076,2,2,ROUTINE RECORD: Interaction INT-0003 exhibits low signature alignment (40%). No immediate forensic action required.
SIG-848E496D,INT-0004,FUSED-INT-0004,StandardMotorcycleSnatch,0.4,Weak Match,0.3148,2,2,ROUTINE RECORD: Interaction INT-0004 exhibits low signature alignment (40%). No immediate forensic action required.
SIG-7E1E7BDA,INT-0001,FUSED-INT-0001,StandardMotorcycleSnatch,0.0,No Match,0.0,0,4,ROUTINE RECORD: Interaction INT-0001 exhibits low signature alignment (0%). No immediate forensic action required.
SIG-58A33A15,INT-0002,FUSED-INT-0002,StandardMotorcycleSnatch,0.8,High Confidence Match,0.6634,3,1,FLAGGED FOR HIGH-PRIORITY FORENSIC REVIEW: Interaction INT-0002 exhibits strong signature alignment (80%). Export forensic video clip for investigation.
SIG-CDEC8009,INT-0003,FUSED-INT-0003,StandardMotorcycleSnatch,0.4,Weak Match,0.3076,2,2,ROUTINE RECORD: Interaction INT-0003 exhibits low signature alignment (40%). No immediate forensic action required.
SIG-AE163EA5,INT-0004,FUSED-INT-0004,StandardMotorcycleSnatch,0.4,Weak Match,0.3147,2,2,ROUTINE RECORD: Interaction INT-0004 exhibits low signature alignment (40%). No immediate forensic action required.
SIG-57A42655,INT-0001,FUSED-INT-0001,StandardMotorcycleSnatch,0.0,No Match,0.0,0,4,ROUTINE RECORD: Interaction INT-0001 exhibits low signature alignment (0%). No immediate forensic action required.
SIG-21522C64,INT-0002,FUSED-INT-0002,StandardMotorcycleSnatch,0.8,High Confidence Match,0.6634,3,1,FLAGGED FOR HIGH-PRIORITY FORENSIC REVIEW: Interaction INT-0002 exhibits strong signature alignment (80%). Export forensic video clip for investigation.
SIG-118922E1,INT-0003,FUSED-INT-0003,StandardMotorcycleSnatch,0.4,Weak Match,0.3076,2,2,ROUTINE RECORD: Interaction INT-0003 exhibits low signature alignment (40%). No immediate forensic action required.
SIG-BB6FD398,INT-0004,FUSED-INT-0004,StandardMotorcycleSnatch,0.4,Weak Match,0.3146,2,2,ROUTINE RECORD: Interaction INT-0004 exhibits low signature alignment (40%). No immediate forensic action required.
SIG-06679DC2,INT-0001,FUSED-INT-0001,StandardMotorcycleSnatch,0.0,No Match,0.0,0,4,ROUTINE RECORD: Interaction INT-0001 exhibits low signature alignment (0%). No immediate forensic action required.
SIG-996C399B,INT-0002,FUSED-INT-0002,StandardMotorcycleSnatch,0.8,High Confidence Match,0.6634,3,1,FLAGGED FOR HIGH-PRIORITY FORENSIC REVIEW: Interaction INT-0002 exhibits strong signature alignment (80%). Export forensic video clip for investigation.
SIG-CD715BD6,INT-0003,FUSED-INT-0003,StandardMotorcycleSnatch,0.4,Weak Match,0.3076,2,2,ROUTINE RECORD: Interaction INT-0003 exhibits low signature alignment (40%). No immediate forensic action required.
SIG-0B75563B,INT-0004,FUSED-INT-0004,StandardMotorcycleSnatch,0.4,Weak Match,0.3146,2,2,ROUTINE RECORD: Interaction INT-0004 exhibits low signature alignment (40%). No immediate forensic action required.
SIG-4A81D873,INT-0001,FUSED-INT-0001,StandardMotorcycleSnatch,0.0,No Match,0.0,0,4,ROUTINE RECORD: Interaction INT-0001 exhibits low signature alignment (0%). No immediate forensic action required.
SIG-9F917B8D,INT-0002,FUSED-INT-0002,StandardMotorcycleSnatch,0.8,High Confidence Match,0.6634,3,1,FLAGGED FOR HIGH-PRIORITY FORENSIC REVIEW: Interaction INT-0002 exhibits strong signature alignment (80%). Export forensic video clip for investigation.
SIG-B0AF735C,INT-0003,FUSED-INT-0003,StandardMotorcycleSnatch,0.4,Weak Match,0.3076,2,2,ROUTINE RECORD: Interaction INT-0003 exhibits low signature alignment (40%). No immediate forensic action required.
SIG-90885562,INT-0004,FUSED-INT-0004,StandardMotorcycleSnatch,0.4,Weak Match,0.3145,2,2,ROUTINE RECORD: Interaction INT-0004 exhibits low signature alignment (40%). No immediate forensic action required.
SIG-F216128E,INT-0001,FUSED-INT-0001,StandardMotorcycleSnatch,0.0,No Match,0.0,0,4,ROUTINE RECORD: Interaction INT-0001 exhibits low signature alignment (0%). No immediate forensic action required.
SIG-6F5AEE48,INT-0002,FUSED-INT-0002,StandardMotorcycleSnatch,0.8,High Confidence Match,0.6634,3,1,FLAGGED FOR HIGH-PRIORITY FORENSIC REVIEW: Interaction INT-0002 exhibits strong signature alignment (80%). Export forensic video clip for investigation.
SIG-6641E879,INT-0003,FUSED-INT-0003,StandardMotorcycleSnatch,0.4,Weak Match,0.3076,2,2,ROUTINE RECORD: Interaction INT-0003 exhibits low signature alignment (40%). No immediate forensic action required.
SIG-31C28967,INT-0004,FUSED-INT-0004,StandardMotorcycleSnatch,0.4,Weak Match,0.3144,2,2,ROUTINE RECORD: Interaction INT-0004 exhibits low signature alignment (40%). No immediate forensic action required.
SIG-D137DF57,INT-0001,FUSED-INT-0001,StandardMotorcycleSnatch,0.0,No Match,0.0,0,4,ROUTINE RECORD: Interaction INT-0001 exhibits low signature alignment (0%). No immediate forensic action required.
SIG-249D5DD2,INT-0002,FUSED-INT-0002,StandardMotorcycleSnatch,0.8,High Confidence Match,0.6634,3,1,FLAGGED FOR HIGH-PRIORITY FORENSIC REVIEW: Interaction INT-0002 exhibits strong signature alignment (80%). Export forensic video clip for investigation.
SIG-B9D002F7,INT-0003,FUSED-INT-0003,StandardMotorcycleSnatch,0.4,Weak Match,0.3076,2,2,ROUTINE RECORD: Interaction INT-0003 exhibits low signature alignment (40%). No immediate forensic action required.
SIG-E37E8BAE,INT-0004,FUSED-INT-0004,StandardMotorcycleSnatch,0.4,Weak Match,0.3144,2,2,ROUTINE RECORD: Interaction INT-0004 exhibits low signature alignment (40%). No immediate forensic action required.
SIG-7B364511,INT-0001,FUSED-INT-0001,StandardMotorcycleSnatch,0.0,No Match,0.0,0,4,ROUTINE RECORD: Interaction INT-0001 exhibits low signature alignment (0%). No immediate forensic action required.
SIG-0CA30D67,INT-0002,FUSED-INT-0002,StandardMotorcycleSnatch,0.8,High Confidence Match,0.6634,3,1,FLAGGED FOR HIGH-PRIORITY FORENSIC REVIEW: Interaction INT-0002 exhibits strong signature alignment (80%). Export forensic video clip for investigation.
SIG-FE2C235C,INT-0003,FUSED-INT-0003,StandardMotorcycleSnatch,0.4,Weak Match,0.3076,2,2,ROUTINE RECORD: Interaction INT-0003 exhibits low signature alignment (40%). No immediate forensic action required.
SIG-573CD0A7,INT-0004,FUSED-INT-0004,StandardMotorcycleSnatch,0.4,Weak Match,0.3143,2,2,ROUTINE RECORD: Interaction INT-0004 exhibits low signature alignment (40%). No immediate forensic action required.
SIG-D547ACAF,INT-0001,FUSED-INT-0001,StandardMotorcycleSnatch,0.0,No Match,0.0,0,4,ROUTINE RECORD: Interaction INT-0001 exhibits low signature alignment (0%). No immediate forensic action required.
SIG-C52A8009,INT-0002,FUSED-INT-0002,StandardMotorcycleSnatch,0.8,High Confidence Match,0.6634,3,1,FLAGGED FOR HIGH-PRIORITY FORENSIC REVIEW: Interaction INT-0002 exhibits strong signature alignment (80%). Export forensic video clip for investigation.
SIG-56D2936D,INT-0003,FUSED-INT-0003,StandardMotorcycleSnatch,0.4,Weak Match,0.3076,2,2,ROUTINE RECORD: Interaction INT-0003 exhibits low signature alignment (40%). No immediate forensic action required.
SIG-31FDFB06,INT-0004,FUSED-INT-0004,StandardMotorcycleSnatch,0.4,Weak Match,0.3142,2,2,ROUTINE RECORD: Interaction INT-0004 exhibits low signature alignment (40%). No immediate forensic action required.
SIG-56F7E38D,INT-0001,FUSED-INT-0001,StandardMotorcycleSnatch,0.0,No Match,0.0,0,4,ROUTINE RECORD: Interaction INT-0001 exhibits low signature alignment (0%). No immediate forensic action required.
SIG-23023F08,INT-0002,FUSED-INT-0002,StandardMotorcycleSnatch,0.8,High Confidence Match,0.6634,3,1,FLAGGED FOR HIGH-PRIORITY FORENSIC REVIEW: Interaction INT-0002 exhibits strong signature alignment (80%). Export forensic video clip for investigation.
SIG-8E9474CC,INT-0003,FUSED-INT-0003,StandardMotorcycleSnatch,0.4,Weak Match,0.3076,2,2,ROUTINE RECORD: Interaction INT-0003 exhibits low signature alignment (40%). No immediate forensic action required.
SIG-8340549A,INT-0004,FUSED-INT-0004,StandardMotorcycleSnatch,0.4,Weak Match,0.3142,2,2,ROUTINE RECORD: Interaction INT-0004 exhibits low signature alignment (40%). No immediate forensic action required.
SIG-603EFDFB,INT-0001,FUSED-INT-0001,StandardMotorcycleSnatch,0.0,No Match,0.0,0,4,ROUTINE RECORD: Interaction INT-0001 exhibits low signature alignment (0%). No immediate forensic action required.
SIG-CCD3260E,INT-0002,FUSED-INT-0002,StandardMotorcycleSnatch,0.8,High Confidence Match,0.6634,3,1,FLAGGED FOR HIGH-PRIORITY FORENSIC REVIEW: Interaction INT-0002 exhibits strong signature alignment (80%). Export forensic video clip for investigation.
SIG-192F0BF8,INT-0003,FUSED-INT-0003,StandardMotorcycleSnatch,0.4,Weak Match,0.3076,2,2,ROUTINE RECORD: Interaction INT-0003 exhibits low signature alignment (40%). No immediate forensic action required.
SIG-AE319953,INT-0004,FUSED-INT-0004,StandardMotorcycleSnatch,0.4,Weak Match,0.3141,2,2,ROUTINE RECORD: Interaction INT-0004 exhibits low signature alignment (40%). No immediate forensic action required.
SIG-F3A3E704,INT-0001,FUSED-INT-0001,StandardMotorcycleSnatch,0.0,No Match,0.0,0,4,ROUTINE RECORD: Interaction INT-0001 exhibits low signature alignment (0%). No immediate forensic action required.
SIG-642A75D2,INT-0002,FUSED-INT-0002,StandardMotorcycleSnatch,0.8,High Confidence Match,0.6634,3,1,FLAGGED FOR HIGH-PRIORITY FORENSIC REVIEW: Interaction INT-0002 exhibits strong signature alignment (80%). Export forensic video clip for investigation.
SIG-5488BA7C,INT-0003,FUSED-INT-0003,StandardMotorcycleSnatch,0.4,Weak Match,0.3076,2,2,ROUTINE RECORD: Interaction INT-0003 exhibits low signature alignment (40%). No immediate forensic action required.
SIG-8719D506,INT-0004,FUSED-INT-0004,StandardMotorcycleSnatch,0.4,Weak Match,0.314,2,2,ROUTINE RECORD: Interaction INT-0004 exhibits low signature alignment (40%). No immediate forensic action required.
SIG-61C1161B,INT-0001,FUSED-INT-0001,StandardMotorcycleSnatch,0.0,No Match,0.0,0,4,ROUTINE RECORD: Interaction INT-0001 exhibits low signature alignment (0%). No immediate forensic action required.
SIG-2E95CB26,INT-0002,FUSED-INT-0002,StandardMotorcycleSnatch,0.8,High Confidence Match,0.6634,3,1,FLAGGED FOR HIGH-PRIORITY FORENSIC REVIEW: Interaction INT-0002 exhibits strong signature alignment (80%). Export forensic video clip for investigation.
SIG-82281820,INT-0003,FUSED-INT-0003,StandardMotorcycleSnatch,0.4,Weak Match,0.3076,2,2,ROUTINE RECORD: Interaction INT-0003 exhibits low signature alignment (40%). No immediate forensic action required.
SIG-95633B5E,INT-0004,FUSED-INT-0004,StandardMotorcycleSnatch,0.4,Weak Match,0.314,2,2,ROUTINE RECORD: Interaction INT-0004 exhibits low signature alignment (40%). No immediate forensic action required.
SIG-8ADB8F20,INT-0001,FUSED-INT-0001,StandardMotorcycleSnatch,0.0,No Match,0.0,0,4,ROUTINE RECORD: Interaction INT-0001 exhibits low signature alignment (0%). No immediate forensic action required.
SIG-51FBBDF1,INT-0002,FUSED-INT-0002,StandardMotorcycleSnatch,0.8,High Confidence Match,0.6634,3,1,FLAGGED FOR HIGH-PRIORITY FORENSIC REVIEW: Interaction INT-0002 exhibits strong signature alignment (80%). Export forensic video clip for investigation.
SIG-DE76DC48,INT-0003,FUSED-INT-0003,StandardMotorcycleSnatch,0.4,Weak Match,0.3076,2,2,ROUTINE RECORD: Interaction INT-0003 exhibits low signature alignment (40%). No immediate forensic action required.
SIG-08F45BF4,INT-0004,FUSED-INT-0004,StandardMotorcycleSnatch,0.4,Weak Match,0.3139,2,2,ROUTINE RECORD: Interaction INT-0004 exhibits low signature alignment (40%). No immediate forensic action required.
SIG-D1FBC78A,INT-0001,FUSED-INT-0001,StandardMotorcycleSnatch,0.2,Weak Match,0.1681,1,3,ROUTINE RECORD: Interaction INT-0001 exhibits low signature alignment (20%). No immediate forensic action required.
SIG-12E5E16E,INT-0002,FUSED-INT-0002,StandardMotorcycleSnatch,0.8,High Confidence Match,0.6634,3,1,FLAGGED FOR HIGH-PRIORITY FORENSIC REVIEW: Interaction INT-0002 exhibits strong signature alignment (80%). Export forensic video clip for investigation.
SIG-0A478CE8,INT-0003,FUSED-INT-0003,StandardMotorcycleSnatch,0.2,Weak Match,0.1538,1,3,ROUTINE RECORD: Interaction INT-0003 exhibits low signature alignment (20%). No immediate forensic action required.
SIG-1F794A7B,INT-0004,FUSED-INT-0004,StandardMotorcycleSnatch,0.2,Weak Match,0.1569,1,3,ROUTINE RECORD: Interaction INT-0004 exhibits low signature alignment (20%). No immediate forensic action required.
SIG-19578968,INT-0005,FUSED-INT-0005,StandardMotorcycleSnatch,0.2,Weak Match,0.1254,1,3,ROUTINE RECORD: Interaction INT-0005 exhibits low signature alignment (20%). No immediate forensic action required.
SIG-2E037FFA,INT-0001,FUSED-INT-0001,StandardMotorcycleSnatch,0.0,No Match,0.0,0,4,ROUTINE RECORD: Interaction INT-0001 exhibits low signature alignment (0%). No immediate forensic action required.
SIG-081500D0,INT-0002,FUSED-INT-0002,StandardMotorcycleSnatch,0.8,High Confidence Match,0.6634,3,1,FLAGGED FOR HIGH-PRIORITY FORENSIC REVIEW: Interaction INT-0002 exhibits strong signature alignment (80%). Export forensic video clip for investigation.
SIG-2A7C5BA6,INT-0003,FUSED-INT-0003,StandardMotorcycleSnatch,0.4,Weak Match,0.3076,2,2,ROUTINE RECORD: Interaction INT-0003 exhibits low signature alignment (40%). No immediate forensic action required.
SIG-06FCAEB9,INT-0004,FUSED-INT-0004,StandardMotorcycleSnatch,0.4,Weak Match,0.3137,2,2,ROUTINE RECORD: Interaction INT-0004 exhibits low signature alignment (40%). No immediate forensic action required.
SIG-0EB6F629,INT-0005,FUSED-INT-0005,StandardMotorcycleSnatch,0.0,No Match,0.0,0,4,ROUTINE RECORD: Interaction INT-0005 exhibits low signature alignment (0%). No immediate forensic action required.
SIG-C78E9251,INT-0001,FUSED-INT-0001,StandardMotorcycleSnatch,0.0,No Match,0.0,0,4,ROUTINE RECORD: Interaction INT-0001 exhibits low signature alignment (0%). No immediate forensic action required.
SIG-E097C093,INT-0002,FUSED-INT-0002,StandardMotorcycleSnatch,0.8,High Confidence Match,0.6634,3,1,FLAGGED FOR HIGH-PRIORITY FORENSIC REVIEW: Interaction INT-0002 exhibits strong signature alignment (80%). Export forensic video clip for investigation.
SIG-6BFF55F5,INT-0003,FUSED-INT-0003,StandardMotorcycleSnatch,0.4,Weak Match,0.3076,2,2,ROUTINE RECORD: Interaction INT-0003 exhibits low signature alignment (40%). No immediate forensic action required.
SIG-75F2B379,INT-0004,FUSED-INT-0004,StandardMotorcycleSnatch,0.4,Weak Match,0.3136,2,2,ROUTINE RECORD: Interaction INT-0004 exhibits low signature alignment (40%). No immediate forensic action required.
SIG-15ADEBAC,INT-0005,FUSED-INT-0005,StandardMotorcycleSnatch,0.0,No Match,0.0,0,4,ROUTINE RECORD: Interaction INT-0005 exhibits low signature alignment (0%). No immediate forensic action required.
SIG-8C976636,INT-0001,FUSED-INT-0001,StandardMotorcycleSnatch,0.0,No Match,0.0,0,4,ROUTINE RECORD: Interaction INT-0001 exhibits low signature alignment (0%). No immediate forensic action required.
SIG-B11948CC,INT-0002,FUSED-INT-0002,StandardMotorcycleSnatch,0.8,High Confidence Match,0.6634,3,1,FLAGGED FOR HIGH-PRIORITY FORENSIC REVIEW: Interaction INT-0002 exhibits strong signature alignment (80%). Export forensic video clip for investigation.
SIG-F89E0EF3,INT-0003,FUSED-INT-0003,StandardMotorcycleSnatch,0.4,Weak Match,0.3076,2,2,ROUTINE RECORD: Interaction INT-0003 exhibits low signature alignment (40%). No immediate forensic action required.
SIG-A99B342E,INT-0004,FUSED-INT-0004,StandardMotorcycleSnatch,0.4,Weak Match,0.3135,2,2,ROUTINE RECORD: Interaction INT-0004 exhibits low signature alignment (40%). No immediate forensic action required.
SIG-1BEA2B15,INT-0005,FUSED-INT-0005,StandardMotorcycleSnatch,0.0,No Match,0.0,0,4,ROUTINE RECORD: Interaction INT-0005 exhibits low signature alignment (0%). No immediate forensic action required.
SIG-5041BA40,INT-0001,FUSED-INT-0001,StandardMotorcycleSnatch,0.0,No Match,0.0,0,4,ROUTINE RECORD: Interaction INT-0001 exhibits low signature alignment (0%). No immediate forensic action required.
SIG-D2639618,INT-0002,FUSED-INT-0002,StandardMotorcycleSnatch,0.8,High Confidence Match,0.6634,3,1,FLAGGED FOR HIGH-PRIORITY FORENSIC REVIEW: Interaction INT-0002 exhibits strong signature alignment (80%). Export forensic video clip for investigation.
SIG-2600624B,INT-0003,FUSED-INT-0003,StandardMotorcycleSnatch,0.4,Weak Match,0.3076,2,2,ROUTINE RECORD: Interaction INT-0003 exhibits low signature alignment (40%). No immediate forensic action required.
SIG-5E6BFB10,INT-0004,FUSED-INT-0004,StandardMotorcycleSnatch,0.4,Weak Match,0.3134,2,2,ROUTINE RECORD: Interaction INT-0004 exhibits low signature alignment (40%). No immediate forensic action required.
SIG-BE248708,INT-0005,FUSED-INT-0005,StandardMotorcycleSnatch,0.0,No Match,0.0,0,4,ROUTINE RECORD: Interaction INT-0005 exhibits low signature alignment (0%). No immediate forensic action required.
SIG-FFE138E0,INT-0001,FUSED-INT-0001,StandardMotorcycleSnatch,0.0,No Match,0.0,0,4,ROUTINE RECORD: Interaction INT-0001 exhibits low signature alignment (0%). No immediate forensic action required.
SIG-0FA30B0E,INT-0002,FUSED-INT-0002,StandardMotorcycleSnatch,0.8,High Confidence Match,0.6634,3,1,FLAGGED FOR HIGH-PRIORITY FORENSIC REVIEW: Interaction INT-0002 exhibits strong signature alignment (80%). Export forensic video clip for investigation.
SIG-84DCB563,INT-0003,FUSED-INT-0003,StandardMotorcycleSnatch,0.4,Weak Match,0.3076,2,2,ROUTINE RECORD: Interaction INT-0003 exhibits low signature alignment (40%). No immediate forensic action required.
SIG-2971091F,INT-0004,FUSED-INT-0004,StandardMotorcycleSnatch,0.4,Weak Match,0.3133,2,2,ROUTINE RECORD: Interaction INT-0004 exhibits low signature alignment (40%). No immediate forensic action required.
SIG-5967028F,INT-0005,FUSED-INT-0005,StandardMotorcycleSnatch,0.0,No Match,0.0,0,4,ROUTINE RECORD: Interaction INT-0005 exhibits low signature alignment (0%). No immediate forensic action required.
SIG-D7E7D678,INT-0001,FUSED-INT-0001,StandardMotorcycleSnatch,0.0,No Match,0.0,0,4,ROUTINE RECORD: Interaction INT-0001 exhibits low signature alignment (0%). No immediate forensic action required.
SIG-81FB6E16,INT-0002,FUSED-INT-0002,StandardMotorcycleSnatch,0.8,High Confidence Match,0.6634,3,1,FLAGGED FOR HIGH-PRIORITY FORENSIC REVIEW: Interaction INT-0002 exhibits strong signature alignment (80%). Export forensic video clip for investigation.
SIG-F968BEB1,INT-0003,FUSED-INT-0003,StandardMotorcycleSnatch,0.4,Weak Match,0.3076,2,2,ROUTINE RECORD: Interaction INT-0003 exhibits low signature alignment (40%). No immediate forensic action required.
SIG-18A5C6FD,INT-0004,FUSED-INT-0004,StandardMotorcycleSnatch,0.4,Weak Match,0.3132,2,2,ROUTINE RECORD: Interaction INT-0004 exhibits low signature alignment (40%). No immediate forensic action required.
SIG-C86F6FFA,INT-0005,FUSED-INT-0005,StandardMotorcycleSnatch,0.0,No Match,0.0,0,4,ROUTINE RECORD: Interaction INT-0005 exhibits low signature alignment (0%). No immediate forensic action required.
SIG-E6A1987C,INT-0001,FUSED-INT-0001,StandardMotorcycleSnatch,0.0,No Match,0.0,0,4,ROUTINE RECORD: Interaction INT-0001 exhibits low signature alignment (0%). No immediate forensic action required.
SIG-B401A406,INT-0002,FUSED-INT-0002,StandardMotorcycleSnatch,0.8,High Confidence Match,0.6634,3,1,FLAGGED FOR HIGH-PRIORITY FORENSIC REVIEW: Interaction INT-0002 exhibits strong signature alignment (80%). Export forensic video clip for investigation.
SIG-F4B5D1AD,INT-0003,FUSED-INT-0003,StandardMotorcycleSnatch,0.4,Weak Match,0.3076,2,2,ROUTINE RECORD: Interaction INT-0003 exhibits low signature alignment (40%). No immediate forensic action required.
SIG-F5BAA555,INT-0004,FUSED-INT-0004,StandardMotorcycleSnatch,0.4,Weak Match,0.3132,2,2,ROUTINE RECORD: Interaction INT-0004 exhibits low signature alignment (40%). No immediate forensic action required.
SIG-516EBE26,INT-0005,FUSED-INT-0005,StandardMotorcycleSnatch,0.0,No Match,0.0,0,4,ROUTINE RECORD: Interaction INT-0005 exhibits low signature alignment (0%). No immediate forensic action required.
SIG-DFA15B02,INT-0001,FUSED-INT-0001,StandardMotorcycleSnatch,0.0,No Match,0.0,0,4,ROUTINE RECORD: Interaction INT-0001 exhibits low signature alignment (0%). No immediate forensic action required.
SIG-4BF4DE5D,INT-0002,FUSED-INT-0002,StandardMotorcycleSnatch,0.8,High Confidence Match,0.6634,3,1,FLAGGED FOR HIGH-PRIORITY FORENSIC REVIEW: Interaction INT-0002 exhibits strong signature alignment (80%). Export forensic video clip for investigation.
SIG-B405D92F,INT-0003,FUSED-INT-0003,StandardMotorcycleSnatch,0.4,Weak Match,0.3076,2,2,ROUTINE RECORD: Interaction INT-0003 exhibits low signature alignment (40%). No immediate forensic action required.
SIG-5E1BC58B,INT-0004,FUSED-INT-0004,StandardMotorcycleSnatch,0.4,Weak Match,0.3131,2,2,ROUTINE RECORD: Interaction INT-0004 exhibits low signature alignment (40%). No immediate forensic action required.
SIG-76071285,INT-0005,FUSED-INT-0005,StandardMotorcycleSnatch,0.0,No Match,0.0,0,4,ROUTINE RECORD: Interaction INT-0005 exhibits low signature alignment (0%). No immediate forensic action required.
SIG-FDDE4F0D,INT-0001,FUSED-INT-0001,StandardMotorcycleSnatch,0.0,No Match,0.0,0,4,ROUTINE RECORD: Interaction INT-0001 exhibits low signature alignment (0%). No immediate forensic action required.
SIG-0700CB5C,INT-0002,FUSED-INT-0002,StandardMotorcycleSnatch,0.8,High Confidence Match,0.6634,3,1,FLAGGED FOR HIGH-PRIORITY FORENSIC REVIEW: Interaction INT-0002 exhibits strong signature alignment (80%). Export forensic video clip for investigation.
SIG-635FA4B0,INT-0003,FUSED-INT-0003,StandardMotorcycleSnatch,0.4,Weak Match,0.3076,2,2,ROUTINE RECORD: Interaction INT-0003 exhibits low signature alignment (40%). No immediate forensic action required.
SIG-F8068D2B,INT-0004,FUSED-INT-0004,StandardMotorcycleSnatch,0.4,Weak Match,0.313,2,2,ROUTINE RECORD: Interaction INT-0004 exhibits low signature alignment (40%). No immediate forensic action required.
SIG-9847D03A,INT-0005,FUSED-INT-0005,StandardMotorcycleSnatch,0.0,No Match,0.0,0,4,ROUTINE RECORD: Interaction INT-0005 exhibits low signature alignment (0%). No immediate forensic action required.
SIG-82C8474D,INT-0001,FUSED-INT-0001,StandardMotorcycleSnatch,0.0,No Match,0.0,0,4,ROUTINE RECORD: Interaction INT-0001 exhibits low signature alignment (0%). No immediate forensic action required.
SIG-B9CC54D7,INT-0002,FUSED-INT-0002,StandardMotorcycleSnatch,0.8,High Confidence Match,0.6634,3,1,FLAGGED FOR HIGH-PRIORITY FORENSIC REVIEW: Interaction INT-0002 exhibits strong signature alignment (80%). Export forensic video clip for investigation.
SIG-03EF6D5E,INT-0003,FUSED-INT-0003,StandardMotorcycleSnatch,0.4,Weak Match,0.3076,2,2,ROUTINE RECORD: Interaction INT-0003 exhibits low signature alignment (40%). No immediate forensic action required.
SIG-B837B2E7,INT-0004,FUSED-INT-0004,StandardMotorcycleSnatch,0.4,Weak Match,0.313,2,2,ROUTINE RECORD: Interaction INT-0004 exhibits low signature alignment (40%). No immediate forensic action required.
SIG-0F124959,INT-0005,FUSED-INT-0005,StandardMotorcycleSnatch,0.0,No Match,0.0,0,4,ROUTINE RECORD: Interaction INT-0005 exhibits low signature alignment (0%). No immediate forensic action required.
SIG-CBDAADFD,INT-0001,FUSED-INT-0001,StandardMotorcycleSnatch,0.0,No Match,0.0,0,4,ROUTINE RECORD: Interaction INT-0001 exhibits low signature alignment (0%). No immediate forensic action required.
SIG-D4EFE85D,INT-0002,FUSED-INT-0002,StandardMotorcycleSnatch,0.8,High Confidence Match,0.6634,3,1,FLAGGED FOR HIGH-PRIORITY FORENSIC REVIEW: Interaction INT-0002 exhibits strong signature alignment (80%). Export forensic video clip for investigation.
SIG-35D3F7B1,INT-0003,FUSED-INT-0003,StandardMotorcycleSnatch,0.4,Weak Match,0.3076,2,2,ROUTINE RECORD: Interaction INT-0003 exhibits low signature alignment (40%). No immediate forensic action required.
SIG-8E0640B4,INT-0004,FUSED-INT-0004,StandardMotorcycleSnatch,0.4,Weak Match,0.3129,2,2,ROUTINE RECORD: Interaction INT-0004 exhibits low signature alignment (40%). No immediate forensic action required.
SIG-B034AE44,INT-0005,FUSED-INT-0005,StandardMotorcycleSnatch,0.0,No Match,0.0,0,4,ROUTINE RECORD: Interaction INT-0005 exhibits low signature alignment (0%). No immediate forensic action required.
SIG-F0FF4A6C,INT-0001,FUSED-INT-0001,StandardMotorcycleSnatch,0.0,No Match,0.0,0,4,ROUTINE RECORD: Interaction INT-0001 exhibits low signature alignment (0%). No immediate forensic action required.
SIG-3CC761BB,INT-0002,FUSED-INT-0002,StandardMotorcycleSnatch,0.8,High Confidence Match,0.6634,3,1,FLAGGED FOR HIGH-PRIORITY FORENSIC REVIEW: Interaction INT-0002 exhibits strong signature alignment (80%). Export forensic video clip for investigation.
SIG-5DD12911,INT-0003,FUSED-INT-0003,StandardMotorcycleSnatch,0.4,Weak Match,0.3076,2,2,ROUTINE RECORD: Interaction INT-0003 exhibits low signature alignment (40%). No immediate forensic action required.
SIG-6D862102,INT-0004,FUSED-INT-0004,StandardMotorcycleSnatch,0.4,Weak Match,0.3128,2,2,ROUTINE RECORD: Interaction INT-0004 exhibits low signature alignment (40%). No immediate forensic action required.
SIG-7F44E5E4,INT-0005,FUSED-INT-0005,StandardMotorcycleSnatch,0.0,No Match,0.0,0,4,ROUTINE RECORD: Interaction INT-0005 exhibits low signature alignment (0%). No immediate forensic action required.
SIG-16F65517,INT-0001,FUSED-INT-0001,StandardMotorcycleSnatch,0.0,No Match,0.0,0,4,ROUTINE RECORD: Interaction INT-0001 exhibits low signature alignment (0%). No immediate forensic action required.
SIG-A49DBDDB,INT-0002,FUSED-INT-0002,StandardMotorcycleSnatch,0.8,High Confidence Match,0.6634,3,1,FLAGGED FOR HIGH-PRIORITY FORENSIC REVIEW: Interaction INT-0002 exhibits strong signature alignment (80%). Export forensic video clip for investigation.
SIG-281E6E65,INT-0003,FUSED-INT-0003,StandardMotorcycleSnatch,0.4,Weak Match,0.3076,2,2,ROUTINE RECORD: Interaction INT-0003 exhibits low signature alignment (40%). No immediate forensic action required.
SIG-BA1E3729,INT-0004,FUSED-INT-0004,StandardMotorcycleSnatch,0.4,Weak Match,0.3127,2,2,ROUTINE RECORD: Interaction INT-0004 exhibits low signature alignment (40%). No immediate forensic action required.
SIG-F081C03D,INT-0005,FUSED-INT-0005,StandardMotorcycleSnatch,0.0,No Match,0.0,0,4,ROUTINE RECORD: Interaction INT-0005 exhibits low signature alignment (0%). No immediate forensic action required.
SIG-4102B1AB,INT-0001,FUSED-INT-0001,StandardMotorcycleSnatch,0.0,No Match,0.0,0,4,ROUTINE RECORD: Interaction INT-0001 exhibits low signature alignment (0%). No immediate forensic action required.
SIG-6AFE0F0D,INT-0002,FUSED-INT-0002,StandardMotorcycleSnatch,0.8,High Confidence Match,0.6634,3,1,FLAGGED FOR HIGH-PRIORITY FORENSIC REVIEW: Interaction INT-0002 exhibits strong signature alignment (80%). Export forensic video clip for investigation.
SIG-0B5AA0FC,INT-0003,FUSED-INT-0003,StandardMotorcycleSnatch,0.4,Weak Match,0.3076,2,2,ROUTINE RECORD: Interaction INT-0003 exhibits low signature alignment (40%). No immediate forensic action required.
SIG-454856D8,INT-0004,FUSED-INT-0004,StandardMotorcycleSnatch,0.4,Weak Match,0.3126,2,2,ROUTINE RECORD: Interaction INT-0004 exhibits low signature alignment (40%). No immediate forensic action required.
SIG-FA878D15,INT-0005,FUSED-INT-0005,StandardMotorcycleSnatch,0.0,No Match,0.0,0,4,ROUTINE RECORD: Interaction INT-0005 exhibits low signature alignment (0%). No immediate forensic action required.
SIG-F42B686D,INT-0001,FUSED-INT-0001,StandardMotorcycleSnatch,0.0,No Match,0.0,0,4,ROUTINE RECORD: Interaction INT-0001 exhibits low signature alignment (0%). No immediate forensic action required.
SIG-F004D236,INT-0002,FUSED-INT-0002,StandardMotorcycleSnatch,0.8,High Confidence Match,0.6634,3,1,FLAGGED FOR HIGH-PRIORITY FORENSIC REVIEW: Interaction INT-0002 exhibits strong signature alignment (80%). Export forensic video clip for investigation.
SIG-F58A7473,INT-0003,FUSED-INT-0003,StandardMotorcycleSnatch,0.4,Weak Match,0.3076,2,2,ROUTINE RECORD: Interaction INT-0003 exhibits low signature alignment (40%). No immediate forensic action required.
SIG-E4855D8C,INT-0004,FUSED-INT-0004,StandardMotorcycleSnatch,0.4,Weak Match,0.3125,2,2,ROUTINE RECORD: Interaction INT-0004 exhibits low signature alignment (40%). No immediate forensic action required.
SIG-CD4C359F,INT-0005,FUSED-INT-0005,StandardMotorcycleSnatch,0.0,No Match,0.0,0,4,ROUTINE RECORD: Interaction INT-0005 exhibits low signature alignment (0%). No immediate forensic action required.
SIG-6513F8A2,INT-0001,FUSED-INT-0001,StandardMotorcycleSnatch,0.0,No Match,0.0,0,4,ROUTINE RECORD: Interaction INT-0001 exhibits low signature alignment (0%). No immediate forensic action required.
SIG-E2144ED6,INT-0002,FUSED-INT-0002,StandardMotorcycleSnatch,0.8,High Confidence Match,0.6634,3,1,FLAGGED FOR HIGH-PRIORITY FORENSIC REVIEW: Interaction INT-0002 exhibits strong signature alignment (80%). Export forensic video clip for investigation.
SIG-54875A02,INT-0003,FUSED-INT-0003,StandardMotorcycleSnatch,0.4,Weak Match,0.3076,2,2,ROUTINE RECORD: Interaction INT-0003 exhibits low signature alignment (40%). No immediate forensic action required.
SIG-337C55BA,INT-0004,FUSED-INT-0004,StandardMotorcycleSnatch,0.4,Weak Match,0.3124,2,2,ROUTINE RECORD: Interaction INT-0004 exhibits low signature alignment (40%). No immediate forensic action required.
SIG-0D30F7C0,INT-0005,FUSED-INT-0005,StandardMotorcycleSnatch,0.0,No Match,0.0,0,4,ROUTINE RECORD: Interaction INT-0005 exhibits low signature alignment (0%). No immediate forensic action required.
SIG-3E9C694F,INT-0001,FUSED-INT-0001,StandardMotorcycleSnatch,0.0,No Match,0.0,0,4,ROUTINE RECORD: Interaction INT-0001 exhibits low signature alignment (0%). No immediate forensic action required.
SIG-E6297F48,INT-0002,FUSED-INT-0002,StandardMotorcycleSnatch,0.8,High Confidence Match,0.6634,3,1,FLAGGED FOR HIGH-PRIORITY FORENSIC REVIEW: Interaction INT-0002 exhibits strong signature alignment (80%). Export forensic video clip for investigation.
SIG-0F715BE7,INT-0003,FUSED-INT-0003,StandardMotorcycleSnatch,0.4,Weak Match,0.3076,2,2,ROUTINE RECORD: Interaction INT-0003 exhibits low signature alignment (40%). No immediate forensic action required.
SIG-13853380,INT-0004,FUSED-INT-0004,StandardMotorcycleSnatch,0.4,Weak Match,0.3124,2,2,ROUTINE RECORD: Interaction INT-0004 exhibits low signature alignment (40%). No immediate forensic action required.
SIG-3392A68B,INT-0005,FUSED-INT-0005,StandardMotorcycleSnatch,0.0,No Match,0.0,0,4,ROUTINE RECORD: Interaction INT-0005 exhibits low signature alignment (0%). No immediate forensic action required.
SIG-40EC19B9,INT-0001,FUSED-INT-0001,StandardMotorcycleSnatch,0.0,No Match,0.0,0,4,ROUTINE RECORD: Interaction INT-0001 exhibits low signature alignment (0%). No immediate forensic action required.
SIG-E81E99CB,INT-0002,FUSED-INT-0002,StandardMotorcycleSnatch,0.8,High Confidence Match,0.6634,3,1,FLAGGED FOR HIGH-PRIORITY FORENSIC REVIEW: Interaction INT-0002 exhibits strong signature alignment (80%). Export forensic video clip for investigation.
SIG-5B2D7F80,INT-0003,FUSED-INT-0003,StandardMotorcycleSnatch,0.4,Weak Match,0.3076,2,2,ROUTINE RECORD: Interaction INT-0003 exhibits low signature alignment (40%). No immediate forensic action required.
SIG-C340F058,INT-0004,FUSED-INT-0004,StandardMotorcycleSnatch,0.4,Weak Match,0.3122,2,2,ROUTINE RECORD: Interaction INT-0004 exhibits low signature alignment (40%). No immediate forensic action required.
SIG-155E357D,INT-0005,FUSED-INT-0005,StandardMotorcycleSnatch,0.0,No Match,0.0,0,4,ROUTINE RECORD: Interaction INT-0005 exhibits low signature alignment (0%). No immediate forensic action required.
SIG-A44C32A2,INT-0001,FUSED-INT-0001,StandardMotorcycleSnatch,0.0,No Match,0.0,0,4,ROUTINE RECORD: Interaction INT-0001 exhibits low signature alignment (0%). No immediate forensic action required.
SIG-5D085789,INT-0002,FUSED-INT-0002,StandardMotorcycleSnatch,0.8,High Confidence Match,0.6634,3,1,FLAGGED FOR HIGH-PRIORITY FORENSIC REVIEW: Interaction INT-0002 exhibits strong signature alignment (80%). Export forensic video clip for investigation.
SIG-2F0A9A03,INT-0003,FUSED-INT-0003,StandardMotorcycleSnatch,0.4,Weak Match,0.3076,2,2,ROUTINE RECORD: Interaction INT-0003 exhibits low signature alignment (40%). No immediate forensic action required.
SIG-388F96A3,INT-0004,FUSED-INT-0004,StandardMotorcycleSnatch,0.4,Weak Match,0.3122,2,2,ROUTINE RECORD: Interaction INT-0004 exhibits low signature alignment (40%). No immediate forensic action required.
SIG-70BD16C5,INT-0005,FUSED-INT-0005,StandardMotorcycleSnatch,0.0,No Match,0.0,0,4,ROUTINE RECORD: Interaction INT-0005 exhibits low signature alignment (0%). No immediate forensic action required.
SIG-8CE8E58C,INT-0001,FUSED-INT-0001,StandardMotorcycleSnatch,0.0,No Match,0.0,0,4,ROUTINE RECORD: Interaction INT-0001 exhibits low signature alignment (0%). No immediate forensic action required.
SIG-13884971,INT-0002,FUSED-INT-0002,StandardMotorcycleSnatch,0.8,High Confidence Match,0.6634,3,1,FLAGGED FOR HIGH-PRIORITY FORENSIC REVIEW: Interaction INT-0002 exhibits strong signature alignment (80%). Export forensic video clip for investigation.
SIG-BF6B05DE,INT-0003,FUSED-INT-0003,StandardMotorcycleSnatch,0.4,Weak Match,0.3076,2,2,ROUTINE RECORD: Interaction INT-0003 exhibits low signature alignment (40%). No immediate forensic action required.
SIG-3B7B9232,INT-0004,FUSED-INT-0004,StandardMotorcycleSnatch,0.4,Weak Match,0.312,2,2,ROUTINE RECORD: Interaction INT-0004 exhibits low signature alignment (40%). No immediate forensic action required.
SIG-1357710B,INT-0005,FUSED-INT-0005,StandardMotorcycleSnatch,0.0,No Match,0.0,0,4,ROUTINE RECORD: Interaction INT-0005 exhibits low signature alignment (0%). No immediate forensic action required.
SIG-0A0B73E1,INT-0001,FUSED-INT-0001,StandardMotorcycleSnatch,0.0,No Match,0.0,0,4,ROUTINE RECORD: Interaction INT-0001 exhibits low signature alignment (0%). No immediate forensic action required.
SIG-D06A49B4,INT-0002,FUSED-INT-0002,StandardMotorcycleSnatch,0.8,High Confidence Match,0.6634,3,1,FLAGGED FOR HIGH-PRIORITY FORENSIC REVIEW: Interaction INT-0002 exhibits strong signature alignment (80%). Export forensic video clip for investigation.
SIG-31D2A47D,INT-0003,FUSED-INT-0003,StandardMotorcycleSnatch,0.4,Weak Match,0.3076,2,2,ROUTINE RECORD: Interaction INT-0003 exhibits low signature alignment (40%). No immediate forensic action required.
SIG-7C1599DF,INT-0004,FUSED-INT-0004,StandardMotorcycleSnatch,0.4,Weak Match,0.3119,2,2,ROUTINE RECORD: Interaction INT-0004 exhibits low signature alignment (40%). No immediate forensic action required.
SIG-F910978B,INT-0005,FUSED-INT-0005,StandardMotorcycleSnatch,0.0,No Match,0.0,0,4,ROUTINE RECORD: Interaction INT-0005 exhibits low signature alignment (0%). No immediate forensic action required.
SIG-CFF73D57,INT-0001,FUSED-INT-0001,StandardMotorcycleSnatch,0.0,No Match,0.0,0,4,ROUTINE RECORD: Interaction INT-0001 exhibits low signature alignment (0%). No immediate forensic action required.
SIG-6DF952AD,INT-0002,FUSED-INT-0002,StandardMotorcycleSnatch,0.8,High Confidence Match,0.6634,3,1,FLAGGED FOR HIGH-PRIORITY FORENSIC REVIEW: Interaction INT-0002 exhibits strong signature alignment (80%). Export forensic video clip for investigation.
SIG-27764D36,INT-0003,FUSED-INT-0003,StandardMotorcycleSnatch,0.4,Weak Match,0.3076,2,2,ROUTINE RECORD: Interaction INT-0003 exhibits low signature alignment (40%). No immediate forensic action required.
SIG-F8A320B5,INT-0004,FUSED-INT-0004,StandardMotorcycleSnatch,0.4,Weak Match,0.3118,2,2,ROUTINE RECORD: Interaction INT-0004 exhibits low signature alignment (40%). No immediate forensic action required.
SIG-CAC5F174,INT-0005,FUSED-INT-0005,StandardMotorcycleSnatch,0.0,No Match,0.0,0,4,ROUTINE RECORD: Interaction INT-0005 exhibits low signature alignment (0%). No immediate forensic action required.
SIG-F5812024,INT-0001,FUSED-INT-0001,StandardMotorcycleSnatch,0.0,No Match,0.0,0,4,ROUTINE RECORD: Interaction INT-0001 exhibits low signature alignment (0%). No immediate forensic action required.
SIG-0B2288F7,INT-0002,FUSED-INT-0002,StandardMotorcycleSnatch,0.8,High Confidence Match,0.6634,3,1,FLAGGED FOR HIGH-PRIORITY FORENSIC REVIEW: Interaction INT-0002 exhibits strong signature alignment (80%). Export forensic video clip for investigation.
SIG-8BB5B0EC,INT-0003,FUSED-INT-0003,StandardMotorcycleSnatch,0.4,Weak Match,0.3076,2,2,ROUTINE RECORD: Interaction INT-0003 exhibits low signature alignment (40%). No immediate forensic action required.
SIG-746E6E7C,INT-0004,FUSED-INT-0004,StandardMotorcycleSnatch,0.4,Weak Match,0.3117,2,2,ROUTINE RECORD: Interaction INT-0004 exhibits low signature alignment (40%). No immediate forensic action required.
SIG-E99D9B9D,INT-0005,FUSED-INT-0005,StandardMotorcycleSnatch,0.0,No Match,0.0,0,4,ROUTINE RECORD: Interaction INT-0005 exhibits low signature alignment (0%). No immediate forensic action required.
SIG-E2C23C03,INT-0001,FUSED-INT-0001,StandardMotorcycleSnatch,0.0,No Match,0.0,0,4,ROUTINE RECORD: Interaction INT-0001 exhibits low signature alignment (0%). No immediate forensic action required.
SIG-ACF18CE0,INT-0002,FUSED-INT-0002,StandardMotorcycleSnatch,0.8,High Confidence Match,0.6634,3,1,FLAGGED FOR HIGH-PRIORITY FORENSIC REVIEW: Interaction INT-0002 exhibits strong signature alignment (80%). Export forensic video clip for investigation.
SIG-F2E1C42E,INT-0003,FUSED-INT-0003,StandardMotorcycleSnatch,0.4,Weak Match,0.3076,2,2,ROUTINE RECORD: Interaction INT-0003 exhibits low signature alignment (40%). No immediate forensic action required.
SIG-7CF84299,INT-0004,FUSED-INT-0004,StandardMotorcycleSnatch,0.4,Weak Match,0.3116,2,2,ROUTINE RECORD: Interaction INT-0004 exhibits low signature alignment (40%). No immediate forensic action required.
SIG-C362911E,INT-0005,FUSED-INT-0005,StandardMotorcycleSnatch,0.0,No Match,0.0,0,4,ROUTINE RECORD: Interaction INT-0005 exhibits low signature alignment (0%). No immediate forensic action required.
SIG-D8FA346B,INT-0001,FUSED-INT-0001,StandardMotorcycleSnatch,0.0,No Match,0.0,0,4,ROUTINE RECORD: Interaction INT-0001 exhibits low signature alignment (0%). No immediate forensic action required.
SIG-B575BB5D,INT-0002,FUSED-INT-0002,StandardMotorcycleSnatch,0.8,High Confidence Match,0.6634,3,1,FLAGGED FOR HIGH-PRIORITY FORENSIC REVIEW: Interaction INT-0002 exhibits strong signature alignment (80%). Export forensic video clip for investigation.
SIG-F8D81C73,INT-0003,FUSED-INT-0003,StandardMotorcycleSnatch,0.4,Weak Match,0.3076,2,2,ROUTINE RECORD: Interaction INT-0003 exhibits low signature alignment (40%). No immediate forensic action required.
SIG-9DF16680,INT-0004,FUSED-INT-0004,StandardMotorcycleSnatch,0.4,Weak Match,0.3115,2,2,ROUTINE RECORD: Interaction INT-0004 exhibits low signature alignment (40%). No immediate forensic action required.
SIG-18042DC3,INT-0005,FUSED-INT-0005,StandardMotorcycleSnatch,0.0,No Match,0.0,0,4,ROUTINE RECORD: Interaction INT-0005 exhibits low signature alignment (0%). No immediate forensic action required.
SIG-E8DE6D90,INT-0001,FUSED-INT-0001,StandardMotorcycleSnatch,0.0,No Match,0.0,0,4,ROUTINE RECORD: Interaction INT-0001 exhibits low signature alignment (0%). No immediate forensic action required.
SIG-D48890D0,INT-0002,FUSED-INT-0002,StandardMotorcycleSnatch,0.8,High Confidence Match,0.6634,3,1,FLAGGED FOR HIGH-PRIORITY FORENSIC REVIEW: Interaction INT-0002 exhibits strong signature alignment (80%). Export forensic video clip for investigation.
SIG-F77C7A8B,INT-0003,FUSED-INT-0003,StandardMotorcycleSnatch,0.4,Weak Match,0.3076,2,2,ROUTINE RECORD: Interaction INT-0003 exhibits low signature alignment (40%). No immediate forensic action required.
SIG-C88626BD,INT-0004,FUSED-INT-0004,StandardMotorcycleSnatch,0.4,Weak Match,0.3114,2,2,ROUTINE RECORD: Interaction INT-0004 exhibits low signature alignment (40%). No immediate forensic action required.
SIG-71C7C9F5,INT-0005,FUSED-INT-0005,StandardMotorcycleSnatch,0.0,No Match,0.0,0,4,ROUTINE RECORD: Interaction INT-0005 exhibits low signature alignment (0%). No immediate forensic action required.
SIG-EE16EC61,INT-0001,FUSED-INT-0001,StandardMotorcycleSnatch,0.0,No Match,0.0,0,4,ROUTINE RECORD: Interaction INT-0001 exhibits low signature alignment (0%). No immediate forensic action required.
SIG-96A47911,INT-0002,FUSED-INT-0002,StandardMotorcycleSnatch,0.8,High Confidence Match,0.6634,3,1,FLAGGED FOR HIGH-PRIORITY FORENSIC REVIEW: Interaction INT-0002 exhibits strong signature alignment (80%). Export forensic video clip for investigation.
SIG-409EEA45,INT-0003,FUSED-INT-0003,StandardMotorcycleSnatch,0.4,Weak Match,0.3076,2,2,ROUTINE RECORD: Interaction INT-0003 exhibits low signature alignment (40%). No immediate forensic action required.
SIG-A816B666,INT-0004,FUSED-INT-0004,StandardMotorcycleSnatch,0.4,Weak Match,0.3113,2,2,ROUTINE RECORD: Interaction INT-0004 exhibits low signature alignment (40%). No immediate forensic action required.
SIG-D15B6B4E,INT-0005,FUSED-INT-0005,StandardMotorcycleSnatch,0.0,No Match,0.0,0,4,ROUTINE RECORD: Interaction INT-0005 exhibits low signature alignment (0%). No immediate forensic action required.
SIG-557FF4B6,INT-0001,FUSED-INT-0001,StandardMotorcycleSnatch,0.4,Weak Match,0.3361,2,2,ROUTINE RECORD: Interaction INT-0001 exhibits low signature alignment (40%). No immediate forensic action required.
SIG-11E57D51,INT-0002,FUSED-INT-0002,StandardMotorcycleSnatch,1.0,High Confidence Match,0.8293,4,0,FLAGGED FOR HIGH-PRIORITY FORENSIC REVIEW: Interaction INT-0002 exhibits strong signature alignment (100%). Export forensic video clip for investigation.
SIG-C1BB3F24,INT-0003,FUSED-INT-0003,StandardMotorcycleSnatch,0.2,Weak Match,0.1538,1,3,ROUTINE RECORD: Interaction INT-0003 exhibits low signature alignment (20%). No immediate forensic action required.
SIG-34B4A865,INT-0004,FUSED-INT-0004,StandardMotorcycleSnatch,0.2,Weak Match,0.1556,1,3,ROUTINE RECORD: Interaction INT-0004 exhibits low signature alignment (20%). No immediate forensic action required.
SIG-F5FCE053,INT-0005,FUSED-INT-0005,StandardMotorcycleSnatch,0.4,Weak Match,0.2734,2,2,ROUTINE RECORD: Interaction INT-0005 exhibits low signature alignment (40%). No immediate forensic action required.
SIG-FBDCA072,INT-0006,FUSED-INT-0006,StandardMotorcycleSnatch,0.4,Weak Match,0.2884,2,2,ROUTINE RECORD: Interaction INT-0006 exhibits low signature alignment (40%). No immediate forensic action required.
SIG-11B2F599,INT-0007,FUSED-INT-0007,StandardMotorcycleSnatch,0.4,Weak Match,0.2966,2,2,ROUTINE RECORD: Interaction INT-0007 exhibits low signature alignment (40%). No immediate forensic action required.
SIG-8B908D72,INT-0008,FUSED-INT-0008,StandardMotorcycleSnatch,0.4,Weak Match,0.2995,2,2,ROUTINE RECORD: Interaction INT-0008 exhibits low signature alignment (40%). No immediate forensic action required.
SIG-DB8B4B84,INT-0009,FUSED-INT-0009,StandardMotorcycleSnatch,0.4,Weak Match,0.2959,2,2,ROUTINE RECORD: Interaction INT-0009 exhibits low signature alignment (40%). No immediate forensic action required.
SIG-627DEE7D,INT-0010,FUSED-INT-0010,StandardMotorcycleSnatch,0.4,Weak Match,0.2918,2,2,ROUTINE RECORD: Interaction INT-0010 exhibits low signature alignment (40%). No immediate forensic action required.
SIG-588B32DD,INT-0001,FUSED-INT-0001,StandardMotorcycleSnatch,0.4,Weak Match,0.3361,2,2,ROUTINE RECORD: Interaction INT-0001 exhibits low signature alignment (40%). No immediate forensic action required.
SIG-08A453CF,INT-0002,FUSED-INT-0002,StandardMotorcycleSnatch,1.0,High Confidence Match,0.8293,4,0,FLAGGED FOR HIGH-PRIORITY FORENSIC REVIEW: Interaction INT-0002 exhibits strong signature alignment (100%). Export forensic video clip for investigation.
SIG-76309BF2,INT-0003,FUSED-INT-0003,StandardMotorcycleSnatch,0.2,Weak Match,0.1538,1,3,ROUTINE RECORD: Interaction INT-0003 exhibits low signature alignment (20%). No immediate forensic action required.
SIG-0D5F1C02,INT-0004,FUSED-INT-0004,StandardMotorcycleSnatch,0.2,Weak Match,0.1555,1,3,ROUTINE RECORD: Interaction INT-0004 exhibits low signature alignment (20%). No immediate forensic action required.
SIG-FC27D5D7,INT-0005,FUSED-INT-0005,StandardMotorcycleSnatch,0.4,Weak Match,0.2734,2,2,ROUTINE RECORD: Interaction INT-0005 exhibits low signature alignment (40%). No immediate forensic action required.
SIG-0A82042B,INT-0006,FUSED-INT-0006,StandardMotorcycleSnatch,0.4,Weak Match,0.2922,2,2,ROUTINE RECORD: Interaction INT-0006 exhibits low signature alignment (40%). No immediate forensic action required.
SIG-258F8349,INT-0007,FUSED-INT-0007,StandardMotorcycleSnatch,0.4,Weak Match,0.3523,2,2,ROUTINE RECORD: Interaction INT-0007 exhibits low signature alignment (40%). No immediate forensic action required.
SIG-9464BD4E,INT-0008,FUSED-INT-0008,StandardMotorcycleSnatch,0.4,Weak Match,0.3522,2,2,ROUTINE RECORD: Interaction INT-0008 exhibits low signature alignment (40%). No immediate forensic action required.
SIG-5536494E,INT-0009,FUSED-INT-0009,StandardMotorcycleSnatch,0.4,Weak Match,0.296,2,2,ROUTINE RECORD: Interaction INT-0009 exhibits low signature alignment (40%). No immediate forensic action required.
SIG-8C148117,INT-0010,FUSED-INT-0010,StandardMotorcycleSnatch,0.4,Weak Match,0.2939,2,2,ROUTINE RECORD: Interaction INT-0010 exhibits low signature alignment (40%). No immediate forensic action required.
SIG-3D2F5F1A,INT-0011,FUSED-INT-0011,StandardMotorcycleSnatch,0.4,Weak Match,0.296,2,2,ROUTINE RECORD: Interaction INT-0011 exhibits low signature alignment (40%). No immediate forensic action required.
SIG-194722B7,INT-0012,FUSED-INT-0012,StandardMotorcycleSnatch,0.4,Weak Match,0.296,2,2,ROUTINE RECORD: Interaction INT-0012 exhibits low signature alignment (40%). No immediate forensic action required.
SIG-91050ACC,INT-0013,FUSED-INT-0013,StandardMotorcycleSnatch,0.4,Weak Match,0.296,2,2,ROUTINE RECORD: Interaction INT-0013 exhibits low signature alignment (40%). No immediate forensic action required.
SIG-8F555E5E,INT-0001,FUSED-INT-0001,StandardMotorcycleSnatch,0.4,Weak Match,0.3361,2,2,ROUTINE RECORD: Interaction INT-0001 exhibits low signature alignment (40%). No immediate forensic action required.
SIG-C92A3CB0,INT-0002,FUSED-INT-0002,StandardMotorcycleSnatch,1.0,High Confidence Match,0.8293,4,0,FLAGGED FOR HIGH-PRIORITY FORENSIC REVIEW: Interaction INT-0002 exhibits strong signature alignment (100%). Export forensic video clip for investigation.
SIG-04521B60,INT-0003,FUSED-INT-0003,StandardMotorcycleSnatch,0.2,Weak Match,0.1538,1,3,ROUTINE RECORD: Interaction INT-0003 exhibits low signature alignment (20%). No immediate forensic action required.
SIG-94FAB945,INT-0004,FUSED-INT-0004,StandardMotorcycleSnatch,0.2,Weak Match,0.1555,1,3,ROUTINE RECORD: Interaction INT-0004 exhibits low signature alignment (20%). No immediate forensic action required.
SIG-9A1F3A7E,INT-0005,FUSED-INT-0005,StandardMotorcycleSnatch,0.4,Weak Match,0.2734,2,2,ROUTINE RECORD: Interaction INT-0005 exhibits low signature alignment (40%). No immediate forensic action required.
SIG-9780BFEB,INT-0006,FUSED-INT-0006,StandardMotorcycleSnatch,0.4,Weak Match,0.2922,2,2,ROUTINE RECORD: Interaction INT-0006 exhibits low signature alignment (40%). No immediate forensic action required.
SIG-C8092696,INT-0007,FUSED-INT-0007,StandardMotorcycleSnatch,0.4,Weak Match,0.352,2,2,ROUTINE RECORD: Interaction INT-0007 exhibits low signature alignment (40%). No immediate forensic action required.
SIG-301B8B41,INT-0008,FUSED-INT-0008,StandardMotorcycleSnatch,0.4,Weak Match,0.363,2,2,ROUTINE RECORD: Interaction INT-0008 exhibits low signature alignment (40%). No immediate forensic action required.
SIG-3889C1C3,INT-0009,FUSED-INT-0009,StandardMotorcycleSnatch,0.4,Weak Match,0.296,2,2,ROUTINE RECORD: Interaction INT-0009 exhibits low signature alignment (40%). No immediate forensic action required.
SIG-3C2C5AB4,INT-0010,FUSED-INT-0010,StandardMotorcycleSnatch,0.4,Weak Match,0.2939,2,2,ROUTINE RECORD: Interaction INT-0010 exhibits low signature alignment (40%). No immediate forensic action required.
SIG-20ECCBE2,INT-0011,FUSED-INT-0011,StandardMotorcycleSnatch,0.4,Weak Match,0.296,2,2,ROUTINE RECORD: Interaction INT-0011 exhibits low signature alignment (40%). No immediate forensic action required.
SIG-8912AEF1,INT-0012,FUSED-INT-0012,StandardMotorcycleSnatch,0.4,Weak Match,0.296,2,2,ROUTINE RECORD: Interaction INT-0012 exhibits low signature alignment (40%). No immediate forensic action required.
SIG-41969DC5,INT-0013,FUSED-INT-0013,StandardMotorcycleSnatch,0.4,Weak Match,0.296,2,2,ROUTINE RECORD: Interaction INT-0013 exhibits low signature alignment (40%). No immediate forensic action required.
SIG-11481D52,INT-0001,FUSED-INT-0001,StandardMotorcycleSnatch,0.4,Weak Match,0.3361,2,2,ROUTINE RECORD: Interaction INT-0001 exhibits low signature alignment (40%). No immediate forensic action required.
SIG-BA0731F3,INT-0002,FUSED-INT-0002,StandardMotorcycleSnatch,1.0,High Confidence Match,0.8293,4,0,FLAGGED FOR HIGH-PRIORITY FORENSIC REVIEW: Interaction INT-0002 exhibits strong signature alignment (100%). Export forensic video clip for investigation.
SIG-26B5305F,INT-0003,FUSED-INT-0003,StandardMotorcycleSnatch,0.2,Weak Match,0.1538,1,3,ROUTINE RECORD: Interaction INT-0003 exhibits low signature alignment (20%). No immediate forensic action required.
SIG-4DD13CDF,INT-0004,FUSED-INT-0004,StandardMotorcycleSnatch,0.2,Weak Match,0.1554,1,3,ROUTINE RECORD: Interaction INT-0004 exhibits low signature alignment (20%). No immediate forensic action required.
SIG-5C92EC8F,INT-0005,FUSED-INT-0005,StandardMotorcycleSnatch,0.4,Weak Match,0.2734,2,2,ROUTINE RECORD: Interaction INT-0005 exhibits low signature alignment (40%). No immediate forensic action required.
SIG-F8D0149F,INT-0006,FUSED-INT-0006,StandardMotorcycleSnatch,0.4,Weak Match,0.2922,2,2,ROUTINE RECORD: Interaction INT-0006 exhibits low signature alignment (40%). No immediate forensic action required.
SIG-91B844BB,INT-0007,FUSED-INT-0007,StandardMotorcycleSnatch,0.4,Weak Match,0.3531,2,2,ROUTINE RECORD: Interaction INT-0007 exhibits low signature alignment (40%). No immediate forensic action required.
SIG-8E18B239,INT-0008,FUSED-INT-0008,StandardMotorcycleSnatch,0.4,Weak Match,0.3515,2,2,ROUTINE RECORD: Interaction INT-0008 exhibits low signature alignment (40%). No immediate forensic action required.
SIG-FC324E73,INT-0009,FUSED-INT-0009,StandardMotorcycleSnatch,0.4,Weak Match,0.296,2,2,ROUTINE RECORD: Interaction INT-0009 exhibits low signature alignment (40%). No immediate forensic action required.
SIG-1721E58E,INT-0010,FUSED-INT-0010,StandardMotorcycleSnatch,0.4,Weak Match,0.2939,2,2,ROUTINE RECORD: Interaction INT-0010 exhibits low signature alignment (40%). No immediate forensic action required.
SIG-8AB23886,INT-0011,FUSED-INT-0011,StandardMotorcycleSnatch,0.4,Weak Match,0.296,2,2,ROUTINE RECORD: Interaction INT-0011 exhibits low signature alignment (40%). No immediate forensic action required.
SIG-EA009EA3,INT-0012,FUSED-INT-0012,StandardMotorcycleSnatch,0.4,Weak Match,0.296,2,2,ROUTINE RECORD: Interaction INT-0012 exhibits low signature alignment (40%). No immediate forensic action required.
SIG-24C82487,INT-0013,FUSED-INT-0013,StandardMotorcycleSnatch,0.4,Weak Match,0.296,2,2,ROUTINE RECORD: Interaction INT-0013 exhibits low signature alignment (40%). No immediate forensic action required.
SIG-F357E91B,INT-0014,FUSED-INT-0014,StandardMotorcycleSnatch,0.4,Weak Match,0.296,2,2,ROUTINE RECORD: Interaction INT-0014 exhibits low signature alignment (40%). No immediate forensic action required.
SIG-811B6088,INT-0015,FUSED-INT-0015,StandardMotorcycleSnatch,0.4,Weak Match,0.296,2,2,ROUTINE RECORD: Interaction INT-0015 exhibits low signature alignment (40%). No immediate forensic action required.
SIG-29567247,INT-0016,FUSED-INT-0016,StandardMotorcycleSnatch,0.4,Weak Match,0.296,2,2,ROUTINE RECORD: Interaction INT-0016 exhibits low signature alignment (40%). No immediate forensic action required.
SIG-1BFFD17A,INT-0017,FUSED-INT-0017,StandardMotorcycleSnatch,0.4,Weak Match,0.296,2,2,ROUTINE RECORD: Interaction INT-0017 exhibits low signature alignment (40%). No immediate forensic action required.
SIG-07042884,INT-0001,FUSED-INT-0001,StandardMotorcycleSnatch,0.4,Weak Match,0.3361,2,2,ROUTINE RECORD: Interaction INT-0001 exhibits low signature alignment (40%). No immediate forensic action required.
SIG-DD729174,INT-0002,FUSED-INT-0002,StandardMotorcycleSnatch,1.0,High Confidence Match,0.8293,4,0,FLAGGED FOR HIGH-PRIORITY FORENSIC REVIEW: Interaction INT-0002 exhibits strong signature alignment (100%). Export forensic video clip for investigation.
SIG-9F425EF3,INT-0003,FUSED-INT-0003,StandardMotorcycleSnatch,0.2,Weak Match,0.1538,1,3,ROUTINE RECORD: Interaction INT-0003 exhibits low signature alignment (20%). No immediate forensic action required.
SIG-6C0B0B84,INT-0004,FUSED-INT-0004,StandardMotorcycleSnatch,0.2,Weak Match,0.1554,1,3,ROUTINE RECORD: Interaction INT-0004 exhibits low signature alignment (20%). No immediate forensic action required.
SIG-B9071E18,INT-0005,FUSED-INT-0005,StandardMotorcycleSnatch,0.4,Weak Match,0.2734,2,2,ROUTINE RECORD: Interaction INT-0005 exhibits low signature alignment (40%). No immediate forensic action required.
SIG-449E0230,INT-0006,FUSED-INT-0006,StandardMotorcycleSnatch,0.4,Weak Match,0.2922,2,2,ROUTINE RECORD: Interaction INT-0006 exhibits low signature alignment (40%). No immediate forensic action required.
SIG-BBDB20A4,INT-0007,FUSED-INT-0007,StandardMotorcycleSnatch,0.4,Weak Match,0.3542,2,2,ROUTINE RECORD: Interaction INT-0007 exhibits low signature alignment (40%). No immediate forensic action required.
SIG-29B5359F,INT-0008,FUSED-INT-0008,StandardMotorcycleSnatch,0.4,Weak Match,0.355,2,2,ROUTINE RECORD: Interaction INT-0008 exhibits low signature alignment (40%). No immediate forensic action required.
SIG-2A5DBF7E,INT-0009,FUSED-INT-0009,StandardMotorcycleSnatch,0.4,Weak Match,0.296,2,2,ROUTINE RECORD: Interaction INT-0009 exhibits low signature alignment (40%). No immediate forensic action required.
SIG-4F23D7BF,INT-0010,FUSED-INT-0010,StandardMotorcycleSnatch,0.4,Weak Match,0.2939,2,2,ROUTINE RECORD: Interaction INT-0010 exhibits low signature alignment (40%). No immediate forensic action required.
SIG-4A855F7E,INT-0011,FUSED-INT-0011,StandardMotorcycleSnatch,0.4,Weak Match,0.296,2,2,ROUTINE RECORD: Interaction INT-0011 exhibits low signature alignment (40%). No immediate forensic action required.
SIG-B0362DFA,INT-0012,FUSED-INT-0012,StandardMotorcycleSnatch,0.4,Weak Match,0.296,2,2,ROUTINE RECORD: Interaction INT-0012 exhibits low signature alignment (40%). No immediate forensic action required.
SIG-B895729C,INT-0013,FUSED-INT-0013,StandardMotorcycleSnatch,0.4,Weak Match,0.296,2,2,ROUTINE RECORD: Interaction INT-0013 exhibits low signature alignment (40%). No immediate forensic action required.
SIG-267B859B,INT-0014,FUSED-INT-0014,StandardMotorcycleSnatch,0.4,Weak Match,0.296,2,2,ROUTINE RECORD: Interaction INT-0014 exhibits low signature alignment (40%). No immediate forensic action required.
SIG-E35BF011,INT-0015,FUSED-INT-0015,StandardMotorcycleSnatch,0.4,Weak Match,0.296,2,2,ROUTINE RECORD: Interaction INT-0015 exhibits low signature alignment (40%). No immediate forensic action required.
SIG-4114804B,INT-0016,FUSED-INT-0016,StandardMotorcycleSnatch,0.4,Weak Match,0.296,2,2,ROUTINE RECORD: Interaction INT-0016 exhibits low signature alignment (40%). No immediate forensic action required.
SIG-BACCCB0D,INT-0017,FUSED-INT-0017,StandardMotorcycleSnatch,0.2,Weak Match,0.148,1,3,ROUTINE RECORD: Interaction INT-0017 exhibits low signature alignment (20%). No immediate forensic action required.
SIG-D32483AF,INT-0001,FUSED-INT-0001,StandardMotorcycleSnatch,0.2,Weak Match,0.1681,1,3,ROUTINE RECORD: Interaction INT-0001 exhibits low signature alignment (20%). No immediate forensic action required.
SIG-5E0BC9B2,INT-0002,FUSED-INT-0002,StandardMotorcycleSnatch,0.8,High Confidence Match,0.6634,3,1,FLAGGED FOR HIGH-PRIORITY FORENSIC REVIEW: Interaction INT-0002 exhibits strong signature alignment (80%). Export forensic video clip for investigation.
SIG-5B58353B,INT-0003,FUSED-INT-0003,StandardMotorcycleSnatch,0.4,Weak Match,0.3076,2,2,ROUTINE RECORD: Interaction INT-0003 exhibits low signature alignment (40%). No immediate forensic action required.
SIG-45366E54,INT-0004,FUSED-INT-0004,StandardMotorcycleSnatch,0.4,Weak Match,0.3106,2,2,ROUTINE RECORD: Interaction INT-0004 exhibits low signature alignment (40%). No immediate forensic action required.
SIG-467885C1,INT-0005,FUSED-INT-0005,StandardMotorcycleSnatch,0.2,Weak Match,0.1367,1,3,ROUTINE RECORD: Interaction INT-0005 exhibits low signature alignment (20%). No immediate forensic action required.
SIG-E16FF319,INT-0006,FUSED-INT-0006,StandardMotorcycleSnatch,0.2,Weak Match,0.1461,1,3,ROUTINE RECORD: Interaction INT-0006 exhibits low signature alignment (20%). No immediate forensic action required.
SIG-A1446ADD,INT-0007,FUSED-INT-0007,StandardMotorcycleSnatch,0.2,Weak Match,0.1705,1,3,ROUTINE RECORD: Interaction INT-0007 exhibits low signature alignment (20%). No immediate forensic action required.
SIG-0B4EADAC,INT-0008,FUSED-INT-0008,StandardMotorcycleSnatch,0.2,Weak Match,0.1794,1,3,ROUTINE RECORD: Interaction INT-0008 exhibits low signature alignment (20%). No immediate forensic action required.
SIG-74E3A974,INT-0009,FUSED-INT-0009,StandardMotorcycleSnatch,0.2,Weak Match,0.148,1,3,ROUTINE RECORD: Interaction INT-0009 exhibits low signature alignment (20%). No immediate forensic action required.
SIG-7D8A4DD9,INT-0010,FUSED-INT-0010,StandardMotorcycleSnatch,0.2,Weak Match,0.147,1,3,ROUTINE RECORD: Interaction INT-0010 exhibits low signature alignment (20%). No immediate forensic action required.
SIG-5E262AD8,INT-0011,FUSED-INT-0011,StandardMotorcycleSnatch,0.2,Weak Match,0.148,1,3,ROUTINE RECORD: Interaction INT-0011 exhibits low signature alignment (20%). No immediate forensic action required.
SIG-1335DE1D,INT-0012,FUSED-INT-0012,StandardMotorcycleSnatch,0.2,Weak Match,0.148,1,3,ROUTINE RECORD: Interaction INT-0012 exhibits low signature alignment (20%). No immediate forensic action required.
SIG-79EA6678,INT-0013,FUSED-INT-0013,StandardMotorcycleSnatch,0.2,Weak Match,0.148,1,3,ROUTINE RECORD: Interaction INT-0013 exhibits low signature alignment (20%). No immediate forensic action required.
SIG-A3C92299,INT-0014,FUSED-INT-0014,StandardMotorcycleSnatch,0.2,Weak Match,0.148,1,3,ROUTINE RECORD: Interaction INT-0014 exhibits low signature alignment (20%). No immediate forensic action required.
SIG-D96F9BF1,INT-0015,FUSED-INT-0015,StandardMotorcycleSnatch,0.2,Weak Match,0.148,1,3,ROUTINE RECORD: Interaction INT-0015 exhibits low signature alignment (20%). No immediate forensic action required.
SIG-08FFDABD,INT-0016,FUSED-INT-0016,StandardMotorcycleSnatch,0.2,Weak Match,0.148,1,3,ROUTINE RECORD: Interaction INT-0016 exhibits low signature alignment (20%). No immediate forensic action required.
SIG-F0037E65,INT-0017,FUSED-INT-0017,StandardMotorcycleSnatch,0.2,Weak Match,0.148,1,3,ROUTINE RECORD: Interaction INT-0017 exhibits low signature alignment (20%). No immediate forensic action required.
SIG-F3CF1971,INT-0001,FUSED-INT-0001,StandardMotorcycleSnatch,0.2,Weak Match,0.1681,1,3,ROUTINE RECORD: Interaction INT-0001 exhibits low signature alignment (20%). No immediate forensic action required.
SIG-D2F63C16,INT-0002,FUSED-INT-0002,StandardMotorcycleSnatch,0.8,High Confidence Match,0.6634,3,1,FLAGGED FOR HIGH-PRIORITY FORENSIC REVIEW: Interaction INT-0002 exhibits strong signature alignment (80%). Export forensic video clip for investigation.
SIG-31920E4F,INT-0003,FUSED-INT-0003,StandardMotorcycleSnatch,0.4,Weak Match,0.3076,2,2,ROUTINE RECORD: Interaction INT-0003 exhibits low signature alignment (40%). No immediate forensic action required.
SIG-5757CD62,INT-0004,FUSED-INT-0004,StandardMotorcycleSnatch,0.4,Weak Match,0.3106,2,2,ROUTINE RECORD: Interaction INT-0004 exhibits low signature alignment (40%). No immediate forensic action required.
SIG-21ACDFDB,INT-0005,FUSED-INT-0005,StandardMotorcycleSnatch,0.2,Weak Match,0.1367,1,3,ROUTINE RECORD: Interaction INT-0005 exhibits low signature alignment (20%). No immediate forensic action required.
SIG-5D37F5FF,INT-0006,FUSED-INT-0006,StandardMotorcycleSnatch,0.2,Weak Match,0.1461,1,3,ROUTINE RECORD: Interaction INT-0006 exhibits low signature alignment (20%). No immediate forensic action required.
SIG-2F4EBEB8,INT-0007,FUSED-INT-0007,StandardMotorcycleSnatch,0.2,Weak Match,0.1684,1,3,ROUTINE RECORD: Interaction INT-0007 exhibits low signature alignment (20%). No immediate forensic action required.
SIG-D9DC2B0D,INT-0008,FUSED-INT-0008,StandardMotorcycleSnatch,0.2,Weak Match,0.1806,1,3,ROUTINE RECORD: Interaction INT-0008 exhibits low signature alignment (20%). No immediate forensic action required.
SIG-7BDF56DF,INT-0009,FUSED-INT-0009,StandardMotorcycleSnatch,0.2,Weak Match,0.148,1,3,ROUTINE RECORD: Interaction INT-0009 exhibits low signature alignment (20%). No immediate forensic action required.
SIG-E96421EC,INT-0010,FUSED-INT-0010,StandardMotorcycleSnatch,0.2,Weak Match,0.147,1,3,ROUTINE RECORD: Interaction INT-0010 exhibits low signature alignment (20%). No immediate forensic action required.
SIG-8640527F,INT-0011,FUSED-INT-0011,StandardMotorcycleSnatch,0.2,Weak Match,0.148,1,3,ROUTINE RECORD: Interaction INT-0011 exhibits low signature alignment (20%). No immediate forensic action required.
SIG-AF0803FE,INT-0012,FUSED-INT-0012,StandardMotorcycleSnatch,0.2,Weak Match,0.148,1,3,ROUTINE RECORD: Interaction INT-0012 exhibits low signature alignment (20%). No immediate forensic action required.
SIG-69869A98,INT-0013,FUSED-INT-0013,StandardMotorcycleSnatch,0.2,Weak Match,0.148,1,3,ROUTINE RECORD: Interaction INT-0013 exhibits low signature alignment (20%). No immediate forensic action required.
SIG-EF1CE676,INT-0014,FUSED-INT-0014,StandardMotorcycleSnatch,0.2,Weak Match,0.148,1,3,ROUTINE RECORD: Interaction INT-0014 exhibits low signature alignment (20%). No immediate forensic action required.
SIG-AD9FBD05,INT-0015,FUSED-INT-0015,StandardMotorcycleSnatch,0.2,Weak Match,0.148,1,3,ROUTINE RECORD: Interaction INT-0015 exhibits low signature alignment (20%). No immediate forensic action required.
SIG-BD2636C4,INT-0016,FUSED-INT-0016,StandardMotorcycleSnatch,0.2,Weak Match,0.148,1,3,ROUTINE RECORD: Interaction INT-0016 exhibits low signature alignment (20%). No immediate forensic action required.
SIG-7E116940,INT-0017,FUSED-INT-0017,StandardMotorcycleSnatch,0.2,Weak Match,0.148,1,3,ROUTINE RECORD: Interaction INT-0017 exhibits low signature alignment (20%). No immediate forensic action required.
SIG-D34D5CD5,INT-0001,FUSED-INT-0001,StandardMotorcycleSnatch,0.2,Weak Match,0.1681,1,3,ROUTINE RECORD: Interaction INT-0001 exhibits low signature alignment (20%). No immediate forensic action required.
SIG-35A68193,INT-0002,FUSED-INT-0002,StandardMotorcycleSnatch,0.8,High Confidence Match,0.6634,3,1,FLAGGED FOR HIGH-PRIORITY FORENSIC REVIEW: Interaction INT-0002 exhibits strong signature alignment (80%). Export forensic video clip for investigation.
SIG-092E9EF7,INT-0003,FUSED-INT-0003,StandardMotorcycleSnatch,0.4,Weak Match,0.3076,2,2,ROUTINE RECORD: Interaction INT-0003 exhibits low signature alignment (40%). No immediate forensic action required.
SIG-EA067964,INT-0004,FUSED-INT-0004,StandardMotorcycleSnatch,0.4,Weak Match,0.3104,2,2,ROUTINE RECORD: Interaction INT-0004 exhibits low signature alignment (40%). No immediate forensic action required.
SIG-3BD6A649,INT-0005,FUSED-INT-0005,StandardMotorcycleSnatch,0.2,Weak Match,0.1367,1,3,ROUTINE RECORD: Interaction INT-0005 exhibits low signature alignment (20%). No immediate forensic action required.
SIG-4C4A1810,INT-0006,FUSED-INT-0006,StandardMotorcycleSnatch,0.2,Weak Match,0.1461,1,3,ROUTINE RECORD: Interaction INT-0006 exhibits low signature alignment (20%). No immediate forensic action required.
SIG-D6ACF4E8,INT-0007,FUSED-INT-0007,StandardMotorcycleSnatch,0.2,Weak Match,0.1692,1,3,ROUTINE RECORD: Interaction INT-0007 exhibits low signature alignment (20%). No immediate forensic action required.
SIG-30D999ED,INT-0008,FUSED-INT-0008,StandardMotorcycleSnatch,0.2,Weak Match,0.1809,1,3,ROUTINE RECORD: Interaction INT-0008 exhibits low signature alignment (20%). No immediate forensic action required.
SIG-39566D23,INT-0009,FUSED-INT-0009,StandardMotorcycleSnatch,0.2,Weak Match,0.148,1,3,ROUTINE RECORD: Interaction INT-0009 exhibits low signature alignment (20%). No immediate forensic action required.
SIG-FDA241DF,INT-0010,FUSED-INT-0010,StandardMotorcycleSnatch,0.2,Weak Match,0.147,1,3,ROUTINE RECORD: Interaction INT-0010 exhibits low signature alignment (20%). No immediate forensic action required.
SIG-AA2FA876,INT-0011,FUSED-INT-0011,StandardMotorcycleSnatch,0.2,Weak Match,0.148,1,3,ROUTINE RECORD: Interaction INT-0011 exhibits low signature alignment (20%). No immediate forensic action required.
SIG-013F41C2,INT-0012,FUSED-INT-0012,StandardMotorcycleSnatch,0.2,Weak Match,0.148,1,3,ROUTINE RECORD: Interaction INT-0012 exhibits low signature alignment (20%). No immediate forensic action required.
SIG-B3E23569,INT-0013,FUSED-INT-0013,StandardMotorcycleSnatch,0.2,Weak Match,0.148,1,3,ROUTINE RECORD: Interaction INT-0013 exhibits low signature alignment (20%). No immediate forensic action required.
SIG-753F65E7,INT-0014,FUSED-INT-0014,StandardMotorcycleSnatch,0.2,Weak Match,0.148,1,3,ROUTINE RECORD: Interaction INT-0014 exhibits low signature alignment (20%). No immediate forensic action required.
SIG-73EE52A2,INT-0015,FUSED-INT-0015,StandardMotorcycleSnatch,0.2,Weak Match,0.148,1,3,ROUTINE RECORD: Interaction INT-0015 exhibits low signature alignment (20%). No immediate forensic action required.
SIG-928FDD6E,INT-0016,FUSED-INT-0016,StandardMotorcycleSnatch,0.2,Weak Match,0.148,1,3,ROUTINE RECORD: Interaction INT-0016 exhibits low signature alignment (20%). No immediate forensic action required.
SIG-1C0E8ED1,INT-0017,FUSED-INT-0017,StandardMotorcycleSnatch,0.2,Weak Match,0.148,1,3,ROUTINE RECORD: Interaction INT-0017 exhibits low signature alignment (20%). No immediate forensic action required.
SIG-C609E47A,INT-0001,FUSED-INT-0001,StandardMotorcycleSnatch,0.2,Weak Match,0.1681,1,3,ROUTINE RECORD: Interaction INT-0001 exhibits low signature alignment (20%). No immediate forensic action required.
SIG-7621020C,INT-0002,FUSED-INT-0002,StandardMotorcycleSnatch,0.8,High Confidence Match,0.6634,3,1,FLAGGED FOR HIGH-PRIORITY FORENSIC REVIEW: Interaction INT-0002 exhibits strong signature alignment (80%). Export forensic video clip for investigation.
SIG-16DA4674,INT-0003,FUSED-INT-0003,StandardMotorcycleSnatch,0.4,Weak Match,0.3076,2,2,ROUTINE RECORD: Interaction INT-0003 exhibits low signature alignment (40%). No immediate forensic action required.
SIG-5F2E2324,INT-0004,FUSED-INT-0004,StandardMotorcycleSnatch,0.4,Weak Match,0.3103,2,2,ROUTINE RECORD: Interaction INT-0004 exhibits low signature alignment (40%). No immediate forensic action required.
SIG-84A321EA,INT-0005,FUSED-INT-0005,StandardMotorcycleSnatch,0.2,Weak Match,0.1367,1,3,ROUTINE RECORD: Interaction INT-0005 exhibits low signature alignment (20%). No immediate forensic action required.
SIG-0D4A45BF,INT-0006,FUSED-INT-0006,StandardMotorcycleSnatch,0.2,Weak Match,0.1461,1,3,ROUTINE RECORD: Interaction INT-0006 exhibits low signature alignment (20%). No immediate forensic action required.
SIG-1B8459B9,INT-0007,FUSED-INT-0007,StandardMotorcycleSnatch,0.2,Weak Match,0.1692,1,3,ROUTINE RECORD: Interaction INT-0007 exhibits low signature alignment (20%). No immediate forensic action required.
SIG-496AD804,INT-0008,FUSED-INT-0008,StandardMotorcycleSnatch,0.2,Weak Match,0.1809,1,3,ROUTINE RECORD: Interaction INT-0008 exhibits low signature alignment (20%). No immediate forensic action required.
SIG-7219A656,INT-0009,FUSED-INT-0009,StandardMotorcycleSnatch,0.2,Weak Match,0.148,1,3,ROUTINE RECORD: Interaction INT-0009 exhibits low signature alignment (20%). No immediate forensic action required.
SIG-FB5650FA,INT-0010,FUSED-INT-0010,StandardMotorcycleSnatch,0.2,Weak Match,0.147,1,3,ROUTINE RECORD: Interaction INT-0010 exhibits low signature alignment (20%). No immediate forensic action required.
SIG-1B42F2ED,INT-0011,FUSED-INT-0011,StandardMotorcycleSnatch,0.2,Weak Match,0.148,1,3,ROUTINE RECORD: Interaction INT-0011 exhibits low signature alignment (20%). No immediate forensic action required.
SIG-1879929E,INT-0012,FUSED-INT-0012,StandardMotorcycleSnatch,0.2,Weak Match,0.148,1,3,ROUTINE RECORD: Interaction INT-0012 exhibits low signature alignment (20%). No immediate forensic action required.
SIG-228AD266,INT-0013,FUSED-INT-0013,StandardMotorcycleSnatch,0.2,Weak Match,0.148,1,3,ROUTINE RECORD: Interaction INT-0013 exhibits low signature alignment (20%). No immediate forensic action required.
SIG-32F3636F,INT-0014,FUSED-INT-0014,StandardMotorcycleSnatch,0.2,Weak Match,0.148,1,3,ROUTINE RECORD: Interaction INT-0014 exhibits low signature alignment (20%). No immediate forensic action required.
SIG-4A8B7462,INT-0015,FUSED-INT-0015,StandardMotorcycleSnatch,0.2,Weak Match,0.148,1,3,ROUTINE RECORD: Interaction INT-0015 exhibits low signature alignment (20%). No immediate forensic action required.
SIG-DBA5E425,INT-0016,FUSED-INT-0016,StandardMotorcycleSnatch,0.2,Weak Match,0.148,1,3,ROUTINE RECORD: Interaction INT-0016 exhibits low signature alignment (20%). No immediate forensic action required.
SIG-7BBB1C7E,INT-0017,FUSED-INT-0017,StandardMotorcycleSnatch,0.2,Weak Match,0.148,1,3,ROUTINE RECORD: Interaction INT-0017 exhibits low signature alignment (20%). No immediate forensic action required.
SIG-58657D4E,INT-0001,FUSED-INT-0001,StandardMotorcycleSnatch,0.2,Weak Match,0.1681,1,3,ROUTINE RECORD: Interaction INT-0001 exhibits low signature alignment (20%). No immediate forensic action required.
SIG-4763A371,INT-0002,FUSED-INT-0002,StandardMotorcycleSnatch,0.8,High Confidence Match,0.6634,3,1,FLAGGED FOR HIGH-PRIORITY FORENSIC REVIEW: Interaction INT-0002 exhibits strong signature alignment (80%). Export forensic video clip for investigation.
SIG-AFEE917E,INT-0003,FUSED-INT-0003,StandardMotorcycleSnatch,0.4,Weak Match,0.3076,2,2,ROUTINE RECORD: Interaction INT-0003 exhibits low signature alignment (40%). No immediate forensic action required.
SIG-77FD7A16,INT-0004,FUSED-INT-0004,StandardMotorcycleSnatch,0.4,Weak Match,0.3102,2,2,ROUTINE RECORD: Interaction INT-0004 exhibits low signature alignment (40%). No immediate forensic action required.
SIG-F4A9A6A4,INT-0005,FUSED-INT-0005,StandardMotorcycleSnatch,0.2,Weak Match,0.1367,1,3,ROUTINE RECORD: Interaction INT-0005 exhibits low signature alignment (20%). No immediate forensic action required.
SIG-573FDBA6,INT-0006,FUSED-INT-0006,StandardMotorcycleSnatch,0.2,Weak Match,0.1461,1,3,ROUTINE RECORD: Interaction INT-0006 exhibits low signature alignment (20%). No immediate forensic action required.
SIG-46F5AE7A,INT-0007,FUSED-INT-0007,StandardMotorcycleSnatch,0.2,Weak Match,0.1692,1,3,ROUTINE RECORD: Interaction INT-0007 exhibits low signature alignment (20%). No immediate forensic action required.
SIG-050D8EC1,INT-0008,FUSED-INT-0008,StandardMotorcycleSnatch,0.2,Weak Match,0.1809,1,3,ROUTINE RECORD: Interaction INT-0008 exhibits low signature alignment (20%). No immediate forensic action required.
SIG-3B607250,INT-0009,FUSED-INT-0009,StandardMotorcycleSnatch,0.2,Weak Match,0.148,1,3,ROUTINE RECORD: Interaction INT-0009 exhibits low signature alignment (20%). No immediate forensic action required.
SIG-FCF1166A,INT-0010,FUSED-INT-0010,StandardMotorcycleSnatch,0.2,Weak Match,0.147,1,3,ROUTINE RECORD: Interaction INT-0010 exhibits low signature alignment (20%). No immediate forensic action required.
SIG-5C86BB80,INT-0011,FUSED-INT-0011,StandardMotorcycleSnatch,0.2,Weak Match,0.148,1,3,ROUTINE RECORD: Interaction INT-0011 exhibits low signature alignment (20%). No immediate forensic action required.
SIG-3458234B,INT-0012,FUSED-INT-0012,StandardMotorcycleSnatch,0.2,Weak Match,0.148,1,3,ROUTINE RECORD: Interaction INT-0012 exhibits low signature alignment (20%). No immediate forensic action required.
SIG-5763BAF2,INT-0013,FUSED-INT-0013,StandardMotorcycleSnatch,0.2,Weak Match,0.148,1,3,ROUTINE RECORD: Interaction INT-0013 exhibits low signature alignment (20%). No immediate forensic action required.
SIG-E08B273F,INT-0014,FUSED-INT-0014,StandardMotorcycleSnatch,0.2,Weak Match,0.148,1,3,ROUTINE RECORD: Interaction INT-0014 exhibits low signature alignment (20%). No immediate forensic action required.
SIG-70DBA6FB,INT-0015,FUSED-INT-0015,StandardMotorcycleSnatch,0.2,Weak Match,0.148,1,3,ROUTINE RECORD: Interaction INT-0015 exhibits low signature alignment (20%). No immediate forensic action required.
SIG-CAD3DED3,INT-0016,FUSED-INT-0016,StandardMotorcycleSnatch,0.2,Weak Match,0.148,1,3,ROUTINE RECORD: Interaction INT-0016 exhibits low signature alignment (20%). No immediate forensic action required.
SIG-8F01F636,INT-0017,FUSED-INT-0017,StandardMotorcycleSnatch,0.2,Weak Match,0.148,1,3,ROUTINE RECORD: Interaction INT-0017 exhibits low signature alignment (20%). No immediate forensic action required.
SIG-A2F4D6D5,INT-0001,FUSED-INT-0001,StandardMotorcycleSnatch,0.2,Weak Match,0.1681,1,3,ROUTINE RECORD: Interaction INT-0001 exhibits low signature alignment (20%). No immediate forensic action required.
SIG-46F46521,INT-0002,FUSED-INT-0002,StandardMotorcycleSnatch,0.8,High Confidence Match,0.6634,3,1,FLAGGED FOR HIGH-PRIORITY FORENSIC REVIEW: Interaction INT-0002 exhibits strong signature alignment (80%). Export forensic video clip for investigation.
SIG-221EE5EF,INT-0003,FUSED-INT-0003,StandardMotorcycleSnatch,0.4,Weak Match,0.3076,2,2,ROUTINE RECORD: Interaction INT-0003 exhibits low signature alignment (40%). No immediate forensic action required.
SIG-C4A253AB,INT-0004,FUSED-INT-0004,StandardMotorcycleSnatch,0.4,Weak Match,0.3101,2,2,ROUTINE RECORD: Interaction INT-0004 exhibits low signature alignment (40%). No immediate forensic action required.
SIG-5442333B,INT-0005,FUSED-INT-0005,StandardMotorcycleSnatch,0.2,Weak Match,0.1367,1,3,ROUTINE RECORD: Interaction INT-0005 exhibits low signature alignment (20%). No immediate forensic action required.
SIG-CDDE7296,INT-0006,FUSED-INT-0006,StandardMotorcycleSnatch,0.2,Weak Match,0.1461,1,3,ROUTINE RECORD: Interaction INT-0006 exhibits low signature alignment (20%). No immediate forensic action required.
SIG-6EC73FDE,INT-0007,FUSED-INT-0007,StandardMotorcycleSnatch,0.2,Weak Match,0.1692,1,3,ROUTINE RECORD: Interaction INT-0007 exhibits low signature alignment (20%). No immediate forensic action required.
SIG-27B0B68C,INT-0008,FUSED-INT-0008,StandardMotorcycleSnatch,0.2,Weak Match,0.1809,1,3,ROUTINE RECORD: Interaction INT-0008 exhibits low signature alignment (20%). No immediate forensic action required.
SIG-211E8906,INT-0009,FUSED-INT-0009,StandardMotorcycleSnatch,0.2,Weak Match,0.148,1,3,ROUTINE RECORD: Interaction INT-0009 exhibits low signature alignment (20%). No immediate forensic action required.
SIG-122B64FA,INT-0010,FUSED-INT-0010,StandardMotorcycleSnatch,0.2,Weak Match,0.147,1,3,ROUTINE RECORD: Interaction INT-0010 exhibits low signature alignment (20%). No immediate forensic action required.
SIG-ABDE04D2,INT-0011,FUSED-INT-0011,StandardMotorcycleSnatch,0.2,Weak Match,0.148,1,3,ROUTINE RECORD: Interaction INT-0011 exhibits low signature alignment (20%). No immediate forensic action required.
SIG-F3F72C18,INT-0012,FUSED-INT-0012,StandardMotorcycleSnatch,0.2,Weak Match,0.148,1,3,ROUTINE RECORD: Interaction INT-0012 exhibits low signature alignment (20%). No immediate forensic action required.
SIG-1AB96F3A,INT-0013,FUSED-INT-0013,StandardMotorcycleSnatch,0.2,Weak Match,0.148,1,3,ROUTINE RECORD: Interaction INT-0013 exhibits low signature alignment (20%). No immediate forensic action required.
SIG-76185955,INT-0014,FUSED-INT-0014,StandardMotorcycleSnatch,0.2,Weak Match,0.148,1,3,ROUTINE RECORD: Interaction INT-0014 exhibits low signature alignment (20%). No immediate forensic action required.
SIG-8845A8CD,INT-0015,FUSED-INT-0015,StandardMotorcycleSnatch,0.2,Weak Match,0.148,1,3,ROUTINE RECORD: Interaction INT-0015 exhibits low signature alignment (20%). No immediate forensic action required.
SIG-66734EE4,INT-0016,FUSED-INT-0016,StandardMotorcycleSnatch,0.2,Weak Match,0.148,1,3,ROUTINE RECORD: Interaction INT-0016 exhibits low signature alignment (20%). No immediate forensic action required.
SIG-F0A9962A,INT-0017,FUSED-INT-0017,StandardMotorcycleSnatch,0.2,Weak Match,0.148,1,3,ROUTINE RECORD: Interaction INT-0017 exhibits low signature alignment (20%). No immediate forensic action required.
SIG-9B5168E1,INT-0001,FUSED-INT-0001,StandardMotorcycleSnatch,0.2,Weak Match,0.1681,1,3,ROUTINE RECORD: Interaction INT-0001 exhibits low signature alignment (20%). No immediate forensic action required.
SIG-C7BA758A,INT-0002,FUSED-INT-0002,StandardMotorcycleSnatch,0.8,High Confidence Match,0.6634,3,1,FLAGGED FOR HIGH-PRIORITY FORENSIC REVIEW: Interaction INT-0002 exhibits strong signature alignment (80%). Export forensic video clip for investigation.
SIG-51C27502,INT-0003,FUSED-INT-0003,StandardMotorcycleSnatch,0.4,Weak Match,0.3076,2,2,ROUTINE RECORD: Interaction INT-0003 exhibits low signature alignment (40%). No immediate forensic action required.
SIG-28BF91B1,INT-0004,FUSED-INT-0004,StandardMotorcycleSnatch,0.4,Weak Match,0.31,2,2,ROUTINE RECORD: Interaction INT-0004 exhibits low signature alignment (40%). No immediate forensic action required.
SIG-3533C7A6,INT-0005,FUSED-INT-0005,StandardMotorcycleSnatch,0.2,Weak Match,0.1367,1,3,ROUTINE RECORD: Interaction INT-0005 exhibits low signature alignment (20%). No immediate forensic action required.
SIG-74FFED2A,INT-0006,FUSED-INT-0006,StandardMotorcycleSnatch,0.2,Weak Match,0.1461,1,3,ROUTINE RECORD: Interaction INT-0006 exhibits low signature alignment (20%). No immediate forensic action required.
SIG-6C7ECD4A,INT-0007,FUSED-INT-0007,StandardMotorcycleSnatch,0.2,Weak Match,0.1692,1,3,ROUTINE RECORD: Interaction INT-0007 exhibits low signature alignment (20%). No immediate forensic action required.
SIG-5FE24BEA,INT-0008,FUSED-INT-0008,StandardMotorcycleSnatch,0.2,Weak Match,0.1809,1,3,ROUTINE RECORD: Interaction INT-0008 exhibits low signature alignment (20%). No immediate forensic action required.
SIG-A21EC500,INT-0009,FUSED-INT-0009,StandardMotorcycleSnatch,0.2,Weak Match,0.148,1,3,ROUTINE RECORD: Interaction INT-0009 exhibits low signature alignment (20%). No immediate forensic action required.
SIG-343B92F9,INT-0010,FUSED-INT-0010,StandardMotorcycleSnatch,0.2,Weak Match,0.147,1,3,ROUTINE RECORD: Interaction INT-0010 exhibits low signature alignment (20%). No immediate forensic action required.
SIG-4D2AAF25,INT-0011,FUSED-INT-0011,StandardMotorcycleSnatch,0.2,Weak Match,0.148,1,3,ROUTINE RECORD: Interaction INT-0011 exhibits low signature alignment (20%). No immediate forensic action required.
SIG-5344E02D,INT-0012,FUSED-INT-0012,StandardMotorcycleSnatch,0.2,Weak Match,0.148,1,3,ROUTINE RECORD: Interaction INT-0012 exhibits low signature alignment (20%). No immediate forensic action required.
SIG-8A226616,INT-0013,FUSED-INT-0013,StandardMotorcycleSnatch,0.2,Weak Match,0.148,1,3,ROUTINE RECORD: Interaction INT-0013 exhibits low signature alignment (20%). No immediate forensic action required.
SIG-D26D6C7B,INT-0014,FUSED-INT-0014,StandardMotorcycleSnatch,0.2,Weak Match,0.148,1,3,ROUTINE RECORD: Interaction INT-0014 exhibits low signature alignment (20%). No immediate forensic action required.
SIG-6BA6C7CE,INT-0015,FUSED-INT-0015,StandardMotorcycleSnatch,0.2,Weak Match,0.148,1,3,ROUTINE RECORD: Interaction INT-0015 exhibits low signature alignment (20%). No immediate forensic action required.
SIG-643BA54B,INT-0016,FUSED-INT-0016,StandardMotorcycleSnatch,0.2,Weak Match,0.148,1,3,ROUTINE RECORD: Interaction INT-0016 exhibits low signature alignment (20%). No immediate forensic action required.
SIG-808AC59C,INT-0017,FUSED-INT-0017,StandardMotorcycleSnatch,0.2,Weak Match,0.148,1,3,ROUTINE RECORD: Interaction INT-0017 exhibits low signature alignment (20%). No immediate forensic action required.
SIG-735C3565,INT-0001,FUSED-INT-0001,StandardMotorcycleSnatch,0.2,Weak Match,0.1681,1,3,ROUTINE RECORD: Interaction INT-0001 exhibits low signature alignment (20%). No immediate forensic action required.
SIG-7609F1FD,INT-0002,FUSED-INT-0002,StandardMotorcycleSnatch,0.8,High Confidence Match,0.6634,3,1,FLAGGED FOR HIGH-PRIORITY FORENSIC REVIEW: Interaction INT-0002 exhibits strong signature alignment (80%). Export forensic video clip for investigation.
SIG-93985869,INT-0003,FUSED-INT-0003,StandardMotorcycleSnatch,0.4,Weak Match,0.3076,2,2,ROUTINE RECORD: Interaction INT-0003 exhibits low signature alignment (40%). No immediate forensic action required.
SIG-B87F9A93,INT-0004,FUSED-INT-0004,StandardMotorcycleSnatch,0.4,Weak Match,0.3099,2,2,ROUTINE RECORD: Interaction INT-0004 exhibits low signature alignment (40%). No immediate forensic action required.
SIG-24F10CA3,INT-0005,FUSED-INT-0005,StandardMotorcycleSnatch,0.2,Weak Match,0.1367,1,3,ROUTINE RECORD: Interaction INT-0005 exhibits low signature alignment (20%). No immediate forensic action required.
SIG-7F8990AA,INT-0006,FUSED-INT-0006,StandardMotorcycleSnatch,0.2,Weak Match,0.1461,1,3,ROUTINE RECORD: Interaction INT-0006 exhibits low signature alignment (20%). No immediate forensic action required.
SIG-A95E070B,INT-0007,FUSED-INT-0007,StandardMotorcycleSnatch,0.2,Weak Match,0.1692,1,3,ROUTINE RECORD: Interaction INT-0007 exhibits low signature alignment (20%). No immediate forensic action required.
SIG-B318A9ED,INT-0008,FUSED-INT-0008,StandardMotorcycleSnatch,0.2,Weak Match,0.1809,1,3,ROUTINE RECORD: Interaction INT-0008 exhibits low signature alignment (20%). No immediate forensic action required.
SIG-88D4CE2D,INT-0009,FUSED-INT-0009,StandardMotorcycleSnatch,0.2,Weak Match,0.148,1,3,ROUTINE RECORD: Interaction INT-0009 exhibits low signature alignment (20%). No immediate forensic action required.
SIG-FFD9500A,INT-0010,FUSED-INT-0010,StandardMotorcycleSnatch,0.2,Weak Match,0.147,1,3,ROUTINE RECORD: Interaction INT-0010 exhibits low signature alignment (20%). No immediate forensic action required.
SIG-BF4AE674,INT-0011,FUSED-INT-0011,StandardMotorcycleSnatch,0.2,Weak Match,0.148,1,3,ROUTINE RECORD: Interaction INT-0011 exhibits low signature alignment (20%). No immediate forensic action required.
SIG-B9A725D0,INT-0012,FUSED-INT-0012,StandardMotorcycleSnatch,0.2,Weak Match,0.148,1,3,ROUTINE RECORD: Interaction INT-0012 exhibits low signature alignment (20%). No immediate forensic action required.
SIG-5BC93024,INT-0013,FUSED-INT-0013,StandardMotorcycleSnatch,0.2,Weak Match,0.148,1,3,ROUTINE RECORD: Interaction INT-0013 exhibits low signature alignment (20%). No immediate forensic action required.
SIG-90CFF57A,INT-0014,FUSED-INT-0014,StandardMotorcycleSnatch,0.2,Weak Match,0.148,1,3,ROUTINE RECORD: Interaction INT-0014 exhibits low signature alignment (20%). No immediate forensic action required.
SIG-279CE435,INT-0015,FUSED-INT-0015,StandardMotorcycleSnatch,0.2,Weak Match,0.148,1,3,ROUTINE RECORD: Interaction INT-0015 exhibits low signature alignment (20%). No immediate forensic action required.
SIG-6C5BC9DE,INT-0016,FUSED-INT-0016,StandardMotorcycleSnatch,0.2,Weak Match,0.148,1,3,ROUTINE RECORD: Interaction INT-0016 exhibits low signature alignment (20%). No immediate forensic action required.
SIG-0690BA4B,INT-0017,FUSED-INT-0017,StandardMotorcycleSnatch,0.2,Weak Match,0.148,1,3,ROUTINE RECORD: Interaction INT-0017 exhibits low signature alignment (20%). No immediate forensic action required.
SIG-6BB6ADB9,INT-0001,FUSED-INT-0001,StandardMotorcycleSnatch,0.2,Weak Match,0.1681,1,3,ROUTINE RECORD: Interaction INT-0001 exhibits low signature alignment (20%). No immediate forensic action required.
SIG-BB82DFB3,INT-0002,FUSED-INT-0002,StandardMotorcycleSnatch,0.8,High Confidence Match,0.6634,3,1,FLAGGED FOR HIGH-PRIORITY FORENSIC REVIEW: Interaction INT-0002 exhibits strong signature alignment (80%). Export forensic video clip for investigation.
SIG-B8F69F55,INT-0003,FUSED-INT-0003,StandardMotorcycleSnatch,0.4,Weak Match,0.3076,2,2,ROUTINE RECORD: Interaction INT-0003 exhibits low signature alignment (40%). No immediate forensic action required.
SIG-07AA83FB,INT-0004,FUSED-INT-0004,StandardMotorcycleSnatch,0.4,Weak Match,0.3098,2,2,ROUTINE RECORD: Interaction INT-0004 exhibits low signature alignment (40%). No immediate forensic action required.
SIG-5BB4ADC4,INT-0005,FUSED-INT-0005,StandardMotorcycleSnatch,0.2,Weak Match,0.1367,1,3,ROUTINE RECORD: Interaction INT-0005 exhibits low signature alignment (20%). No immediate forensic action required.
SIG-34D2ED09,INT-0006,FUSED-INT-0006,StandardMotorcycleSnatch,0.2,Weak Match,0.1461,1,3,ROUTINE RECORD: Interaction INT-0006 exhibits low signature alignment (20%). No immediate forensic action required.
SIG-C9DC8727,INT-0007,FUSED-INT-0007,StandardMotorcycleSnatch,0.2,Weak Match,0.1692,1,3,ROUTINE RECORD: Interaction INT-0007 exhibits low signature alignment (20%). No immediate forensic action required.
SIG-D985C1D3,INT-0008,FUSED-INT-0008,StandardMotorcycleSnatch,0.2,Weak Match,0.1809,1,3,ROUTINE RECORD: Interaction INT-0008 exhibits low signature alignment (20%). No immediate forensic action required.
SIG-BC8F6218,INT-0009,FUSED-INT-0009,StandardMotorcycleSnatch,0.2,Weak Match,0.148,1,3,ROUTINE RECORD: Interaction INT-0009 exhibits low signature alignment (20%). No immediate forensic action required.
SIG-FD790A39,INT-0010,FUSED-INT-0010,StandardMotorcycleSnatch,0.2,Weak Match,0.147,1,3,ROUTINE RECORD: Interaction INT-0010 exhibits low signature alignment (20%). No immediate forensic action required.
SIG-3E8C6482,INT-0011,FUSED-INT-0011,StandardMotorcycleSnatch,0.2,Weak Match,0.148,1,3,ROUTINE RECORD: Interaction INT-0011 exhibits low signature alignment (20%). No immediate forensic action required.
SIG-6D7E8FE2,INT-0012,FUSED-INT-0012,StandardMotorcycleSnatch,0.2,Weak Match,0.148,1,3,ROUTINE RECORD: Interaction INT-0012 exhibits low signature alignment (20%). No immediate forensic action required.
SIG-FFB2613B,INT-0013,FUSED-INT-0013,StandardMotorcycleSnatch,0.2,Weak Match,0.148,1,3,ROUTINE RECORD: Interaction INT-0013 exhibits low signature alignment (20%). No immediate forensic action required.
SIG-67D982B7,INT-0014,FUSED-INT-0014,StandardMotorcycleSnatch,0.2,Weak Match,0.148,1,3,ROUTINE RECORD: Interaction INT-0014 exhibits low signature alignment (20%). No immediate forensic action required.
SIG-BEC79295,INT-0015,FUSED-INT-0015,StandardMotorcycleSnatch,0.2,Weak Match,0.148,1,3,ROUTINE RECORD: Interaction INT-0015 exhibits low signature alignment (20%). No immediate forensic action required.
SIG-63B59917,INT-0016,FUSED-INT-0016,StandardMotorcycleSnatch,0.2,Weak Match,0.148,1,3,ROUTINE RECORD: Interaction INT-0016 exhibits low signature alignment (20%). No immediate forensic action required.
SIG-175A0B6C,INT-0017,FUSED-INT-0017,StandardMotorcycleSnatch,0.2,Weak Match,0.148,1,3,ROUTINE RECORD: Interaction INT-0017 exhibits low signature alignment (20%). No immediate forensic action required.
SIG-A6DDBF12,INT-0001,FUSED-INT-0001,StandardMotorcycleSnatch,0.2,Weak Match,0.1681,1,3,ROUTINE RECORD: Interaction INT-0001 exhibits low signature alignment (20%). No immediate forensic action required.
SIG-8E9AAB5C,INT-0002,FUSED-INT-0002,StandardMotorcycleSnatch,0.8,High Confidence Match,0.6634,3,1,FLAGGED FOR HIGH-PRIORITY FORENSIC REVIEW: Interaction INT-0002 exhibits strong signature alignment (80%). Export forensic video clip for investigation.
SIG-25D9B06A,INT-0003,FUSED-INT-0003,StandardMotorcycleSnatch,0.4,Weak Match,0.3076,2,2,ROUTINE RECORD: Interaction INT-0003 exhibits low signature alignment (40%). No immediate forensic action required.
SIG-6F4A6BDD,INT-0004,FUSED-INT-0004,StandardMotorcycleSnatch,0.4,Weak Match,0.3097,2,2,ROUTINE RECORD: Interaction INT-0004 exhibits low signature alignment (40%). No immediate forensic action required.
SIG-67B1BABC,INT-0005,FUSED-INT-0005,StandardMotorcycleSnatch,0.2,Weak Match,0.1367,1,3,ROUTINE RECORD: Interaction INT-0005 exhibits low signature alignment (20%). No immediate forensic action required.
SIG-AAAD68ED,INT-0006,FUSED-INT-0006,StandardMotorcycleSnatch,0.2,Weak Match,0.1461,1,3,ROUTINE RECORD: Interaction INT-0006 exhibits low signature alignment (20%). No immediate forensic action required.
SIG-CABC5821,INT-0007,FUSED-INT-0007,StandardMotorcycleSnatch,0.2,Weak Match,0.1692,1,3,ROUTINE RECORD: Interaction INT-0007 exhibits low signature alignment (20%). No immediate forensic action required.
SIG-FB3EF33A,INT-0008,FUSED-INT-0008,StandardMotorcycleSnatch,0.2,Weak Match,0.1809,1,3,ROUTINE RECORD: Interaction INT-0008 exhibits low signature alignment (20%). No immediate forensic action required.
SIG-C4C4A34E,INT-0009,FUSED-INT-0009,StandardMotorcycleSnatch,0.2,Weak Match,0.148,1,3,ROUTINE RECORD: Interaction INT-0009 exhibits low signature alignment (20%). No immediate forensic action required.
SIG-0D700AA8,INT-0010,FUSED-INT-0010,StandardMotorcycleSnatch,0.2,Weak Match,0.147,1,3,ROUTINE RECORD: Interaction INT-0010 exhibits low signature alignment (20%). No immediate forensic action required.
SIG-A682734F,INT-0011,FUSED-INT-0011,StandardMotorcycleSnatch,0.2,Weak Match,0.148,1,3,ROUTINE RECORD: Interaction INT-0011 exhibits low signature alignment (20%). No immediate forensic action required.
SIG-0FFDBA10,INT-0012,FUSED-INT-0012,StandardMotorcycleSnatch,0.2,Weak Match,0.148,1,3,ROUTINE RECORD: Interaction INT-0012 exhibits low signature alignment (20%). No immediate forensic action required.
SIG-0C08B735,INT-0013,FUSED-INT-0013,StandardMotorcycleSnatch,0.2,Weak Match,0.148,1,3,ROUTINE RECORD: Interaction INT-0013 exhibits low signature alignment (20%). No immediate forensic action required.
SIG-5359B1A2,INT-0014,FUSED-INT-0014,StandardMotorcycleSnatch,0.2,Weak Match,0.148,1,3,ROUTINE RECORD: Interaction INT-0014 exhibits low signature alignment (20%). No immediate forensic action required.
SIG-8EBCF401,INT-0015,FUSED-INT-0015,StandardMotorcycleSnatch,0.2,Weak Match,0.148,1,3,ROUTINE RECORD: Interaction INT-0015 exhibits low signature alignment (20%). No immediate forensic action required.
SIG-D2F27576,INT-0016,FUSED-INT-0016,StandardMotorcycleSnatch,0.2,Weak Match,0.148,1,3,ROUTINE RECORD: Interaction INT-0016 exhibits low signature alignment (20%). No immediate forensic action required.
SIG-9E1297FA,INT-0017,FUSED-INT-0017,StandardMotorcycleSnatch,0.2,Weak Match,0.148,1,3,ROUTINE RECORD: Interaction INT-0017 exhibits low signature alignment (20%). No immediate forensic action required.
SIG-536C9F8C,INT-0001,FUSED-INT-0001,StandardMotorcycleSnatch,0.2,Weak Match,0.1681,1,3,ROUTINE RECORD: Interaction INT-0001 exhibits low signature alignment (20%). No immediate forensic action required.
SIG-660E88F1,INT-0002,FUSED-INT-0002,StandardMotorcycleSnatch,0.8,High Confidence Match,0.6634,3,1,FLAGGED FOR HIGH-PRIORITY FORENSIC REVIEW: Interaction INT-0002 exhibits strong signature alignment (80%). Export forensic video clip for investigation.
SIG-470DEDF6,INT-0003,FUSED-INT-0003,StandardMotorcycleSnatch,0.4,Weak Match,0.3076,2,2,ROUTINE RECORD: Interaction INT-0003 exhibits low signature alignment (40%). No immediate forensic action required.
SIG-417E813D,INT-0004,FUSED-INT-0004,StandardMotorcycleSnatch,0.4,Weak Match,0.3096,2,2,ROUTINE RECORD: Interaction INT-0004 exhibits low signature alignment (40%). No immediate forensic action required.
SIG-DB84C5ED,INT-0005,FUSED-INT-0005,StandardMotorcycleSnatch,0.2,Weak Match,0.1367,1,3,ROUTINE RECORD: Interaction INT-0005 exhibits low signature alignment (20%). No immediate forensic action required.
SIG-2030606F,INT-0006,FUSED-INT-0006,StandardMotorcycleSnatch,0.2,Weak Match,0.1461,1,3,ROUTINE RECORD: Interaction INT-0006 exhibits low signature alignment (20%). No immediate forensic action required.
SIG-1DF724BC,INT-0007,FUSED-INT-0007,StandardMotorcycleSnatch,0.2,Weak Match,0.1692,1,3,ROUTINE RECORD: Interaction INT-0007 exhibits low signature alignment (20%). No immediate forensic action required.
SIG-6E6A8018,INT-0008,FUSED-INT-0008,StandardMotorcycleSnatch,0.2,Weak Match,0.1809,1,3,ROUTINE RECORD: Interaction INT-0008 exhibits low signature alignment (20%). No immediate forensic action required.
SIG-AD5C7B08,INT-0009,FUSED-INT-0009,StandardMotorcycleSnatch,0.2,Weak Match,0.148,1,3,ROUTINE RECORD: Interaction INT-0009 exhibits low signature alignment (20%). No immediate forensic action required.
SIG-A53964A8,INT-0010,FUSED-INT-0010,StandardMotorcycleSnatch,0.2,Weak Match,0.147,1,3,ROUTINE RECORD: Interaction INT-0010 exhibits low signature alignment (20%). No immediate forensic action required.
SIG-2BA19D98,INT-0011,FUSED-INT-0011,StandardMotorcycleSnatch,0.2,Weak Match,0.148,1,3,ROUTINE RECORD: Interaction INT-0011 exhibits low signature alignment (20%). No immediate forensic action required.
SIG-B1D1D3F1,INT-0012,FUSED-INT-0012,StandardMotorcycleSnatch,0.2,Weak Match,0.148,1,3,ROUTINE RECORD: Interaction INT-0012 exhibits low signature alignment (20%). No immediate forensic action required.
SIG-DA1A584D,INT-0013,FUSED-INT-0013,StandardMotorcycleSnatch,0.2,Weak Match,0.148,1,3,ROUTINE RECORD: Interaction INT-0013 exhibits low signature alignment (20%). No immediate forensic action required.
SIG-0B82084C,INT-0014,FUSED-INT-0014,StandardMotorcycleSnatch,0.2,Weak Match,0.148,1,3,ROUTINE RECORD: Interaction INT-0014 exhibits low signature alignment (20%). No immediate forensic action required.
SIG-02A43AD2,INT-0015,FUSED-INT-0015,StandardMotorcycleSnatch,0.2,Weak Match,0.148,1,3,ROUTINE RECORD: Interaction INT-0015 exhibits low signature alignment (20%). No immediate forensic action required.
SIG-0D2A7DAD,INT-0016,FUSED-INT-0016,StandardMotorcycleSnatch,0.2,Weak Match,0.148,1,3,ROUTINE RECORD: Interaction INT-0016 exhibits low signature alignment (20%). No immediate forensic action required.
SIG-4DC793A7,INT-0017,FUSED-INT-0017,StandardMotorcycleSnatch,0.2,Weak Match,0.148,1,3,ROUTINE RECORD: Interaction INT-0017 exhibits low signature alignment (20%). No immediate forensic action required.
SIG-41044F0B,INT-0001,FUSED-INT-0001,StandardMotorcycleSnatch,0.2,Weak Match,0.1681,1,3,ROUTINE RECORD: Interaction INT-0001 exhibits low signature alignment (20%). No immediate forensic action required.
SIG-E1FBC419,INT-0002,FUSED-INT-0002,StandardMotorcycleSnatch,0.8,High Confidence Match,0.6634,3,1,FLAGGED FOR HIGH-PRIORITY FORENSIC REVIEW: Interaction INT-0002 exhibits strong signature alignment (80%). Export forensic video clip for investigation.
SIG-6B833079,INT-0003,FUSED-INT-0003,StandardMotorcycleSnatch,0.4,Weak Match,0.3076,2,2,ROUTINE RECORD: Interaction INT-0003 exhibits low signature alignment (40%). No immediate forensic action required.
SIG-7A8BBFBD,INT-0004,FUSED-INT-0004,StandardMotorcycleSnatch,0.4,Weak Match,0.3096,2,2,ROUTINE RECORD: Interaction INT-0004 exhibits low signature alignment (40%). No immediate forensic action required.
SIG-D9E1EDEC,INT-0005,FUSED-INT-0005,StandardMotorcycleSnatch,0.2,Weak Match,0.1367,1,3,ROUTINE RECORD: Interaction INT-0005 exhibits low signature alignment (20%). No immediate forensic action required.
SIG-357AC024,INT-0006,FUSED-INT-0006,StandardMotorcycleSnatch,0.2,Weak Match,0.1461,1,3,ROUTINE RECORD: Interaction INT-0006 exhibits low signature alignment (20%). No immediate forensic action required.
SIG-4DCBCE99,INT-0007,FUSED-INT-0007,StandardMotorcycleSnatch,0.2,Weak Match,0.1692,1,3,ROUTINE RECORD: Interaction INT-0007 exhibits low signature alignment (20%). No immediate forensic action required.
SIG-A18E7A90,INT-0008,FUSED-INT-0008,StandardMotorcycleSnatch,0.2,Weak Match,0.1809,1,3,ROUTINE RECORD: Interaction INT-0008 exhibits low signature alignment (20%). No immediate forensic action required.
SIG-57FF5556,INT-0009,FUSED-INT-0009,StandardMotorcycleSnatch,0.2,Weak Match,0.148,1,3,ROUTINE RECORD: Interaction INT-0009 exhibits low signature alignment (20%). No immediate forensic action required.
SIG-D72EF05B,INT-0010,FUSED-INT-0010,StandardMotorcycleSnatch,0.2,Weak Match,0.147,1,3,ROUTINE RECORD: Interaction INT-0010 exhibits low signature alignment (20%). No immediate forensic action required.
SIG-E88C5A7A,INT-0011,FUSED-INT-0011,StandardMotorcycleSnatch,0.2,Weak Match,0.148,1,3,ROUTINE RECORD: Interaction INT-0011 exhibits low signature alignment (20%). No immediate forensic action required.
SIG-994B0D5C,INT-0012,FUSED-INT-0012,StandardMotorcycleSnatch,0.2,Weak Match,0.148,1,3,ROUTINE RECORD: Interaction INT-0012 exhibits low signature alignment (20%). No immediate forensic action required.
SIG-09B0F437,INT-0013,FUSED-INT-0013,StandardMotorcycleSnatch,0.2,Weak Match,0.148,1,3,ROUTINE RECORD: Interaction INT-0013 exhibits low signature alignment (20%). No immediate forensic action required.
SIG-766D537D,INT-0014,FUSED-INT-0014,StandardMotorcycleSnatch,0.2,Weak Match,0.148,1,3,ROUTINE RECORD: Interaction INT-0014 exhibits low signature alignment (20%). No immediate forensic action required.
SIG-17EB131F,INT-0015,FUSED-INT-0015,StandardMotorcycleSnatch,0.2,Weak Match,0.148,1,3,ROUTINE RECORD: Interaction INT-0015 exhibits low signature alignment (20%). No immediate forensic action required.
SIG-A49A5FF6,INT-0016,FUSED-INT-0016,StandardMotorcycleSnatch,0.2,Weak Match,0.148,1,3,ROUTINE RECORD: Interaction INT-0016 exhibits low signature alignment (20%). No immediate forensic action required.
SIG-32DFEA90,INT-0017,FUSED-INT-0017,StandardMotorcycleSnatch,0.2,Weak Match,0.148,1,3,ROUTINE RECORD: Interaction INT-0017 exhibits low signature alignment (20%). No immediate forensic action required.
SIG-2181B974,INT-0001,FUSED-INT-0001,StandardMotorcycleSnatch,0.2,Weak Match,0.1681,1,3,ROUTINE RECORD: Interaction INT-0001 exhibits low signature alignment (20%). No immediate forensic action required.
SIG-5D128296,INT-0002,FUSED-INT-0002,StandardMotorcycleSnatch,0.8,High Confidence Match,0.6634,3,1,FLAGGED FOR HIGH-PRIORITY FORENSIC REVIEW: Interaction INT-0002 exhibits strong signature alignment (80%). Export forensic video clip for investigation.
SIG-EA92CA26,INT-0003,FUSED-INT-0003,StandardMotorcycleSnatch,0.4,Weak Match,0.3076,2,2,ROUTINE RECORD: Interaction INT-0003 exhibits low signature alignment (40%). No immediate forensic action required.
SIG-3A93DE2D,INT-0004,FUSED-INT-0004,StandardMotorcycleSnatch,0.4,Weak Match,0.3095,2,2,ROUTINE RECORD: Interaction INT-0004 exhibits low signature alignment (40%). No immediate forensic action required.
SIG-C13FD106,INT-0005,FUSED-INT-0005,StandardMotorcycleSnatch,0.2,Weak Match,0.1367,1,3,ROUTINE RECORD: Interaction INT-0005 exhibits low signature alignment (20%). No immediate forensic action required.
SIG-AAE0B4F1,INT-0006,FUSED-INT-0006,StandardMotorcycleSnatch,0.2,Weak Match,0.1461,1,3,ROUTINE RECORD: Interaction INT-0006 exhibits low signature alignment (20%). No immediate forensic action required.
SIG-FFA7FCF9,INT-0007,FUSED-INT-0007,StandardMotorcycleSnatch,0.2,Weak Match,0.1692,1,3,ROUTINE RECORD: Interaction INT-0007 exhibits low signature alignment (20%). No immediate forensic action required.
SIG-950E70CD,INT-0008,FUSED-INT-0008,StandardMotorcycleSnatch,0.2,Weak Match,0.1809,1,3,ROUTINE RECORD: Interaction INT-0008 exhibits low signature alignment (20%). No immediate forensic action required.
SIG-DFA90496,INT-0009,FUSED-INT-0009,StandardMotorcycleSnatch,0.2,Weak Match,0.148,1,3,ROUTINE RECORD: Interaction INT-0009 exhibits low signature alignment (20%). No immediate forensic action required.
SIG-E761BA87,INT-0010,FUSED-INT-0010,StandardMotorcycleSnatch,0.2,Weak Match,0.147,1,3,ROUTINE RECORD: Interaction INT-0010 exhibits low signature alignment (20%). No immediate forensic action required.
SIG-E0B1BFF4,INT-0011,FUSED-INT-0011,StandardMotorcycleSnatch,0.2,Weak Match,0.148,1,3,ROUTINE RECORD: Interaction INT-0011 exhibits low signature alignment (20%). No immediate forensic action required.
SIG-80F1CE56,INT-0012,FUSED-INT-0012,StandardMotorcycleSnatch,0.2,Weak Match,0.148,1,3,ROUTINE RECORD: Interaction INT-0012 exhibits low signature alignment (20%). No immediate forensic action required.
SIG-861E840F,INT-0013,FUSED-INT-0013,StandardMotorcycleSnatch,0.2,Weak Match,0.148,1,3,ROUTINE RECORD: Interaction INT-0013 exhibits low signature alignment (20%). No immediate forensic action required.
SIG-E71069A7,INT-0014,FUSED-INT-0014,StandardMotorcycleSnatch,0.2,Weak Match,0.148,1,3,ROUTINE RECORD: Interaction INT-0014 exhibits low signature alignment (20%). No immediate forensic action required.
SIG-F87A9111,INT-0015,FUSED-INT-0015,StandardMotorcycleSnatch,0.2,Weak Match,0.148,1,3,ROUTINE RECORD: Interaction INT-0015 exhibits low signature alignment (20%). No immediate forensic action required.
SIG-416C829A,INT-0016,FUSED-INT-0016,StandardMotorcycleSnatch,0.2,Weak Match,0.148,1,3,ROUTINE RECORD: Interaction INT-0016 exhibits low signature alignment (20%). No immediate forensic action required.
SIG-E849980C,INT-0017,FUSED-INT-0017,StandardMotorcycleSnatch,0.2,Weak Match,0.148,1,3,ROUTINE RECORD: Interaction INT-0017 exhibits low signature alignment (20%). No immediate forensic action required.
SIG-68A2F150,INT-0001,FUSED-INT-0001,StandardMotorcycleSnatch,0.2,Weak Match,0.1681,1,3,ROUTINE RECORD: Interaction INT-0001 exhibits low signature alignment (20%). No immediate forensic action required.
SIG-011173C0,INT-0002,FUSED-INT-0002,StandardMotorcycleSnatch,0.8,High Confidence Match,0.6634,3,1,FLAGGED FOR HIGH-PRIORITY FORENSIC REVIEW: Interaction INT-0002 exhibits strong signature alignment (80%). Export forensic video clip for investigation.
SIG-EAAA5678,INT-0003,FUSED-INT-0003,StandardMotorcycleSnatch,0.4,Weak Match,0.3076,2,2,ROUTINE RECORD: Interaction INT-0003 exhibits low signature alignment (40%). No immediate forensic action required.
SIG-2D4EBEC6,INT-0004,FUSED-INT-0004,StandardMotorcycleSnatch,0.4,Weak Match,0.3094,2,2,ROUTINE RECORD: Interaction INT-0004 exhibits low signature alignment (40%). No immediate forensic action required.
SIG-F7AAB772,INT-0005,FUSED-INT-0005,StandardMotorcycleSnatch,0.2,Weak Match,0.1367,1,3,ROUTINE RECORD: Interaction INT-0005 exhibits low signature alignment (20%). No immediate forensic action required.
SIG-9253CBAB,INT-0006,FUSED-INT-0006,StandardMotorcycleSnatch,0.2,Weak Match,0.1461,1,3,ROUTINE RECORD: Interaction INT-0006 exhibits low signature alignment (20%). No immediate forensic action required.
SIG-DC73BE2B,INT-0007,FUSED-INT-0007,StandardMotorcycleSnatch,0.2,Weak Match,0.1692,1,3,ROUTINE RECORD: Interaction INT-0007 exhibits low signature alignment (20%). No immediate forensic action required.
SIG-2F073810,INT-0008,FUSED-INT-0008,StandardMotorcycleSnatch,0.2,Weak Match,0.1809,1,3,ROUTINE RECORD: Interaction INT-0008 exhibits low signature alignment (20%). No immediate forensic action required.
SIG-31ACAE9C,INT-0009,FUSED-INT-0009,StandardMotorcycleSnatch,0.2,Weak Match,0.148,1,3,ROUTINE RECORD: Interaction INT-0009 exhibits low signature alignment (20%). No immediate forensic action required.
SIG-1B54A87D,INT-0010,FUSED-INT-0010,StandardMotorcycleSnatch,0.2,Weak Match,0.147,1,3,ROUTINE RECORD: Interaction INT-0010 exhibits low signature alignment (20%). No immediate forensic action required.
SIG-3C796198,INT-0011,FUSED-INT-0011,StandardMotorcycleSnatch,0.2,Weak Match,0.148,1,3,ROUTINE RECORD: Interaction INT-0011 exhibits low signature alignment (20%). No immediate forensic action required.
SIG-2DFE926F,INT-0012,FUSED-INT-0012,StandardMotorcycleSnatch,0.2,Weak Match,0.148,1,3,ROUTINE RECORD: Interaction INT-0012 exhibits low signature alignment (20%). No immediate forensic action required.
SIG-BE94061C,INT-0013,FUSED-INT-0013,StandardMotorcycleSnatch,0.2,Weak Match,0.148,1,3,ROUTINE RECORD: Interaction INT-0013 exhibits low signature alignment (20%). No immediate forensic action required.
SIG-43B8656A,INT-0014,FUSED-INT-0014,StandardMotorcycleSnatch,0.2,Weak Match,0.148,1,3,ROUTINE RECORD: Interaction INT-0014 exhibits low signature alignment (20%). No immediate forensic action required.
SIG-88D7AFA6,INT-0015,FUSED-INT-0015,StandardMotorcycleSnatch,0.2,Weak Match,0.148,1,3,ROUTINE RECORD: Interaction INT-0015 exhibits low signature alignment (20%). No immediate forensic action required.
SIG-D8D5C1CB,INT-0016,FUSED-INT-0016,StandardMotorcycleSnatch,0.2,Weak Match,0.148,1,3,ROUTINE RECORD: Interaction INT-0016 exhibits low signature alignment (20%). No immediate forensic action required.
SIG-C7B2D8B9,INT-0017,FUSED-INT-0017,StandardMotorcycleSnatch,0.2,Weak Match,0.148,1,3,ROUTINE RECORD: Interaction INT-0017 exhibits low signature alignment (20%). No immediate forensic action required.
SIG-60CD93E7,INT-0001,FUSED-INT-0001,StandardMotorcycleSnatch,0.2,Weak Match,0.1681,1,3,ROUTINE RECORD: Interaction INT-0001 exhibits low signature alignment (20%). No immediate forensic action required.
SIG-4C54D8D6,INT-0002,FUSED-INT-0002,StandardMotorcycleSnatch,0.8,High Confidence Match,0.6634,3,1,FLAGGED FOR HIGH-PRIORITY FORENSIC REVIEW: Interaction INT-0002 exhibits strong signature alignment (80%). Export forensic video clip for investigation.
SIG-0F4838BB,INT-0003,FUSED-INT-0003,StandardMotorcycleSnatch,0.4,Weak Match,0.3076,2,2,ROUTINE RECORD: Interaction INT-0003 exhibits low signature alignment (40%). No immediate forensic action required.
SIG-1B3946A3,INT-0004,FUSED-INT-0004,StandardMotorcycleSnatch,0.4,Weak Match,0.3094,2,2,ROUTINE RECORD: Interaction INT-0004 exhibits low signature alignment (40%). No immediate forensic action required.
SIG-FE3A7ABF,INT-0005,FUSED-INT-0005,StandardMotorcycleSnatch,0.2,Weak Match,0.1367,1,3,ROUTINE RECORD: Interaction INT-0005 exhibits low signature alignment (20%). No immediate forensic action required.
SIG-5F4C1C7A,INT-0006,FUSED-INT-0006,StandardMotorcycleSnatch,0.2,Weak Match,0.1461,1,3,ROUTINE RECORD: Interaction INT-0006 exhibits low signature alignment (20%). No immediate forensic action required.
SIG-C5F2ADE4,INT-0007,FUSED-INT-0007,StandardMotorcycleSnatch,0.2,Weak Match,0.1692,1,3,ROUTINE RECORD: Interaction INT-0007 exhibits low signature alignment (20%). No immediate forensic action required.
SIG-BFBDC7CD,INT-0008,FUSED-INT-0008,StandardMotorcycleSnatch,0.2,Weak Match,0.1809,1,3,ROUTINE RECORD: Interaction INT-0008 exhibits low signature alignment (20%). No immediate forensic action required.
SIG-8152E38F,INT-0009,FUSED-INT-0009,StandardMotorcycleSnatch,0.2,Weak Match,0.148,1,3,ROUTINE RECORD: Interaction INT-0009 exhibits low signature alignment (20%). No immediate forensic action required.
SIG-276F627A,INT-0010,FUSED-INT-0010,StandardMotorcycleSnatch,0.2,Weak Match,0.147,1,3,ROUTINE RECORD: Interaction INT-0010 exhibits low signature alignment (20%). No immediate forensic action required.
SIG-A346564D,INT-0011,FUSED-INT-0011,StandardMotorcycleSnatch,0.2,Weak Match,0.148,1,3,ROUTINE RECORD: Interaction INT-0011 exhibits low signature alignment (20%). No immediate forensic action required.
SIG-66D2599C,INT-0012,FUSED-INT-0012,StandardMotorcycleSnatch,0.2,Weak Match,0.148,1,3,ROUTINE RECORD: Interaction INT-0012 exhibits low signature alignment (20%). No immediate forensic action required.
SIG-B1554607,INT-0013,FUSED-INT-0013,StandardMotorcycleSnatch,0.2,Weak Match,0.148,1,3,ROUTINE RECORD: Interaction INT-0013 exhibits low signature alignment (20%). No immediate forensic action required.
SIG-EB697665,INT-0014,FUSED-INT-0014,StandardMotorcycleSnatch,0.2,Weak Match,0.148,1,3,ROUTINE RECORD: Interaction INT-0014 exhibits low signature alignment (20%). No immediate forensic action required.
SIG-F91A721B,INT-0015,FUSED-INT-0015,StandardMotorcycleSnatch,0.2,Weak Match,0.148,1,3,ROUTINE RECORD: Interaction INT-0015 exhibits low signature alignment (20%). No immediate forensic action required.
SIG-AB7445F8,INT-0016,FUSED-INT-0016,StandardMotorcycleSnatch,0.2,Weak Match,0.148,1,3,ROUTINE RECORD: Interaction INT-0016 exhibits low signature alignment (20%). No immediate forensic action required.
SIG-B76655A4,INT-0017,FUSED-INT-0017,StandardMotorcycleSnatch,0.2,Weak Match,0.148,1,3,ROUTINE RECORD: Interaction INT-0017 exhibits low signature alignment (20%). No immediate forensic action required.
SIG-D12A85FC,INT-0001,FUSED-INT-0001,StandardMotorcycleSnatch,0.2,Weak Match,0.1681,1,3,ROUTINE RECORD: Interaction INT-0001 exhibits low signature alignment (20%). No immediate forensic action required.
SIG-41D26AE3,INT-0002,FUSED-INT-0002,StandardMotorcycleSnatch,0.8,High Confidence Match,0.6634,3,1,FLAGGED FOR HIGH-PRIORITY FORENSIC REVIEW: Interaction INT-0002 exhibits strong signature alignment (80%). Export forensic video clip for investigation.
SIG-C1411702,INT-0003,FUSED-INT-0003,StandardMotorcycleSnatch,0.4,Weak Match,0.3076,2,2,ROUTINE RECORD: Interaction INT-0003 exhibits low signature alignment (40%). No immediate forensic action required.
SIG-55E55EFD,INT-0004,FUSED-INT-0004,StandardMotorcycleSnatch,0.4,Weak Match,0.3093,2,2,ROUTINE RECORD: Interaction INT-0004 exhibits low signature alignment (40%). No immediate forensic action required.
SIG-7267DE77,INT-0005,FUSED-INT-0005,StandardMotorcycleSnatch,0.2,Weak Match,0.1367,1,3,ROUTINE RECORD: Interaction INT-0005 exhibits low signature alignment (20%). No immediate forensic action required.
SIG-D22DF0D1,INT-0006,FUSED-INT-0006,StandardMotorcycleSnatch,0.2,Weak Match,0.1461,1,3,ROUTINE RECORD: Interaction INT-0006 exhibits low signature alignment (20%). No immediate forensic action required.
SIG-82C2723F,INT-0007,FUSED-INT-0007,StandardMotorcycleSnatch,0.2,Weak Match,0.1692,1,3,ROUTINE RECORD: Interaction INT-0007 exhibits low signature alignment (20%). No immediate forensic action required.
SIG-49509E1F,INT-0008,FUSED-INT-0008,StandardMotorcycleSnatch,0.2,Weak Match,0.1809,1,3,ROUTINE RECORD: Interaction INT-0008 exhibits low signature alignment (20%). No immediate forensic action required.
SIG-0B44FD48,INT-0009,FUSED-INT-0009,StandardMotorcycleSnatch,0.2,Weak Match,0.148,1,3,ROUTINE RECORD: Interaction INT-0009 exhibits low signature alignment (20%). No immediate forensic action required.
SIG-772C7A04,INT-0010,FUSED-INT-0010,StandardMotorcycleSnatch,0.2,Weak Match,0.147,1,3,ROUTINE RECORD: Interaction INT-0010 exhibits low signature alignment (20%). No immediate forensic action required.
SIG-51D432E9,INT-0011,FUSED-INT-0011,StandardMotorcycleSnatch,0.2,Weak Match,0.148,1,3,ROUTINE RECORD: Interaction INT-0011 exhibits low signature alignment (20%). No immediate forensic action required.
SIG-2B36906E,INT-0012,FUSED-INT-0012,StandardMotorcycleSnatch,0.2,Weak Match,0.148,1,3,ROUTINE RECORD: Interaction INT-0012 exhibits low signature alignment (20%). No immediate forensic action required.
SIG-8EAFD472,INT-0013,FUSED-INT-0013,StandardMotorcycleSnatch,0.2,Weak Match,0.148,1,3,ROUTINE RECORD: Interaction INT-0013 exhibits low signature alignment (20%). No immediate forensic action required.
SIG-85EF152D,INT-0014,FUSED-INT-0014,StandardMotorcycleSnatch,0.2,Weak Match,0.148,1,3,ROUTINE RECORD: Interaction INT-0014 exhibits low signature alignment (20%). No immediate forensic action required.
SIG-C9E67D7D,INT-0015,FUSED-INT-0015,StandardMotorcycleSnatch,0.2,Weak Match,0.148,1,3,ROUTINE RECORD: Interaction INT-0015 exhibits low signature alignment (20%). No immediate forensic action required.
SIG-1C0E4487,INT-0016,FUSED-INT-0016,StandardMotorcycleSnatch,0.2,Weak Match,0.148,1,3,ROUTINE RECORD: Interaction INT-0016 exhibits low signature alignment (20%). No immediate forensic action required.
SIG-88D8D8AD,INT-0017,FUSED-INT-0017,StandardMotorcycleSnatch,0.2,Weak Match,0.148,1,3,ROUTINE RECORD: Interaction INT-0017 exhibits low signature alignment (20%). No immediate forensic action required.
SIG-976C3E36,INT-0001,FUSED-INT-0001,StandardMotorcycleSnatch,0.2,Weak Match,0.1681,1,3,ROUTINE RECORD: Interaction INT-0001 exhibits low signature alignment (20%). No immediate forensic action required.
SIG-E7058BCE,INT-0002,FUSED-INT-0002,StandardMotorcycleSnatch,0.8,High Confidence Match,0.6634,3,1,FLAGGED FOR HIGH-PRIORITY FORENSIC REVIEW: Interaction INT-0002 exhibits strong signature alignment (80%). Export forensic video clip for investigation.
SIG-42BC7BA4,INT-0003,FUSED-INT-0003,StandardMotorcycleSnatch,0.4,Weak Match,0.3076,2,2,ROUTINE RECORD: Interaction INT-0003 exhibits low signature alignment (40%). No immediate forensic action required.
SIG-5DD48AA8,INT-0004,FUSED-INT-0004,StandardMotorcycleSnatch,0.4,Weak Match,0.3092,2,2,ROUTINE RECORD: Interaction INT-0004 exhibits low signature alignment (40%). No immediate forensic action required.
SIG-F1DDC45F,INT-0005,FUSED-INT-0005,StandardMotorcycleSnatch,0.2,Weak Match,0.1367,1,3,ROUTINE RECORD: Interaction INT-0005 exhibits low signature alignment (20%). No immediate forensic action required.
SIG-27CAD4EA,INT-0006,FUSED-INT-0006,StandardMotorcycleSnatch,0.2,Weak Match,0.1461,1,3,ROUTINE RECORD: Interaction INT-0006 exhibits low signature alignment (20%). No immediate forensic action required.
SIG-A11A9FA6,INT-0007,FUSED-INT-0007,StandardMotorcycleSnatch,0.2,Weak Match,0.1692,1,3,ROUTINE RECORD: Interaction INT-0007 exhibits low signature alignment (20%). No immediate forensic action required.
SIG-24CE0405,INT-0008,FUSED-INT-0008,StandardMotorcycleSnatch,0.2,Weak Match,0.1809,1,3,ROUTINE RECORD: Interaction INT-0008 exhibits low signature alignment (20%). No immediate forensic action required.
SIG-453DFC63,INT-0009,FUSED-INT-0009,StandardMotorcycleSnatch,0.2,Weak Match,0.148,1,3,ROUTINE RECORD: Interaction INT-0009 exhibits low signature alignment (20%). No immediate forensic action required.
SIG-6F24FB36,INT-0010,FUSED-INT-0010,StandardMotorcycleSnatch,0.2,Weak Match,0.147,1,3,ROUTINE RECORD: Interaction INT-0010 exhibits low signature alignment (20%). No immediate forensic action required.
SIG-C3FE596E,INT-0011,FUSED-INT-0011,StandardMotorcycleSnatch,0.2,Weak Match,0.148,1,3,ROUTINE RECORD: Interaction INT-0011 exhibits low signature alignment (20%). No immediate forensic action required.
SIG-61E5C73A,INT-0012,FUSED-INT-0012,StandardMotorcycleSnatch,0.2,Weak Match,0.148,1,3,ROUTINE RECORD: Interaction INT-0012 exhibits low signature alignment (20%). No immediate forensic action required.
SIG-264978F5,INT-0013,FUSED-INT-0013,StandardMotorcycleSnatch,0.2,Weak Match,0.148,1,3,ROUTINE RECORD: Interaction INT-0013 exhibits low signature alignment (20%). No immediate forensic action required.
SIG-FDF44BF7,INT-0014,FUSED-INT-0014,StandardMotorcycleSnatch,0.2,Weak Match,0.148,1,3,ROUTINE RECORD: Interaction INT-0014 exhibits low signature alignment (20%). No immediate forensic action required.
SIG-999ABD36,INT-0015,FUSED-INT-0015,StandardMotorcycleSnatch,0.2,Weak Match,0.148,1,3,ROUTINE RECORD: Interaction INT-0015 exhibits low signature alignment (20%). No immediate forensic action required.
SIG-305DF1E8,INT-0016,FUSED-INT-0016,StandardMotorcycleSnatch,0.2,Weak Match,0.148,1,3,ROUTINE RECORD: Interaction INT-0016 exhibits low signature alignment (20%). No immediate forensic action required.
SIG-52B91184,INT-0017,FUSED-INT-0017,StandardMotorcycleSnatch,0.2,Weak Match,0.148,1,3,ROUTINE RECORD: Interaction INT-0017 exhibits low signature alignment (20%). No immediate forensic action required.
SIG-5D2D6E30,INT-0001,FUSED-INT-0001,StandardMotorcycleSnatch,0.2,Weak Match,0.1681,1,3,ROUTINE RECORD: Interaction INT-0001 exhibits low signature alignment (20%). No immediate forensic action required.
SIG-C729C695,INT-0002,FUSED-INT-0002,StandardMotorcycleSnatch,0.8,High Confidence Match,0.6634,3,1,FLAGGED FOR HIGH-PRIORITY FORENSIC REVIEW: Interaction INT-0002 exhibits strong signature alignment (80%). Export forensic video clip for investigation.
SIG-3486B8D9,INT-0003,FUSED-INT-0003,StandardMotorcycleSnatch,0.4,Weak Match,0.3076,2,2,ROUTINE RECORD: Interaction INT-0003 exhibits low signature alignment (40%). No immediate forensic action required.
SIG-587C3B5B,INT-0004,FUSED-INT-0004,StandardMotorcycleSnatch,0.4,Weak Match,0.3092,2,2,ROUTINE RECORD: Interaction INT-0004 exhibits low signature alignment (40%). No immediate forensic action required.
SIG-FAEABD59,INT-0005,FUSED-INT-0005,StandardMotorcycleSnatch,0.2,Weak Match,0.1367,1,3,ROUTINE RECORD: Interaction INT-0005 exhibits low signature alignment (20%). No immediate forensic action required.
SIG-D17F883A,INT-0006,FUSED-INT-0006,StandardMotorcycleSnatch,0.2,Weak Match,0.1461,1,3,ROUTINE RECORD: Interaction INT-0006 exhibits low signature alignment (20%). No immediate forensic action required.
SIG-46E36AD6,INT-0007,FUSED-INT-0007,StandardMotorcycleSnatch,0.2,Weak Match,0.1692,1,3,ROUTINE RECORD: Interaction INT-0007 exhibits low signature alignment (20%). No immediate forensic action required.
SIG-94DF416F,INT-0008,FUSED-INT-0008,StandardMotorcycleSnatch,0.2,Weak Match,0.1809,1,3,ROUTINE RECORD: Interaction INT-0008 exhibits low signature alignment (20%). No immediate forensic action required.
SIG-B5DAAA59,INT-0009,FUSED-INT-0009,StandardMotorcycleSnatch,0.2,Weak Match,0.148,1,3,ROUTINE RECORD: Interaction INT-0009 exhibits low signature alignment (20%). No immediate forensic action required.
SIG-91B7482C,INT-0010,FUSED-INT-0010,StandardMotorcycleSnatch,0.2,Weak Match,0.147,1,3,ROUTINE RECORD: Interaction INT-0010 exhibits low signature alignment (20%). No immediate forensic action required.
SIG-6E413CFE,INT-0011,FUSED-INT-0011,StandardMotorcycleSnatch,0.2,Weak Match,0.148,1,3,ROUTINE RECORD: Interaction INT-0011 exhibits low signature alignment (20%). No immediate forensic action required.
SIG-A2D76AEF,INT-0012,FUSED-INT-0012,StandardMotorcycleSnatch,0.2,Weak Match,0.148,1,3,ROUTINE RECORD: Interaction INT-0012 exhibits low signature alignment (20%). No immediate forensic action required.
SIG-34181683,INT-0013,FUSED-INT-0013,StandardMotorcycleSnatch,0.2,Weak Match,0.148,1,3,ROUTINE RECORD: Interaction INT-0013 exhibits low signature alignment (20%). No immediate forensic action required.
SIG-689E9E34,INT-0014,FUSED-INT-0014,StandardMotorcycleSnatch,0.2,Weak Match,0.148,1,3,ROUTINE RECORD: Interaction INT-0014 exhibits low signature alignment (20%). No immediate forensic action required.
SIG-EF80ADF3,INT-0015,FUSED-INT-0015,StandardMotorcycleSnatch,0.2,Weak Match,0.148,1,3,ROUTINE RECORD: Interaction INT-0015 exhibits low signature alignment (20%). No immediate forensic action required.
SIG-A417A1B5,INT-0016,FUSED-INT-0016,StandardMotorcycleSnatch,0.2,Weak Match,0.148,1,3,ROUTINE RECORD: Interaction INT-0016 exhibits low signature alignment (20%). No immediate forensic action required.
SIG-D3C4264A,INT-0017,FUSED-INT-0017,StandardMotorcycleSnatch,0.2,Weak Match,0.148,1,3,ROUTINE RECORD: Interaction INT-0017 exhibits low signature alignment (20%). No immediate forensic action required.
SIG-3759E8A7,INT-0001,FUSED-INT-0001,StandardMotorcycleSnatch,0.2,Weak Match,0.1681,1,3,ROUTINE RECORD: Interaction INT-0001 exhibits low signature alignment (20%). No immediate forensic action required.
SIG-D48C3515,INT-0002,FUSED-INT-0002,StandardMotorcycleSnatch,0.8,High Confidence Match,0.6634,3,1,FLAGGED FOR HIGH-PRIORITY FORENSIC REVIEW: Interaction INT-0002 exhibits strong signature alignment (80%). Export forensic video clip for investigation.
SIG-D4A5DFE5,INT-0003,FUSED-INT-0003,StandardMotorcycleSnatch,0.4,Weak Match,0.3076,2,2,ROUTINE RECORD: Interaction INT-0003 exhibits low signature alignment (40%). No immediate forensic action required.
SIG-C3339235,INT-0004,FUSED-INT-0004,StandardMotorcycleSnatch,0.4,Weak Match,0.3091,2,2,ROUTINE RECORD: Interaction INT-0004 exhibits low signature alignment (40%). No immediate forensic action required.
SIG-ECE9A468,INT-0005,FUSED-INT-0005,StandardMotorcycleSnatch,0.2,Weak Match,0.1367,1,3,ROUTINE RECORD: Interaction INT-0005 exhibits low signature alignment (20%). No immediate forensic action required.
SIG-FC3D6024,INT-0006,FUSED-INT-0006,StandardMotorcycleSnatch,0.2,Weak Match,0.1461,1,3,ROUTINE RECORD: Interaction INT-0006 exhibits low signature alignment (20%). No immediate forensic action required.
SIG-AED02522,INT-0007,FUSED-INT-0007,StandardMotorcycleSnatch,0.2,Weak Match,0.1692,1,3,ROUTINE RECORD: Interaction INT-0007 exhibits low signature alignment (20%). No immediate forensic action required.
SIG-60341E56,INT-0008,FUSED-INT-0008,StandardMotorcycleSnatch,0.2,Weak Match,0.1809,1,3,ROUTINE RECORD: Interaction INT-0008 exhibits low signature alignment (20%). No immediate forensic action required.
SIG-013EAD6F,INT-0009,FUSED-INT-0009,StandardMotorcycleSnatch,0.2,Weak Match,0.148,1,3,ROUTINE RECORD: Interaction INT-0009 exhibits low signature alignment (20%). No immediate forensic action required.
SIG-18E90EE4,INT-0010,FUSED-INT-0010,StandardMotorcycleSnatch,0.2,Weak Match,0.147,1,3,ROUTINE RECORD: Interaction INT-0010 exhibits low signature alignment (20%). No immediate forensic action required.
SIG-4F713B6E,INT-0011,FUSED-INT-0011,StandardMotorcycleSnatch,0.2,Weak Match,0.148,1,3,ROUTINE RECORD: Interaction INT-0011 exhibits low signature alignment (20%). No immediate forensic action required.
SIG-B8DC918C,INT-0012,FUSED-INT-0012,StandardMotorcycleSnatch,0.2,Weak Match,0.148,1,3,ROUTINE RECORD: Interaction INT-0012 exhibits low signature alignment (20%). No immediate forensic action required.
SIG-7BA7296A,INT-0013,FUSED-INT-0013,StandardMotorcycleSnatch,0.2,Weak Match,0.148,1,3,ROUTINE RECORD: Interaction INT-0013 exhibits low signature alignment (20%). No immediate forensic action required.
SIG-38917CDE,INT-0014,FUSED-INT-0014,StandardMotorcycleSnatch,0.2,Weak Match,0.148,1,3,ROUTINE RECORD: Interaction INT-0014 exhibits low signature alignment (20%). No immediate forensic action required.
SIG-DD725244,INT-0015,FUSED-INT-0015,StandardMotorcycleSnatch,0.2,Weak Match,0.148,1,3,ROUTINE RECORD: Interaction INT-0015 exhibits low signature alignment (20%). No immediate forensic action required.
SIG-C7AE6DBA,INT-0016,FUSED-INT-0016,StandardMotorcycleSnatch,0.2,Weak Match,0.148,1,3,ROUTINE RECORD: Interaction INT-0016 exhibits low signature alignment (20%). No immediate forensic action required.
SIG-16A5B264,INT-0017,FUSED-INT-0017,StandardMotorcycleSnatch,0.2,Weak Match,0.148,1,3,ROUTINE RECORD: Interaction INT-0017 exhibits low signature alignment (20%). No immediate forensic action required.
SIG-A929A73F,INT-0001,FUSED-INT-0001,StandardMotorcycleSnatch,0.2,Weak Match,0.1681,1,3,ROUTINE RECORD: Interaction INT-0001 exhibits low signature alignment (20%). No immediate forensic action required.
SIG-434C661A,INT-0002,FUSED-INT-0002,StandardMotorcycleSnatch,0.8,High Confidence Match,0.6634,3,1,FLAGGED FOR HIGH-PRIORITY FORENSIC REVIEW: Interaction INT-0002 exhibits strong signature alignment (80%). Export forensic video clip for investigation.
SIG-624E6165,INT-0003,FUSED-INT-0003,StandardMotorcycleSnatch,0.4,Weak Match,0.3076,2,2,ROUTINE RECORD: Interaction INT-0003 exhibits low signature alignment (40%). No immediate forensic action required.
SIG-DE8BF5D6,INT-0004,FUSED-INT-0004,StandardMotorcycleSnatch,0.4,Weak Match,0.309,2,2,ROUTINE RECORD: Interaction INT-0004 exhibits low signature alignment (40%). No immediate forensic action required.
SIG-F9B61703,INT-0005,FUSED-INT-0005,StandardMotorcycleSnatch,0.2,Weak Match,0.1367,1,3,ROUTINE RECORD: Interaction INT-0005 exhibits low signature alignment (20%). No immediate forensic action required.
SIG-DE1EF92D,INT-0006,FUSED-INT-0006,StandardMotorcycleSnatch,0.2,Weak Match,0.1461,1,3,ROUTINE RECORD: Interaction INT-0006 exhibits low signature alignment (20%). No immediate forensic action required.
SIG-AA5E9D05,INT-0007,FUSED-INT-0007,StandardMotorcycleSnatch,0.2,Weak Match,0.1692,1,3,ROUTINE RECORD: Interaction INT-0007 exhibits low signature alignment (20%). No immediate forensic action required.
SIG-6886D381,INT-0008,FUSED-INT-0008,StandardMotorcycleSnatch,0.2,Weak Match,0.1809,1,3,ROUTINE RECORD: Interaction INT-0008 exhibits low signature alignment (20%). No immediate forensic action required.
SIG-6AC9B5A2,INT-0009,FUSED-INT-0009,StandardMotorcycleSnatch,0.2,Weak Match,0.148,1,3,ROUTINE RECORD: Interaction INT-0009 exhibits low signature alignment (20%). No immediate forensic action required.
SIG-A901FFD4,INT-0010,FUSED-INT-0010,StandardMotorcycleSnatch,0.2,Weak Match,0.147,1,3,ROUTINE RECORD: Interaction INT-0010 exhibits low signature alignment (20%). No immediate forensic action required.
SIG-7B6E9869,INT-0011,FUSED-INT-0011,StandardMotorcycleSnatch,0.2,Weak Match,0.148,1,3,ROUTINE RECORD: Interaction INT-0011 exhibits low signature alignment (20%). No immediate forensic action required.
SIG-87D0BF16,INT-0012,FUSED-INT-0012,StandardMotorcycleSnatch,0.2,Weak Match,0.148,1,3,ROUTINE RECORD: Interaction INT-0012 exhibits low signature alignment (20%). No immediate forensic action required.
SIG-50C1FAF0,INT-0013,FUSED-INT-0013,StandardMotorcycleSnatch,0.2,Weak Match,0.148,1,3,ROUTINE RECORD: Interaction INT-0013 exhibits low signature alignment (20%). No immediate forensic action required.
SIG-38523015,INT-0014,FUSED-INT-0014,StandardMotorcycleSnatch,0.2,Weak Match,0.148,1,3,ROUTINE RECORD: Interaction INT-0014 exhibits low signature alignment (20%). No immediate forensic action required.
SIG-01847FAD,INT-0015,FUSED-INT-0015,StandardMotorcycleSnatch,0.2,Weak Match,0.148,1,3,ROUTINE RECORD: Interaction INT-0015 exhibits low signature alignment (20%). No immediate forensic action required.
SIG-7639C454,INT-0016,FUSED-INT-0016,StandardMotorcycleSnatch,0.2,Weak Match,0.148,1,3,ROUTINE RECORD: Interaction INT-0016 exhibits low signature alignment (20%). No immediate forensic action required.
SIG-444755B1,INT-0017,FUSED-INT-0017,StandardMotorcycleSnatch,0.2,Weak Match,0.148,1,3,ROUTINE RECORD: Interaction INT-0017 exhibits low signature alignment (20%). No immediate forensic action required.
SIG-048FEEB9,INT-0001,FUSED-INT-0001,StandardMotorcycleSnatch,0.2,Weak Match,0.1681,1,3,ROUTINE RECORD: Interaction INT-0001 exhibits low signature alignment (20%). No immediate forensic action required.
SIG-100F6B11,INT-0002,FUSED-INT-0002,StandardMotorcycleSnatch,0.8,High Confidence Match,0.6634,3,1,FLAGGED FOR HIGH-PRIORITY FORENSIC REVIEW: Interaction INT-0002 exhibits strong signature alignment (80%). Export forensic video clip for investigation.
SIG-F6A2C565,INT-0003,FUSED-INT-0003,StandardMotorcycleSnatch,0.4,Weak Match,0.3076,2,2,ROUTINE RECORD: Interaction INT-0003 exhibits low signature alignment (40%). No immediate forensic action required.
SIG-E44FCFFC,INT-0004,FUSED-INT-0004,StandardMotorcycleSnatch,0.4,Weak Match,0.3089,2,2,ROUTINE RECORD: Interaction INT-0004 exhibits low signature alignment (40%). No immediate forensic action required.
SIG-200FD896,INT-0005,FUSED-INT-0005,StandardMotorcycleSnatch,0.2,Weak Match,0.1367,1,3,ROUTINE RECORD: Interaction INT-0005 exhibits low signature alignment (20%). No immediate forensic action required.
SIG-6C80FCA8,INT-0006,FUSED-INT-0006,StandardMotorcycleSnatch,0.2,Weak Match,0.1461,1,3,ROUTINE RECORD: Interaction INT-0006 exhibits low signature alignment (20%). No immediate forensic action required.
SIG-D1E5E406,INT-0007,FUSED-INT-0007,StandardMotorcycleSnatch,0.2,Weak Match,0.1692,1,3,ROUTINE RECORD: Interaction INT-0007 exhibits low signature alignment (20%). No immediate forensic action required.
SIG-6D71F073,INT-0008,FUSED-INT-0008,StandardMotorcycleSnatch,0.2,Weak Match,0.1809,1,3,ROUTINE RECORD: Interaction INT-0008 exhibits low signature alignment (20%). No immediate forensic action required.
SIG-9ED21249,INT-0009,FUSED-INT-0009,StandardMotorcycleSnatch,0.2,Weak Match,0.148,1,3,ROUTINE RECORD: Interaction INT-0009 exhibits low signature alignment (20%). No immediate forensic action required.
SIG-0BF5BE4B,INT-0010,FUSED-INT-0010,StandardMotorcycleSnatch,0.2,Weak Match,0.147,1,3,ROUTINE RECORD: Interaction INT-0010 exhibits low signature alignment (20%). No immediate forensic action required.
SIG-1EEA0E54,INT-0011,FUSED-INT-0011,StandardMotorcycleSnatch,0.2,Weak Match,0.148,1,3,ROUTINE RECORD: Interaction INT-0011 exhibits low signature alignment (20%). No immediate forensic action required.
SIG-D67EA054,INT-0012,FUSED-INT-0012,StandardMotorcycleSnatch,0.2,Weak Match,0.148,1,3,ROUTINE RECORD: Interaction INT-0012 exhibits low signature alignment (20%). No immediate forensic action required.
SIG-3BDA3F64,INT-0013,FUSED-INT-0013,StandardMotorcycleSnatch,0.2,Weak Match,0.148,1,3,ROUTINE RECORD: Interaction INT-0013 exhibits low signature alignment (20%). No immediate forensic action required.
SIG-A4055275,INT-0014,FUSED-INT-0014,StandardMotorcycleSnatch,0.2,Weak Match,0.148,1,3,ROUTINE RECORD: Interaction INT-0014 exhibits low signature alignment (20%). No immediate forensic action required.
SIG-AD77A2D2,INT-0015,FUSED-INT-0015,StandardMotorcycleSnatch,0.2,Weak Match,0.148,1,3,ROUTINE RECORD: Interaction INT-0015 exhibits low signature alignment (20%). No immediate forensic action required.
SIG-E4518A3B,INT-0016,FUSED-INT-0016,StandardMotorcycleSnatch,0.2,Weak Match,0.148,1,3,ROUTINE RECORD: Interaction INT-0016 exhibits low signature alignment (20%). No immediate forensic action required.
SIG-D9077C74,INT-0017,FUSED-INT-0017,StandardMotorcycleSnatch,0.2,Weak Match,0.148,1,3,ROUTINE RECORD: Interaction INT-0017 exhibits low signature alignment (20%). No immediate forensic action required.
SIG-6EDE5904,INT-0001,FUSED-INT-0001,StandardMotorcycleSnatch,0.2,Weak Match,0.1681,1,3,ROUTINE RECORD: Interaction INT-0001 exhibits low signature alignment (20%). No immediate forensic action required.
SIG-AF25E366,INT-0002,FUSED-INT-0002,StandardMotorcycleSnatch,0.8,High Confidence Match,0.6634,3,1,FLAGGED FOR HIGH-PRIORITY FORENSIC REVIEW: Interaction INT-0002 exhibits strong signature alignment (80%). Export forensic video clip for investigation.
SIG-9D5AC9CE,INT-0003,FUSED-INT-0003,StandardMotorcycleSnatch,0.4,Weak Match,0.3076,2,2,ROUTINE RECORD: Interaction INT-0003 exhibits low signature alignment (40%). No immediate forensic action required.
SIG-76C1CAF1,INT-0004,FUSED-INT-0004,StandardMotorcycleSnatch,0.4,Weak Match,0.3088,2,2,ROUTINE RECORD: Interaction INT-0004 exhibits low signature alignment (40%). No immediate forensic action required.
SIG-A65BBE45,INT-0005,FUSED-INT-0005,StandardMotorcycleSnatch,0.2,Weak Match,0.1367,1,3,ROUTINE RECORD: Interaction INT-0005 exhibits low signature alignment (20%). No immediate forensic action required.
SIG-F7CC51E8,INT-0006,FUSED-INT-0006,StandardMotorcycleSnatch,0.2,Weak Match,0.1461,1,3,ROUTINE RECORD: Interaction INT-0006 exhibits low signature alignment (20%). No immediate forensic action required.
SIG-50EAA224,INT-0007,FUSED-INT-0007,StandardMotorcycleSnatch,0.2,Weak Match,0.1692,1,3,ROUTINE RECORD: Interaction INT-0007 exhibits low signature alignment (20%). No immediate forensic action required.
SIG-E5D92232,INT-0008,FUSED-INT-0008,StandardMotorcycleSnatch,0.2,Weak Match,0.1809,1,3,ROUTINE RECORD: Interaction INT-0008 exhibits low signature alignment (20%). No immediate forensic action required.
SIG-4C11C993,INT-0009,FUSED-INT-0009,StandardMotorcycleSnatch,0.2,Weak Match,0.148,1,3,ROUTINE RECORD: Interaction INT-0009 exhibits low signature alignment (20%). No immediate forensic action required.
SIG-FA79EAAC,INT-0010,FUSED-INT-0010,StandardMotorcycleSnatch,0.2,Weak Match,0.147,1,3,ROUTINE RECORD: Interaction INT-0010 exhibits low signature alignment (20%). No immediate forensic action required.
SIG-4273F535,INT-0011,FUSED-INT-0011,StandardMotorcycleSnatch,0.2,Weak Match,0.148,1,3,ROUTINE RECORD: Interaction INT-0011 exhibits low signature alignment (20%). No immediate forensic action required.
SIG-AB371776,INT-0012,FUSED-INT-0012,StandardMotorcycleSnatch,0.2,Weak Match,0.148,1,3,ROUTINE RECORD: Interaction INT-0012 exhibits low signature alignment (20%). No immediate forensic action required.
SIG-6D58CB56,INT-0013,FUSED-INT-0013,StandardMotorcycleSnatch,0.2,Weak Match,0.148,1,3,ROUTINE RECORD: Interaction INT-0013 exhibits low signature alignment (20%). No immediate forensic action required.
SIG-33A16257,INT-0014,FUSED-INT-0014,StandardMotorcycleSnatch,0.2,Weak Match,0.148,1,3,ROUTINE RECORD: Interaction INT-0014 exhibits low signature alignment (20%). No immediate forensic action required.
SIG-AEDEB7FF,INT-0015,FUSED-INT-0015,StandardMotorcycleSnatch,0.2,Weak Match,0.148,1,3,ROUTINE RECORD: Interaction INT-0015 exhibits low signature alignment (20%). No immediate forensic action required.
SIG-581B9FA2,INT-0016,FUSED-INT-0016,StandardMotorcycleSnatch,0.2,Weak Match,0.148,1,3,ROUTINE RECORD: Interaction INT-0016 exhibits low signature alignment (20%). No immediate forensic action required.
SIG-07AEE289,INT-0017,FUSED-INT-0017,StandardMotorcycleSnatch,0.2,Weak Match,0.148,1,3,ROUTINE RECORD: Interaction INT-0017 exhibits low signature alignment (20%). No immediate forensic action required.
SIG-6F00E176,INT-0001,FUSED-INT-0001,StandardMotorcycleSnatch,0.2,Weak Match,0.1681,1,3,ROUTINE RECORD: Interaction INT-0001 exhibits low signature alignment (20%). No immediate forensic action required.
SIG-D8A11C9D,INT-0002,FUSED-INT-0002,StandardMotorcycleSnatch,0.8,High Confidence Match,0.6634,3,1,FLAGGED FOR HIGH-PRIORITY FORENSIC REVIEW: Interaction INT-0002 exhibits strong signature alignment (80%). Export forensic video clip for investigation.
SIG-3287D2AA,INT-0003,FUSED-INT-0003,StandardMotorcycleSnatch,0.4,Weak Match,0.3076,2,2,ROUTINE RECORD: Interaction INT-0003 exhibits low signature alignment (40%). No immediate forensic action required.
SIG-85B573CD,INT-0004,FUSED-INT-0004,StandardMotorcycleSnatch,0.4,Weak Match,0.3087,2,2,ROUTINE RECORD: Interaction INT-0004 exhibits low signature alignment (40%). No immediate forensic action required.
SIG-75E75D6A,INT-0005,FUSED-INT-0005,StandardMotorcycleSnatch,0.2,Weak Match,0.1367,1,3,ROUTINE RECORD: Interaction INT-0005 exhibits low signature alignment (20%). No immediate forensic action required.
SIG-88423E3A,INT-0006,FUSED-INT-0006,StandardMotorcycleSnatch,0.2,Weak Match,0.1461,1,3,ROUTINE RECORD: Interaction INT-0006 exhibits low signature alignment (20%). No immediate forensic action required.
SIG-9C933122,INT-0007,FUSED-INT-0007,StandardMotorcycleSnatch,0.2,Weak Match,0.1692,1,3,ROUTINE RECORD: Interaction INT-0007 exhibits low signature alignment (20%). No immediate forensic action required.
SIG-3CB30A1B,INT-0008,FUSED-INT-0008,StandardMotorcycleSnatch,0.2,Weak Match,0.1809,1,3,ROUTINE RECORD: Interaction INT-0008 exhibits low signature alignment (20%). No immediate forensic action required.
SIG-CDA6AD93,INT-0009,FUSED-INT-0009,StandardMotorcycleSnatch,0.2,Weak Match,0.148,1,3,ROUTINE RECORD: Interaction INT-0009 exhibits low signature alignment (20%). No immediate forensic action required.
SIG-E682D2EE,INT-0010,FUSED-INT-0010,StandardMotorcycleSnatch,0.2,Weak Match,0.147,1,3,ROUTINE RECORD: Interaction INT-0010 exhibits low signature alignment (20%). No immediate forensic action required.
SIG-5BCDE0A4,INT-0011,FUSED-INT-0011,StandardMotorcycleSnatch,0.2,Weak Match,0.148,1,3,ROUTINE RECORD: Interaction INT-0011 exhibits low signature alignment (20%). No immediate forensic action required.
SIG-6A66D433,INT-0012,FUSED-INT-0012,StandardMotorcycleSnatch,0.2,Weak Match,0.148,1,3,ROUTINE RECORD: Interaction INT-0012 exhibits low signature alignment (20%). No immediate forensic action required.
SIG-3E14451C,INT-0013,FUSED-INT-0013,StandardMotorcycleSnatch,0.2,Weak Match,0.148,1,3,ROUTINE RECORD: Interaction INT-0013 exhibits low signature alignment (20%). No immediate forensic action required.
SIG-874ECE96,INT-0014,FUSED-INT-0014,StandardMotorcycleSnatch,0.2,Weak Match,0.148,1,3,ROUTINE RECORD: Interaction INT-0014 exhibits low signature alignment (20%). No immediate forensic action required.
SIG-5F69E4C2,INT-0015,FUSED-INT-0015,StandardMotorcycleSnatch,0.2,Weak Match,0.148,1,3,ROUTINE RECORD: Interaction INT-0015 exhibits low signature alignment (20%). No immediate forensic action required.
SIG-4E206C2B,INT-0016,FUSED-INT-0016,StandardMotorcycleSnatch,0.2,Weak Match,0.148,1,3,ROUTINE RECORD: Interaction INT-0016 exhibits low signature alignment (20%). No immediate forensic action required.
SIG-C489D646,INT-0017,FUSED-INT-0017,StandardMotorcycleSnatch,0.2,Weak Match,0.148,1,3,ROUTINE RECORD: Interaction INT-0017 exhibits low signature alignment (20%). No immediate forensic action required.
SIG-10782725,INT-0001,FUSED-INT-0001,StandardMotorcycleSnatch,0.2,Weak Match,0.1681,1,3,ROUTINE RECORD: Interaction INT-0001 exhibits low signature alignment (20%). No immediate forensic action required.
SIG-C51B4FB3,INT-0002,FUSED-INT-0002,StandardMotorcycleSnatch,0.8,High Confidence Match,0.6634,3,1,FLAGGED FOR HIGH-PRIORITY FORENSIC REVIEW: Interaction INT-0002 exhibits strong signature alignment (80%). Export forensic video clip for investigation.
SIG-126E5ADC,INT-0003,FUSED-INT-0003,StandardMotorcycleSnatch,0.4,Weak Match,0.3076,2,2,ROUTINE RECORD: Interaction INT-0003 exhibits low signature alignment (40%). No immediate forensic action required.
SIG-830BD916,INT-0004,FUSED-INT-0004,StandardMotorcycleSnatch,0.4,Weak Match,0.3086,2,2,ROUTINE RECORD: Interaction INT-0004 exhibits low signature alignment (40%). No immediate forensic action required.
SIG-D3301373,INT-0005,FUSED-INT-0005,StandardMotorcycleSnatch,0.2,Weak Match,0.1367,1,3,ROUTINE RECORD: Interaction INT-0005 exhibits low signature alignment (20%). No immediate forensic action required.
SIG-A2D22E58,INT-0006,FUSED-INT-0006,StandardMotorcycleSnatch,0.2,Weak Match,0.1461,1,3,ROUTINE RECORD: Interaction INT-0006 exhibits low signature alignment (20%). No immediate forensic action required.
SIG-EED7BC04,INT-0007,FUSED-INT-0007,StandardMotorcycleSnatch,0.2,Weak Match,0.1692,1,3,ROUTINE RECORD: Interaction INT-0007 exhibits low signature alignment (20%). No immediate forensic action required.
SIG-EE8A159F,INT-0008,FUSED-INT-0008,StandardMotorcycleSnatch,0.2,Weak Match,0.1809,1,3,ROUTINE RECORD: Interaction INT-0008 exhibits low signature alignment (20%). No immediate forensic action required.
SIG-8902E96B,INT-0009,FUSED-INT-0009,StandardMotorcycleSnatch,0.2,Weak Match,0.148,1,3,ROUTINE RECORD: Interaction INT-0009 exhibits low signature alignment (20%). No immediate forensic action required.
SIG-D0EE9958,INT-0010,FUSED-INT-0010,StandardMotorcycleSnatch,0.2,Weak Match,0.147,1,3,ROUTINE RECORD: Interaction INT-0010 exhibits low signature alignment (20%). No immediate forensic action required.
SIG-1F0543FA,INT-0011,FUSED-INT-0011,StandardMotorcycleSnatch,0.2,Weak Match,0.148,1,3,ROUTINE RECORD: Interaction INT-0011 exhibits low signature alignment (20%). No immediate forensic action required.
SIG-C23D47AF,INT-0012,FUSED-INT-0012,StandardMotorcycleSnatch,0.2,Weak Match,0.148,1,3,ROUTINE RECORD: Interaction INT-0012 exhibits low signature alignment (20%). No immediate forensic action required.
SIG-9278E645,INT-0013,FUSED-INT-0013,StandardMotorcycleSnatch,0.2,Weak Match,0.148,1,3,ROUTINE RECORD: Interaction INT-0013 exhibits low signature alignment (20%). No immediate forensic action required.
SIG-D63D296D,INT-0014,FUSED-INT-0014,StandardMotorcycleSnatch,0.2,Weak Match,0.148,1,3,ROUTINE RECORD: Interaction INT-0014 exhibits low signature alignment (20%). No immediate forensic action required.
SIG-2A02AA57,INT-0015,FUSED-INT-0015,StandardMotorcycleSnatch,0.2,Weak Match,0.148,1,3,ROUTINE RECORD: Interaction INT-0015 exhibits low signature alignment (20%). No immediate forensic action required.
SIG-66E81C5D,INT-0016,FUSED-INT-0016,StandardMotorcycleSnatch,0.2,Weak Match,0.148,1,3,ROUTINE RECORD: Interaction INT-0016 exhibits low signature alignment (20%). No immediate forensic action required.
SIG-9BA481DE,INT-0017,FUSED-INT-0017,StandardMotorcycleSnatch,0.2,Weak Match,0.148,1,3,ROUTINE RECORD: Interaction INT-0017 exhibits low signature alignment (20%). No immediate forensic action required.
SIG-9DDB9F27,INT-0001,FUSED-INT-0001,StandardMotorcycleSnatch,0.2,Weak Match,0.1681,1,3,ROUTINE RECORD: Interaction INT-0001 exhibits low signature alignment (20%). No immediate forensic action required.
SIG-945A3F83,INT-0002,FUSED-INT-0002,StandardMotorcycleSnatch,0.8,High Confidence Match,0.6634,3,1,FLAGGED FOR HIGH-PRIORITY FORENSIC REVIEW: Interaction INT-0002 exhibits strong signature alignment (80%). Export forensic video clip for investigation.
SIG-FA7B0780,INT-0003,FUSED-INT-0003,StandardMotorcycleSnatch,0.4,Weak Match,0.3076,2,2,ROUTINE RECORD: Interaction INT-0003 exhibits low signature alignment (40%). No immediate forensic action required.
SIG-82A06979,INT-0004,FUSED-INT-0004,StandardMotorcycleSnatch,0.4,Weak Match,0.3086,2,2,ROUTINE RECORD: Interaction INT-0004 exhibits low signature alignment (40%). No immediate forensic action required.
SIG-437784B1,INT-0005,FUSED-INT-0005,StandardMotorcycleSnatch,0.2,Weak Match,0.1367,1,3,ROUTINE RECORD: Interaction INT-0005 exhibits low signature alignment (20%). No immediate forensic action required.
SIG-B379D19D,INT-0006,FUSED-INT-0006,StandardMotorcycleSnatch,0.2,Weak Match,0.1461,1,3,ROUTINE RECORD: Interaction INT-0006 exhibits low signature alignment (20%). No immediate forensic action required.
SIG-73E7384B,INT-0007,FUSED-INT-0007,StandardMotorcycleSnatch,0.2,Weak Match,0.1692,1,3,ROUTINE RECORD: Interaction INT-0007 exhibits low signature alignment (20%). No immediate forensic action required.
SIG-281365ED,INT-0008,FUSED-INT-0008,StandardMotorcycleSnatch,0.2,Weak Match,0.1809,1,3,ROUTINE RECORD: Interaction INT-0008 exhibits low signature alignment (20%). No immediate forensic action required.
SIG-FDC83DB2,INT-0009,FUSED-INT-0009,StandardMotorcycleSnatch,0.2,Weak Match,0.148,1,3,ROUTINE RECORD: Interaction INT-0009 exhibits low signature alignment (20%). No immediate forensic action required.
SIG-B190054E,INT-0010,FUSED-INT-0010,StandardMotorcycleSnatch,0.2,Weak Match,0.147,1,3,ROUTINE RECORD: Interaction INT-0010 exhibits low signature alignment (20%). No immediate forensic action required.
SIG-BFAD4E36,INT-0011,FUSED-INT-0011,StandardMotorcycleSnatch,0.2,Weak Match,0.148,1,3,ROUTINE RECORD: Interaction INT-0011 exhibits low signature alignment (20%). No immediate forensic action required.
SIG-16EFACBB,INT-0012,FUSED-INT-0012,StandardMotorcycleSnatch,0.2,Weak Match,0.148,1,3,ROUTINE RECORD: Interaction INT-0012 exhibits low signature alignment (20%). No immediate forensic action required.
SIG-C069CF44,INT-0013,FUSED-INT-0013,StandardMotorcycleSnatch,0.2,Weak Match,0.148,1,3,ROUTINE RECORD: Interaction INT-0013 exhibits low signature alignment (20%). No immediate forensic action required.
SIG-644C592A,INT-0014,FUSED-INT-0014,StandardMotorcycleSnatch,0.2,Weak Match,0.148,1,3,ROUTINE RECORD: Interaction INT-0014 exhibits low signature alignment (20%). No immediate forensic action required.
SIG-AC1EFD91,INT-0015,FUSED-INT-0015,StandardMotorcycleSnatch,0.2,Weak Match,0.148,1,3,ROUTINE RECORD: Interaction INT-0015 exhibits low signature alignment (20%). No immediate forensic action required.
SIG-CA414CED,INT-0016,FUSED-INT-0016,StandardMotorcycleSnatch,0.2,Weak Match,0.148,1,3,ROUTINE RECORD: Interaction INT-0016 exhibits low signature alignment (20%). No immediate forensic action required.
SIG-318CEC37,INT-0017,FUSED-INT-0017,StandardMotorcycleSnatch,0.2,Weak Match,0.148,1,3,ROUTINE RECORD: Interaction INT-0017 exhibits low signature alignment (20%). No immediate forensic action required.
SIG-E31578FA,INT-0001,FUSED-INT-0001,StandardMotorcycleSnatch,0.2,Weak Match,0.1681,1,3,ROUTINE RECORD: Interaction INT-0001 exhibits low signature alignment (20%). No immediate forensic action required.
SIG-94949D21,INT-0002,FUSED-INT-0002,StandardMotorcycleSnatch,0.8,High Confidence Match,0.6634,3,1,FLAGGED FOR HIGH-PRIORITY FORENSIC REVIEW: Interaction INT-0002 exhibits strong signature alignment (80%). Export forensic video clip for investigation.
SIG-76FEAEDA,INT-0003,FUSED-INT-0003,StandardMotorcycleSnatch,0.4,Weak Match,0.3076,2,2,ROUTINE RECORD: Interaction INT-0003 exhibits low signature alignment (40%). No immediate forensic action required.
SIG-74C48880,INT-0004,FUSED-INT-0004,StandardMotorcycleSnatch,0.4,Weak Match,0.3085,2,2,ROUTINE RECORD: Interaction INT-0004 exhibits low signature alignment (40%). No immediate forensic action required.
SIG-91E275E1,INT-0005,FUSED-INT-0005,StandardMotorcycleSnatch,0.2,Weak Match,0.1367,1,3,ROUTINE RECORD: Interaction INT-0005 exhibits low signature alignment (20%). No immediate forensic action required.
SIG-2CBEA2B3,INT-0006,FUSED-INT-0006,StandardMotorcycleSnatch,0.2,Weak Match,0.1461,1,3,ROUTINE RECORD: Interaction INT-0006 exhibits low signature alignment (20%). No immediate forensic action required.
SIG-DFB785B7,INT-0007,FUSED-INT-0007,StandardMotorcycleSnatch,0.2,Weak Match,0.1692,1,3,ROUTINE RECORD: Interaction INT-0007 exhibits low signature alignment (20%). No immediate forensic action required.
SIG-15D2FB59,INT-0008,FUSED-INT-0008,StandardMotorcycleSnatch,0.2,Weak Match,0.1809,1,3,ROUTINE RECORD: Interaction INT-0008 exhibits low signature alignment (20%). No immediate forensic action required.
SIG-6583F21B,INT-0009,FUSED-INT-0009,StandardMotorcycleSnatch,0.2,Weak Match,0.148,1,3,ROUTINE RECORD: Interaction INT-0009 exhibits low signature alignment (20%). No immediate forensic action required.
SIG-C5F2EDEB,INT-0010,FUSED-INT-0010,StandardMotorcycleSnatch,0.2,Weak Match,0.147,1,3,ROUTINE RECORD: Interaction INT-0010 exhibits low signature alignment (20%). No immediate forensic action required.
SIG-D02B6688,INT-0011,FUSED-INT-0011,StandardMotorcycleSnatch,0.2,Weak Match,0.148,1,3,ROUTINE RECORD: Interaction INT-0011 exhibits low signature alignment (20%). No immediate forensic action required.
SIG-27D8EC67,INT-0012,FUSED-INT-0012,StandardMotorcycleSnatch,0.2,Weak Match,0.148,1,3,ROUTINE RECORD: Interaction INT-0012 exhibits low signature alignment (20%). No immediate forensic action required.
SIG-EC53F786,INT-0013,FUSED-INT-0013,StandardMotorcycleSnatch,0.2,Weak Match,0.148,1,3,ROUTINE RECORD: Interaction INT-0013 exhibits low signature alignment (20%). No immediate forensic action required.
SIG-44704CCE,INT-0014,FUSED-INT-0014,StandardMotorcycleSnatch,0.2,Weak Match,0.148,1,3,ROUTINE RECORD: Interaction INT-0014 exhibits low signature alignment (20%). No immediate forensic action required.
SIG-23F5ECDD,INT-0015,FUSED-INT-0015,StandardMotorcycleSnatch,0.2,Weak Match,0.148,1,3,ROUTINE RECORD: Interaction INT-0015 exhibits low signature alignment (20%). No immediate forensic action required.
SIG-707ED867,INT-0016,FUSED-INT-0016,StandardMotorcycleSnatch,0.2,Weak Match,0.148,1,3,ROUTINE RECORD: Interaction INT-0016 exhibits low signature alignment (20%). No immediate forensic action required.
SIG-4CF41DF8,INT-0017,FUSED-INT-0017,StandardMotorcycleSnatch,0.2,Weak Match,0.148,1,3,ROUTINE RECORD: Interaction INT-0017 exhibits low signature alignment (20%). No immediate forensic action required.
SIG-9DF85E50,INT-0001,FUSED-INT-0001,StandardMotorcycleSnatch,0.2,Weak Match,0.1681,1,3,ROUTINE RECORD: Interaction INT-0001 exhibits low signature alignment (20%). No immediate forensic action required.
SIG-42409C2E,INT-0002,FUSED-INT-0002,StandardMotorcycleSnatch,0.8,High Confidence Match,0.6634,3,1,FLAGGED FOR HIGH-PRIORITY FORENSIC REVIEW: Interaction INT-0002 exhibits strong signature alignment (80%). Export forensic video clip for investigation.
SIG-C5C43A13,INT-0003,FUSED-INT-0003,StandardMotorcycleSnatch,0.4,Weak Match,0.3076,2,2,ROUTINE RECORD: Interaction INT-0003 exhibits low signature alignment (40%). No immediate forensic action required.
SIG-F353E307,INT-0004,FUSED-INT-0004,StandardMotorcycleSnatch,0.4,Weak Match,0.3084,2,2,ROUTINE RECORD: Interaction INT-0004 exhibits low signature alignment (40%). No immediate forensic action required.
SIG-A0BE7152,INT-0005,FUSED-INT-0005,StandardMotorcycleSnatch,0.2,Weak Match,0.1367,1,3,ROUTINE RECORD: Interaction INT-0005 exhibits low signature alignment (20%). No immediate forensic action required.
SIG-424890C7,INT-0006,FUSED-INT-0006,StandardMotorcycleSnatch,0.2,Weak Match,0.1461,1,3,ROUTINE RECORD: Interaction INT-0006 exhibits low signature alignment (20%). No immediate forensic action required.
SIG-C6CB4DAF,INT-0007,FUSED-INT-0007,StandardMotorcycleSnatch,0.2,Weak Match,0.1692,1,3,ROUTINE RECORD: Interaction INT-0007 exhibits low signature alignment (20%). No immediate forensic action required.
SIG-AC478F45,INT-0008,FUSED-INT-0008,StandardMotorcycleSnatch,0.2,Weak Match,0.1809,1,3,ROUTINE RECORD: Interaction INT-0008 exhibits low signature alignment (20%). No immediate forensic action required.
SIG-B0B910CE,INT-0009,FUSED-INT-0009,StandardMotorcycleSnatch,0.2,Weak Match,0.148,1,3,ROUTINE RECORD: Interaction INT-0009 exhibits low signature alignment (20%). No immediate forensic action required.
SIG-7378C255,INT-0010,FUSED-INT-0010,StandardMotorcycleSnatch,0.2,Weak Match,0.147,1,3,ROUTINE RECORD: Interaction INT-0010 exhibits low signature alignment (20%). No immediate forensic action required.
SIG-8CE35F77,INT-0011,FUSED-INT-0011,StandardMotorcycleSnatch,0.2,Weak Match,0.148,1,3,ROUTINE RECORD: Interaction INT-0011 exhibits low signature alignment (20%). No immediate forensic action required.
SIG-5CEC140D,INT-0012,FUSED-INT-0012,StandardMotorcycleSnatch,0.2,Weak Match,0.148,1,3,ROUTINE RECORD: Interaction INT-0012 exhibits low signature alignment (20%). No immediate forensic action required.
SIG-5F2B135A,INT-0013,FUSED-INT-0013,StandardMotorcycleSnatch,0.2,Weak Match,0.148,1,3,ROUTINE RECORD: Interaction INT-0013 exhibits low signature alignment (20%). No immediate forensic action required.
SIG-F6A8A07F,INT-0014,FUSED-INT-0014,StandardMotorcycleSnatch,0.2,Weak Match,0.148,1,3,ROUTINE RECORD: Interaction INT-0014 exhibits low signature alignment (20%). No immediate forensic action required.
SIG-7423EEA8,INT-0015,FUSED-INT-0015,StandardMotorcycleSnatch,0.2,Weak Match,0.148,1,3,ROUTINE RECORD: Interaction INT-0015 exhibits low signature alignment (20%). No immediate forensic action required.
SIG-0F306E3F,INT-0016,FUSED-INT-0016,StandardMotorcycleSnatch,0.2,Weak Match,0.148,1,3,ROUTINE RECORD: Interaction INT-0016 exhibits low signature alignment (20%). No immediate forensic action required.
SIG-5BF82E2B,INT-0017,FUSED-INT-0017,StandardMotorcycleSnatch,0.2,Weak Match,0.148,1,3,ROUTINE RECORD: Interaction INT-0017 exhibits low signature alignment (20%). No immediate forensic action required.
SIG-DF66313F,INT-0018,FUSED-INT-0018,StandardMotorcycleSnatch,0.4,Weak Match,0.296,2,2,ROUTINE RECORD: Interaction INT-0018 exhibits low signature alignment (40%). No immediate forensic action required.
SIG-46E1284E,INT-0001,FUSED-INT-0001,StandardMotorcycleSnatch,0.2,Weak Match,0.1681,1,3,ROUTINE RECORD: Interaction INT-0001 exhibits low signature alignment (20%). No immediate forensic action required.
SIG-84CE17D8,INT-0002,FUSED-INT-0002,StandardMotorcycleSnatch,0.8,High Confidence Match,0.6634,3,1,FLAGGED FOR HIGH-PRIORITY FORENSIC REVIEW: Interaction INT-0002 exhibits strong signature alignment (80%). Export forensic video clip for investigation.
SIG-B93C82AD,INT-0003,FUSED-INT-0003,StandardMotorcycleSnatch,0.4,Weak Match,0.3076,2,2,ROUTINE RECORD: Interaction INT-0003 exhibits low signature alignment (40%). No immediate forensic action required.
SIG-A86B7C9B,INT-0004,FUSED-INT-0004,StandardMotorcycleSnatch,0.4,Weak Match,0.3083,2,2,ROUTINE RECORD: Interaction INT-0004 exhibits low signature alignment (40%). No immediate forensic action required.
SIG-020677B7,INT-0005,FUSED-INT-0005,StandardMotorcycleSnatch,0.2,Weak Match,0.1367,1,3,ROUTINE RECORD: Interaction INT-0005 exhibits low signature alignment (20%). No immediate forensic action required.
SIG-62CFD60C,INT-0006,FUSED-INT-0006,StandardMotorcycleSnatch,0.2,Weak Match,0.1461,1,3,ROUTINE RECORD: Interaction INT-0006 exhibits low signature alignment (20%). No immediate forensic action required.
SIG-49969348,INT-0007,FUSED-INT-0007,StandardMotorcycleSnatch,0.2,Weak Match,0.1692,1,3,ROUTINE RECORD: Interaction INT-0007 exhibits low signature alignment (20%). No immediate forensic action required.
SIG-93D72A1D,INT-0008,FUSED-INT-0008,StandardMotorcycleSnatch,0.2,Weak Match,0.1809,1,3,ROUTINE RECORD: Interaction INT-0008 exhibits low signature alignment (20%). No immediate forensic action required.
SIG-63EFCC9D,INT-0009,FUSED-INT-0009,StandardMotorcycleSnatch,0.2,Weak Match,0.148,1,3,ROUTINE RECORD: Interaction INT-0009 exhibits low signature alignment (20%). No immediate forensic action required.
SIG-58A926A3,INT-0010,FUSED-INT-0010,StandardMotorcycleSnatch,0.2,Weak Match,0.147,1,3,ROUTINE RECORD: Interaction INT-0010 exhibits low signature alignment (20%). No immediate forensic action required.
SIG-15325779,INT-0011,FUSED-INT-0011,StandardMotorcycleSnatch,0.2,Weak Match,0.148,1,3,ROUTINE RECORD: Interaction INT-0011 exhibits low signature alignment (20%). No immediate forensic action required.
SIG-A1063634,INT-0012,FUSED-INT-0012,StandardMotorcycleSnatch,0.2,Weak Match,0.148,1,3,ROUTINE RECORD: Interaction INT-0012 exhibits low signature alignment (20%). No immediate forensic action required.
SIG-F2D74512,INT-0013,FUSED-INT-0013,StandardMotorcycleSnatch,0.2,Weak Match,0.148,1,3,ROUTINE RECORD: Interaction INT-0013 exhibits low signature alignment (20%). No immediate forensic action required.
SIG-D0DBD23F,INT-0014,FUSED-INT-0014,StandardMotorcycleSnatch,0.2,Weak Match,0.148,1,3,ROUTINE RECORD: Interaction INT-0014 exhibits low signature alignment (20%). No immediate forensic action required.
SIG-05DC7210,INT-0015,FUSED-INT-0015,StandardMotorcycleSnatch,0.2,Weak Match,0.148,1,3,ROUTINE RECORD: Interaction INT-0015 exhibits low signature alignment (20%). No immediate forensic action required.
SIG-2D003DEF,INT-0016,FUSED-INT-0016,StandardMotorcycleSnatch,0.2,Weak Match,0.148,1,3,ROUTINE RECORD: Interaction INT-0016 exhibits low signature alignment (20%). No immediate forensic action required.
SIG-F4CB8FA1,INT-0017,FUSED-INT-0017,StandardMotorcycleSnatch,0.2,Weak Match,0.148,1,3,ROUTINE RECORD: Interaction INT-0017 exhibits low signature alignment (20%). No immediate forensic action required.
SIG-F3540A4F,INT-0018,FUSED-INT-0018,StandardMotorcycleSnatch,0.4,Weak Match,0.296,2,2,ROUTINE RECORD: Interaction INT-0018 exhibits low signature alignment (40%). No immediate forensic action required.
SIG-2C08C9B2,INT-0001,FUSED-INT-0001,StandardMotorcycleSnatch,0.2,Weak Match,0.1681,1,3,ROUTINE RECORD: Interaction INT-0001 exhibits low signature alignment (20%). No immediate forensic action required.
SIG-C48EC88D,INT-0002,FUSED-INT-0002,StandardMotorcycleSnatch,0.8,High Confidence Match,0.6634,3,1,FLAGGED FOR HIGH-PRIORITY FORENSIC REVIEW: Interaction INT-0002 exhibits strong signature alignment (80%). Export forensic video clip for investigation.
SIG-18243D0C,INT-0003,FUSED-INT-0003,StandardMotorcycleSnatch,0.4,Weak Match,0.3076,2,2,ROUTINE RECORD: Interaction INT-0003 exhibits low signature alignment (40%). No immediate forensic action required.
SIG-2F76E095,INT-0004,FUSED-INT-0004,StandardMotorcycleSnatch,0.4,Weak Match,0.3082,2,2,ROUTINE RECORD: Interaction INT-0004 exhibits low signature alignment (40%). No immediate forensic action required.
SIG-7FE4F6C0,INT-0005,FUSED-INT-0005,StandardMotorcycleSnatch,0.2,Weak Match,0.1367,1,3,ROUTINE RECORD: Interaction INT-0005 exhibits low signature alignment (20%). No immediate forensic action required.
SIG-83B7304A,INT-0006,FUSED-INT-0006,StandardMotorcycleSnatch,0.2,Weak Match,0.1461,1,3,ROUTINE RECORD: Interaction INT-0006 exhibits low signature alignment (20%). No immediate forensic action required.
SIG-E35D1943,INT-0007,FUSED-INT-0007,StandardMotorcycleSnatch,0.2,Weak Match,0.1692,1,3,ROUTINE RECORD: Interaction INT-0007 exhibits low signature alignment (20%). No immediate forensic action required.
SIG-0C4F722F,INT-0008,FUSED-INT-0008,StandardMotorcycleSnatch,0.2,Weak Match,0.1809,1,3,ROUTINE RECORD: Interaction INT-0008 exhibits low signature alignment (20%). No immediate forensic action required.
SIG-8647F809,INT-0009,FUSED-INT-0009,StandardMotorcycleSnatch,0.2,Weak Match,0.148,1,3,ROUTINE RECORD: Interaction INT-0009 exhibits low signature alignment (20%). No immediate forensic action required.
SIG-A0925E28,INT-0010,FUSED-INT-0010,StandardMotorcycleSnatch,0.2,Weak Match,0.147,1,3,ROUTINE RECORD: Interaction INT-0010 exhibits low signature alignment (20%). No immediate forensic action required.
SIG-CD6DAC73,INT-0011,FUSED-INT-0011,StandardMotorcycleSnatch,0.2,Weak Match,0.148,1,3,ROUTINE RECORD: Interaction INT-0011 exhibits low signature alignment (20%). No immediate forensic action required.
SIG-C5C86388,INT-0012,FUSED-INT-0012,StandardMotorcycleSnatch,0.2,Weak Match,0.148,1,3,ROUTINE RECORD: Interaction INT-0012 exhibits low signature alignment (20%). No immediate forensic action required.
SIG-3659DE46,INT-0013,FUSED-INT-0013,StandardMotorcycleSnatch,0.2,Weak Match,0.148,1,3,ROUTINE RECORD: Interaction INT-0013 exhibits low signature alignment (20%). No immediate forensic action required.
SIG-74843148,INT-0014,FUSED-INT-0014,StandardMotorcycleSnatch,0.2,Weak Match,0.148,1,3,ROUTINE RECORD: Interaction INT-0014 exhibits low signature alignment (20%). No immediate forensic action required.
SIG-1DCE79CD,INT-0015,FUSED-INT-0015,StandardMotorcycleSnatch,0.2,Weak Match,0.148,1,3,ROUTINE RECORD: Interaction INT-0015 exhibits low signature alignment (20%). No immediate forensic action required.
SIG-017085B5,INT-0016,FUSED-INT-0016,StandardMotorcycleSnatch,0.2,Weak Match,0.148,1,3,ROUTINE RECORD: Interaction INT-0016 exhibits low signature alignment (20%). No immediate forensic action required.
SIG-F2C962DD,INT-0017,FUSED-INT-0017,StandardMotorcycleSnatch,0.2,Weak Match,0.148,1,3,ROUTINE RECORD: Interaction INT-0017 exhibits low signature alignment (20%). No immediate forensic action required.
SIG-4C5C9790,INT-0018,FUSED-INT-0018,StandardMotorcycleSnatch,0.4,Weak Match,0.296,2,2,ROUTINE RECORD: Interaction INT-0018 exhibits low signature alignment (40%). No immediate forensic action required.
SIG-7777105B,INT-0001,FUSED-INT-0001,StandardMotorcycleSnatch,0.2,Weak Match,0.1681,1,3,ROUTINE RECORD: Interaction INT-0001 exhibits low signature alignment (20%). No immediate forensic action required.
SIG-867CA6F1,INT-0002,FUSED-INT-0002,StandardMotorcycleSnatch,0.8,High Confidence Match,0.6634,3,1,FLAGGED FOR HIGH-PRIORITY FORENSIC REVIEW: Interaction INT-0002 exhibits strong signature alignment (80%). Export forensic video clip for investigation.
SIG-C7688DD2,INT-0003,FUSED-INT-0003,StandardMotorcycleSnatch,0.4,Weak Match,0.3076,2,2,ROUTINE RECORD: Interaction INT-0003 exhibits low signature alignment (40%). No immediate forensic action required.
SIG-9AC96A73,INT-0004,FUSED-INT-0004,StandardMotorcycleSnatch,0.4,Weak Match,0.3081,2,2,ROUTINE RECORD: Interaction INT-0004 exhibits low signature alignment (40%). No immediate forensic action required.
SIG-F7E01391,INT-0005,FUSED-INT-0005,StandardMotorcycleSnatch,0.2,Weak Match,0.1367,1,3,ROUTINE RECORD: Interaction INT-0005 exhibits low signature alignment (20%). No immediate forensic action required.
SIG-5A7DCF97,INT-0006,FUSED-INT-0006,StandardMotorcycleSnatch,0.2,Weak Match,0.1461,1,3,ROUTINE RECORD: Interaction INT-0006 exhibits low signature alignment (20%). No immediate forensic action required.
SIG-FC1083D0,INT-0007,FUSED-INT-0007,StandardMotorcycleSnatch,0.2,Weak Match,0.1692,1,3,ROUTINE RECORD: Interaction INT-0007 exhibits low signature alignment (20%). No immediate forensic action required.
SIG-27DB4E1A,INT-0008,FUSED-INT-0008,StandardMotorcycleSnatch,0.2,Weak Match,0.1809,1,3,ROUTINE RECORD: Interaction INT-0008 exhibits low signature alignment (20%). No immediate forensic action required.
SIG-377B7AED,INT-0009,FUSED-INT-0009,StandardMotorcycleSnatch,0.2,Weak Match,0.148,1,3,ROUTINE RECORD: Interaction INT-0009 exhibits low signature alignment (20%). No immediate forensic action required.
SIG-F18F58A3,INT-0010,FUSED-INT-0010,StandardMotorcycleSnatch,0.2,Weak Match,0.147,1,3,ROUTINE RECORD: Interaction INT-0010 exhibits low signature alignment (20%). No immediate forensic action required.
SIG-19CB76FE,INT-0011,FUSED-INT-0011,StandardMotorcycleSnatch,0.2,Weak Match,0.148,1,3,ROUTINE RECORD: Interaction INT-0011 exhibits low signature alignment (20%). No immediate forensic action required.
SIG-55808145,INT-0012,FUSED-INT-0012,StandardMotorcycleSnatch,0.2,Weak Match,0.148,1,3,ROUTINE RECORD: Interaction INT-0012 exhibits low signature alignment (20%). No immediate forensic action required.
SIG-BDFF8A3D,INT-0013,FUSED-INT-0013,StandardMotorcycleSnatch,0.2,Weak Match,0.148,1,3,ROUTINE RECORD: Interaction INT-0013 exhibits low signature alignment (20%). No immediate forensic action required.
SIG-D5A46546,INT-0014,FUSED-INT-0014,StandardMotorcycleSnatch,0.2,Weak Match,0.148,1,3,ROUTINE RECORD: Interaction INT-0014 exhibits low signature alignment (20%). No immediate forensic action required.
SIG-B248309E,INT-0015,FUSED-INT-0015,StandardMotorcycleSnatch,0.2,Weak Match,0.148,1,3,ROUTINE RECORD: Interaction INT-0015 exhibits low signature alignment (20%). No immediate forensic action required.
SIG-49D45DF3,INT-0016,FUSED-INT-0016,StandardMotorcycleSnatch,0.2,Weak Match,0.148,1,3,ROUTINE RECORD: Interaction INT-0016 exhibits low signature alignment (20%). No immediate forensic action required.
SIG-90F8A01F,INT-0017,FUSED-INT-0017,StandardMotorcycleSnatch,0.2,Weak Match,0.148,1,3,ROUTINE RECORD: Interaction INT-0017 exhibits low signature alignment (20%). No immediate forensic action required.
SIG-B9ED9C6D,INT-0018,FUSED-INT-0018,StandardMotorcycleSnatch,0.4,Weak Match,0.296,2,2,ROUTINE RECORD: Interaction INT-0018 exhibits low signature alignment (40%). No immediate forensic action required.
SIG-91DC6DB3,INT-0001,FUSED-INT-0001,StandardMotorcycleSnatch,0.2,Weak Match,0.1681,1,3,ROUTINE RECORD: Interaction INT-0001 exhibits low signature alignment (20%). No immediate forensic action required.
SIG-995447B5,INT-0002,FUSED-INT-0002,StandardMotorcycleSnatch,0.8,High Confidence Match,0.6634,3,1,FLAGGED FOR HIGH-PRIORITY FORENSIC REVIEW: Interaction INT-0002 exhibits strong signature alignment (80%). Export forensic video clip for investigation.
SIG-7F857405,INT-0003,FUSED-INT-0003,StandardMotorcycleSnatch,0.4,Weak Match,0.3076,2,2,ROUTINE RECORD: Interaction INT-0003 exhibits low signature alignment (40%). No immediate forensic action required.
SIG-FEC5FB89,INT-0004,FUSED-INT-0004,StandardMotorcycleSnatch,0.4,Weak Match,0.308,2,2,ROUTINE RECORD: Interaction INT-0004 exhibits low signature alignment (40%). No immediate forensic action required.
SIG-FAB3399F,INT-0005,FUSED-INT-0005,StandardMotorcycleSnatch,0.2,Weak Match,0.1367,1,3,ROUTINE RECORD: Interaction INT-0005 exhibits low signature alignment (20%). No immediate forensic action required.
SIG-C65675E1,INT-0006,FUSED-INT-0006,StandardMotorcycleSnatch,0.2,Weak Match,0.1461,1,3,ROUTINE RECORD: Interaction INT-0006 exhibits low signature alignment (20%). No immediate forensic action required.
SIG-A4DC1C5F,INT-0007,FUSED-INT-0007,StandardMotorcycleSnatch,0.2,Weak Match,0.1692,1,3,ROUTINE RECORD: Interaction INT-0007 exhibits low signature alignment (20%). No immediate forensic action required.
SIG-E23591FF,INT-0008,FUSED-INT-0008,StandardMotorcycleSnatch,0.2,Weak Match,0.1809,1,3,ROUTINE RECORD: Interaction INT-0008 exhibits low signature alignment (20%). No immediate forensic action required.
SIG-499EFEBD,INT-0009,FUSED-INT-0009,StandardMotorcycleSnatch,0.2,Weak Match,0.148,1,3,ROUTINE RECORD: Interaction INT-0009 exhibits low signature alignment (20%). No immediate forensic action required.
SIG-63B4933E,INT-0010,FUSED-INT-0010,StandardMotorcycleSnatch,0.2,Weak Match,0.147,1,3,ROUTINE RECORD: Interaction INT-0010 exhibits low signature alignment (20%). No immediate forensic action required.
SIG-C5C631B9,INT-0011,FUSED-INT-0011,StandardMotorcycleSnatch,0.2,Weak Match,0.148,1,3,ROUTINE RECORD: Interaction INT-0011 exhibits low signature alignment (20%). No immediate forensic action required.
SIG-2304F75D,INT-0012,FUSED-INT-0012,StandardMotorcycleSnatch,0.2,Weak Match,0.148,1,3,ROUTINE RECORD: Interaction INT-0012 exhibits low signature alignment (20%). No immediate forensic action required.
SIG-CC9A9A36,INT-0013,FUSED-INT-0013,StandardMotorcycleSnatch,0.2,Weak Match,0.148,1,3,ROUTINE RECORD: Interaction INT-0013 exhibits low signature alignment (20%). No immediate forensic action required.
SIG-A219D006,INT-0014,FUSED-INT-0014,StandardMotorcycleSnatch,0.2,Weak Match,0.148,1,3,ROUTINE RECORD: Interaction INT-0014 exhibits low signature alignment (20%). No immediate forensic action required.
SIG-0DA0971B,INT-0015,FUSED-INT-0015,StandardMotorcycleSnatch,0.2,Weak Match,0.148,1,3,ROUTINE RECORD: Interaction INT-0015 exhibits low signature alignment (20%). No immediate forensic action required.
SIG-05B71C03,INT-0016,FUSED-INT-0016,StandardMotorcycleSnatch,0.2,Weak Match,0.148,1,3,ROUTINE RECORD: Interaction INT-0016 exhibits low signature alignment (20%). No immediate forensic action required.
SIG-84694984,INT-0017,FUSED-INT-0017,StandardMotorcycleSnatch,0.2,Weak Match,0.148,1,3,ROUTINE RECORD: Interaction INT-0017 exhibits low signature alignment (20%). No immediate forensic action required.
SIG-563ECD71,INT-0018,FUSED-INT-0018,StandardMotorcycleSnatch,0.4,Weak Match,0.296,2,2,ROUTINE RECORD: Interaction INT-0018 exhibits low signature alignment (40%). No immediate forensic action required.
SIG-2BCD7FF0,INT-0001,FUSED-INT-0001,StandardMotorcycleSnatch,0.2,Weak Match,0.1681,1,3,ROUTINE RECORD: Interaction INT-0001 exhibits low signature alignment (20%). No immediate forensic action required.
SIG-4C5BE2B9,INT-0002,FUSED-INT-0002,StandardMotorcycleSnatch,0.8,High Confidence Match,0.6634,3,1,FLAGGED FOR HIGH-PRIORITY FORENSIC REVIEW: Interaction INT-0002 exhibits strong signature alignment (80%). Export forensic video clip for investigation.
SIG-E3954F5D,INT-0003,FUSED-INT-0003,StandardMotorcycleSnatch,0.4,Weak Match,0.3076,2,2,ROUTINE RECORD: Interaction INT-0003 exhibits low signature alignment (40%). No immediate forensic action required.
SIG-CFBEBE17,INT-0004,FUSED-INT-0004,StandardMotorcycleSnatch,0.4,Weak Match,0.308,2,2,ROUTINE RECORD: Interaction INT-0004 exhibits low signature alignment (40%). No immediate forensic action required.
SIG-C6A51586,INT-0005,FUSED-INT-0005,StandardMotorcycleSnatch,0.2,Weak Match,0.1367,1,3,ROUTINE RECORD: Interaction INT-0005 exhibits low signature alignment (20%). No immediate forensic action required.
SIG-854F61F2,INT-0006,FUSED-INT-0006,StandardMotorcycleSnatch,0.2,Weak Match,0.1461,1,3,ROUTINE RECORD: Interaction INT-0006 exhibits low signature alignment (20%). No immediate forensic action required.
SIG-1D3F6359,INT-0007,FUSED-INT-0007,StandardMotorcycleSnatch,0.2,Weak Match,0.1692,1,3,ROUTINE RECORD: Interaction INT-0007 exhibits low signature alignment (20%). No immediate forensic action required.
SIG-025B1B39,INT-0008,FUSED-INT-0008,StandardMotorcycleSnatch,0.2,Weak Match,0.1809,1,3,ROUTINE RECORD: Interaction INT-0008 exhibits low signature alignment (20%). No immediate forensic action required.
SIG-8B8E8554,INT-0009,FUSED-INT-0009,StandardMotorcycleSnatch,0.2,Weak Match,0.148,1,3,ROUTINE RECORD: Interaction INT-0009 exhibits low signature alignment (20%). No immediate forensic action required.
SIG-3F143D2B,INT-0010,FUSED-INT-0010,StandardMotorcycleSnatch,0.2,Weak Match,0.147,1,3,ROUTINE RECORD: Interaction INT-0010 exhibits low signature alignment (20%). No immediate forensic action required.
SIG-B7496218,INT-0011,FUSED-INT-0011,StandardMotorcycleSnatch,0.2,Weak Match,0.148,1,3,ROUTINE RECORD: Interaction INT-0011 exhibits low signature alignment (20%). No immediate forensic action required.
SIG-5475030E,INT-0012,FUSED-INT-0012,StandardMotorcycleSnatch,0.2,Weak Match,0.148,1,3,ROUTINE RECORD: Interaction INT-0012 exhibits low signature alignment (20%). No immediate forensic action required.
SIG-C1F156EB,INT-0013,FUSED-INT-0013,StandardMotorcycleSnatch,0.2,Weak Match,0.148,1,3,ROUTINE RECORD: Interaction INT-0013 exhibits low signature alignment (20%). No immediate forensic action required.
SIG-F1357803,INT-0014,FUSED-INT-0014,StandardMotorcycleSnatch,0.2,Weak Match,0.148,1,3,ROUTINE RECORD: Interaction INT-0014 exhibits low signature alignment (20%). No immediate forensic action required.
SIG-08018F18,INT-0015,FUSED-INT-0015,StandardMotorcycleSnatch,0.2,Weak Match,0.148,1,3,ROUTINE RECORD: Interaction INT-0015 exhibits low signature alignment (20%). No immediate forensic action required.
SIG-F2D92258,INT-0016,FUSED-INT-0016,StandardMotorcycleSnatch,0.2,Weak Match,0.148,1,3,ROUTINE RECORD: Interaction INT-0016 exhibits low signature alignment (20%). No immediate forensic action required.
SIG-5E46F634,INT-0017,FUSED-INT-0017,StandardMotorcycleSnatch,0.2,Weak Match,0.148,1,3,ROUTINE RECORD: Interaction INT-0017 exhibits low signature alignment (20%). No immediate forensic action required.
SIG-3FDF0D6F,INT-0018,FUSED-INT-0018,StandardMotorcycleSnatch,0.4,Weak Match,0.296,2,2,ROUTINE RECORD: Interaction INT-0018 exhibits low signature alignment (40%). No immediate forensic action required.
SIG-1EB334FA,INT-0001,FUSED-INT-0001,StandardMotorcycleSnatch,0.2,Weak Match,0.1681,1,3,ROUTINE RECORD: Interaction INT-0001 exhibits low signature alignment (20%). No immediate forensic action required.
SIG-BFB02FCF,INT-0002,FUSED-INT-0002,StandardMotorcycleSnatch,0.8,High Confidence Match,0.6634,3,1,FLAGGED FOR HIGH-PRIORITY FORENSIC REVIEW: Interaction INT-0002 exhibits strong signature alignment (80%). Export forensic video clip for investigation.
SIG-9F8F8188,INT-0003,FUSED-INT-0003,StandardMotorcycleSnatch,0.4,Weak Match,0.3076,2,2,ROUTINE RECORD: Interaction INT-0003 exhibits low signature alignment (40%). No immediate forensic action required.
SIG-52572291,INT-0004,FUSED-INT-0004,StandardMotorcycleSnatch,0.4,Weak Match,0.3079,2,2,ROUTINE RECORD: Interaction INT-0004 exhibits low signature alignment (40%). No immediate forensic action required.
SIG-CCC7AE64,INT-0005,FUSED-INT-0005,StandardMotorcycleSnatch,0.2,Weak Match,0.1367,1,3,ROUTINE RECORD: Interaction INT-0005 exhibits low signature alignment (20%). No immediate forensic action required.
SIG-DDCBD8EB,INT-0006,FUSED-INT-0006,StandardMotorcycleSnatch,0.2,Weak Match,0.1461,1,3,ROUTINE RECORD: Interaction INT-0006 exhibits low signature alignment (20%). No immediate forensic action required.
SIG-5B8BD7F0,INT-0007,FUSED-INT-0007,StandardMotorcycleSnatch,0.2,Weak Match,0.1692,1,3,ROUTINE RECORD: Interaction INT-0007 exhibits low signature alignment (20%). No immediate forensic action required.
SIG-BF5DB94E,INT-0008,FUSED-INT-0008,StandardMotorcycleSnatch,0.2,Weak Match,0.1809,1,3,ROUTINE RECORD: Interaction INT-0008 exhibits low signature alignment (20%). No immediate forensic action required.
SIG-7B4A2022,INT-0009,FUSED-INT-0009,StandardMotorcycleSnatch,0.2,Weak Match,0.148,1,3,ROUTINE RECORD: Interaction INT-0009 exhibits low signature alignment (20%). No immediate forensic action required.
SIG-FCD3B624,INT-0010,FUSED-INT-0010,StandardMotorcycleSnatch,0.2,Weak Match,0.147,1,3,ROUTINE RECORD: Interaction INT-0010 exhibits low signature alignment (20%). No immediate forensic action required.
SIG-A6487583,INT-0011,FUSED-INT-0011,StandardMotorcycleSnatch,0.2,Weak Match,0.148,1,3,ROUTINE RECORD: Interaction INT-0011 exhibits low signature alignment (20%). No immediate forensic action required.
SIG-FC3CC5D2,INT-0012,FUSED-INT-0012,StandardMotorcycleSnatch,0.2,Weak Match,0.148,1,3,ROUTINE RECORD: Interaction INT-0012 exhibits low signature alignment (20%). No immediate forensic action required.
SIG-A029C9BE,INT-0013,FUSED-INT-0013,StandardMotorcycleSnatch,0.2,Weak Match,0.148,1,3,ROUTINE RECORD: Interaction INT-0013 exhibits low signature alignment (20%). No immediate forensic action required.
SIG-7B45E45D,INT-0014,FUSED-INT-0014,StandardMotorcycleSnatch,0.2,Weak Match,0.148,1,3,ROUTINE RECORD: Interaction INT-0014 exhibits low signature alignment (20%). No immediate forensic action required.
SIG-FA236CBD,INT-0015,FUSED-INT-0015,StandardMotorcycleSnatch,0.2,Weak Match,0.148,1,3,ROUTINE RECORD: Interaction INT-0015 exhibits low signature alignment (20%). No immediate forensic action required.
SIG-6F6B6D1F,INT-0016,FUSED-INT-0016,StandardMotorcycleSnatch,0.2,Weak Match,0.148,1,3,ROUTINE RECORD: Interaction INT-0016 exhibits low signature alignment (20%). No immediate forensic action required.
SIG-E95F98D4,INT-0017,FUSED-INT-0017,StandardMotorcycleSnatch,0.2,Weak Match,0.148,1,3,ROUTINE RECORD: Interaction INT-0017 exhibits low signature alignment (20%). No immediate forensic action required.
SIG-6BBBB5FB,INT-0018,FUSED-INT-0018,StandardMotorcycleSnatch,0.4,Weak Match,0.296,2,2,ROUTINE RECORD: Interaction INT-0018 exhibits low signature alignment (40%). No immediate forensic action required.
SIG-1DBD394E,INT-0001,FUSED-INT-0001,StandardMotorcycleSnatch,0.2,Weak Match,0.1681,1,3,ROUTINE RECORD: Interaction INT-0001 exhibits low signature alignment (20%). No immediate forensic action required.
SIG-B61CCCD1,INT-0002,FUSED-INT-0002,StandardMotorcycleSnatch,0.8,High Confidence Match,0.6634,3,1,FLAGGED FOR HIGH-PRIORITY FORENSIC REVIEW: Interaction INT-0002 exhibits strong signature alignment (80%). Export forensic video clip for investigation.
SIG-55DBDF39,INT-0003,FUSED-INT-0003,StandardMotorcycleSnatch,0.4,Weak Match,0.3076,2,2,ROUTINE RECORD: Interaction INT-0003 exhibits low signature alignment (40%). No immediate forensic action required.
SIG-B92EFD54,INT-0004,FUSED-INT-0004,StandardMotorcycleSnatch,0.4,Weak Match,0.3079,2,2,ROUTINE RECORD: Interaction INT-0004 exhibits low signature alignment (40%). No immediate forensic action required.
SIG-2D45AEDB,INT-0005,FUSED-INT-0005,StandardMotorcycleSnatch,0.2,Weak Match,0.1367,1,3,ROUTINE RECORD: Interaction INT-0005 exhibits low signature alignment (20%). No immediate forensic action required.
SIG-B2CF73EF,INT-0006,FUSED-INT-0006,StandardMotorcycleSnatch,0.2,Weak Match,0.1461,1,3,ROUTINE RECORD: Interaction INT-0006 exhibits low signature alignment (20%). No immediate forensic action required.
SIG-F862676A,INT-0007,FUSED-INT-0007,StandardMotorcycleSnatch,0.2,Weak Match,0.1692,1,3,ROUTINE RECORD: Interaction INT-0007 exhibits low signature alignment (20%). No immediate forensic action required.
SIG-D43763B5,INT-0008,FUSED-INT-0008,StandardMotorcycleSnatch,0.2,Weak Match,0.1809,1,3,ROUTINE RECORD: Interaction INT-0008 exhibits low signature alignment (20%). No immediate forensic action required.
SIG-BF79C00A,INT-0009,FUSED-INT-0009,StandardMotorcycleSnatch,0.2,Weak Match,0.148,1,3,ROUTINE RECORD: Interaction INT-0009 exhibits low signature alignment (20%). No immediate forensic action required.
SIG-B7A07A3D,INT-0010,FUSED-INT-0010,StandardMotorcycleSnatch,0.2,Weak Match,0.147,1,3,ROUTINE RECORD: Interaction INT-0010 exhibits low signature alignment (20%). No immediate forensic action required.
SIG-DFD99809,INT-0011,FUSED-INT-0011,StandardMotorcycleSnatch,0.2,Weak Match,0.148,1,3,ROUTINE RECORD: Interaction INT-0011 exhibits low signature alignment (20%). No immediate forensic action required.
SIG-9EB971AB,INT-0012,FUSED-INT-0012,StandardMotorcycleSnatch,0.2,Weak Match,0.148,1,3,ROUTINE RECORD: Interaction INT-0012 exhibits low signature alignment (20%). No immediate forensic action required.
SIG-BB668FD4,INT-0013,FUSED-INT-0013,StandardMotorcycleSnatch,0.2,Weak Match,0.148,1,3,ROUTINE RECORD: Interaction INT-0013 exhibits low signature alignment (20%). No immediate forensic action required.
SIG-6C1CFEF0,INT-0014,FUSED-INT-0014,StandardMotorcycleSnatch,0.2,Weak Match,0.148,1,3,ROUTINE RECORD: Interaction INT-0014 exhibits low signature alignment (20%). No immediate forensic action required.
SIG-B910A0AC,INT-0015,FUSED-INT-0015,StandardMotorcycleSnatch,0.2,Weak Match,0.148,1,3,ROUTINE RECORD: Interaction INT-0015 exhibits low signature alignment (20%). No immediate forensic action required.
SIG-A91D7C49,INT-0016,FUSED-INT-0016,StandardMotorcycleSnatch,0.2,Weak Match,0.148,1,3,ROUTINE RECORD: Interaction INT-0016 exhibits low signature alignment (20%). No immediate forensic action required.
SIG-263DABE1,INT-0017,FUSED-INT-0017,StandardMotorcycleSnatch,0.2,Weak Match,0.148,1,3,ROUTINE RECORD: Interaction INT-0017 exhibits low signature alignment (20%). No immediate forensic action required.
SIG-DB8D18CB,INT-0018,FUSED-INT-0018,StandardMotorcycleSnatch,0.4,Weak Match,0.296,2,2,ROUTINE RECORD: Interaction INT-0018 exhibits low signature alignment (40%). No immediate forensic action required.
SIG-12EE7DE1,INT-0001,FUSED-INT-0001,StandardMotorcycleSnatch,0.2,Weak Match,0.1681,1,3,ROUTINE RECORD: Interaction INT-0001 exhibits low signature alignment (20%). No immediate forensic action required.
SIG-6BDEAC99,INT-0002,FUSED-INT-0002,StandardMotorcycleSnatch,0.8,High Confidence Match,0.6634,3,1,FLAGGED FOR HIGH-PRIORITY FORENSIC REVIEW: Interaction INT-0002 exhibits strong signature alignment (80%). Export forensic video clip for investigation.
SIG-90E48F3E,INT-0003,FUSED-INT-0003,StandardMotorcycleSnatch,0.4,Weak Match,0.3076,2,2,ROUTINE RECORD: Interaction INT-0003 exhibits low signature alignment (40%). No immediate forensic action required.
SIG-836D7FBF,INT-0004,FUSED-INT-0004,StandardMotorcycleSnatch,0.4,Weak Match,0.3078,2,2,ROUTINE RECORD: Interaction INT-0004 exhibits low signature alignment (40%). No immediate forensic action required.
SIG-CB67D804,INT-0005,FUSED-INT-0005,StandardMotorcycleSnatch,0.2,Weak Match,0.1367,1,3,ROUTINE RECORD: Interaction INT-0005 exhibits low signature alignment (20%). No immediate forensic action required.
SIG-4EE87EDA,INT-0006,FUSED-INT-0006,StandardMotorcycleSnatch,0.2,Weak Match,0.1461,1,3,ROUTINE RECORD: Interaction INT-0006 exhibits low signature alignment (20%). No immediate forensic action required.
SIG-86024910,INT-0007,FUSED-INT-0007,StandardMotorcycleSnatch,0.2,Weak Match,0.1692,1,3,ROUTINE RECORD: Interaction INT-0007 exhibits low signature alignment (20%). No immediate forensic action required.
SIG-E314BEC7,INT-0008,FUSED-INT-0008,StandardMotorcycleSnatch,0.2,Weak Match,0.1809,1,3,ROUTINE RECORD: Interaction INT-0008 exhibits low signature alignment (20%). No immediate forensic action required.
SIG-3ADD8C86,INT-0009,FUSED-INT-0009,StandardMotorcycleSnatch,0.2,Weak Match,0.148,1,3,ROUTINE RECORD: Interaction INT-0009 exhibits low signature alignment (20%). No immediate forensic action required.
SIG-A046A56C,INT-0010,FUSED-INT-0010,StandardMotorcycleSnatch,0.2,Weak Match,0.147,1,3,ROUTINE RECORD: Interaction INT-0010 exhibits low signature alignment (20%). No immediate forensic action required.
SIG-094D06C6,INT-0011,FUSED-INT-0011,StandardMotorcycleSnatch,0.2,Weak Match,0.148,1,3,ROUTINE RECORD: Interaction INT-0011 exhibits low signature alignment (20%). No immediate forensic action required.
SIG-63D7855A,INT-0012,FUSED-INT-0012,StandardMotorcycleSnatch,0.2,Weak Match,0.148,1,3,ROUTINE RECORD: Interaction INT-0012 exhibits low signature alignment (20%). No immediate forensic action required.
SIG-F103D488,INT-0013,FUSED-INT-0013,StandardMotorcycleSnatch,0.2,Weak Match,0.148,1,3,ROUTINE RECORD: Interaction INT-0013 exhibits low signature alignment (20%). No immediate forensic action required.
SIG-9ECA2D83,INT-0014,FUSED-INT-0014,StandardMotorcycleSnatch,0.2,Weak Match,0.148,1,3,ROUTINE RECORD: Interaction INT-0014 exhibits low signature alignment (20%). No immediate forensic action required.
SIG-A1835168,INT-0015,FUSED-INT-0015,StandardMotorcycleSnatch,0.2,Weak Match,0.148,1,3,ROUTINE RECORD: Interaction INT-0015 exhibits low signature alignment (20%). No immediate forensic action required.
SIG-84E19A0C,INT-0016,FUSED-INT-0016,StandardMotorcycleSnatch,0.2,Weak Match,0.148,1,3,ROUTINE RECORD: Interaction INT-0016 exhibits low signature alignment (20%). No immediate forensic action required.
SIG-8ECDA142,INT-0017,FUSED-INT-0017,StandardMotorcycleSnatch,0.2,Weak Match,0.148,1,3,ROUTINE RECORD: Interaction INT-0017 exhibits low signature alignment (20%). No immediate forensic action required.
SIG-24D83105,INT-0018,FUSED-INT-0018,StandardMotorcycleSnatch,0.4,Weak Match,0.296,2,2,ROUTINE RECORD: Interaction INT-0018 exhibits low signature alignment (40%). No immediate forensic action required.
SIG-53D3663F,INT-0001,FUSED-INT-0001,StandardMotorcycleSnatch,0.2,Weak Match,0.1681,1,3,ROUTINE RECORD: Interaction INT-0001 exhibits low signature alignment (20%). No immediate forensic action required.
SIG-2F62BFBE,INT-0002,FUSED-INT-0002,StandardMotorcycleSnatch,0.8,High Confidence Match,0.6634,3,1,FLAGGED FOR HIGH-PRIORITY FORENSIC REVIEW: Interaction INT-0002 exhibits strong signature alignment (80%). Export forensic video clip for investigation.
SIG-C8693445,INT-0003,FUSED-INT-0003,StandardMotorcycleSnatch,0.4,Weak Match,0.3076,2,2,ROUTINE RECORD: Interaction INT-0003 exhibits low signature alignment (40%). No immediate forensic action required.
SIG-9CBE6004,INT-0004,FUSED-INT-0004,StandardMotorcycleSnatch,0.4,Weak Match,0.3078,2,2,ROUTINE RECORD: Interaction INT-0004 exhibits low signature alignment (40%). No immediate forensic action required.
SIG-B18407EB,INT-0005,FUSED-INT-0005,StandardMotorcycleSnatch,0.2,Weak Match,0.1367,1,3,ROUTINE RECORD: Interaction INT-0005 exhibits low signature alignment (20%). No immediate forensic action required.
SIG-CF9A8B12,INT-0006,FUSED-INT-0006,StandardMotorcycleSnatch,0.2,Weak Match,0.1461,1,3,ROUTINE RECORD: Interaction INT-0006 exhibits low signature alignment (20%). No immediate forensic action required.
SIG-BECB4CB5,INT-0007,FUSED-INT-0007,StandardMotorcycleSnatch,0.2,Weak Match,0.1692,1,3,ROUTINE RECORD: Interaction INT-0007 exhibits low signature alignment (20%). No immediate forensic action required.
SIG-16C8DC54,INT-0008,FUSED-INT-0008,StandardMotorcycleSnatch,0.2,Weak Match,0.1809,1,3,ROUTINE RECORD: Interaction INT-0008 exhibits low signature alignment (20%). No immediate forensic action required.
SIG-3A84181A,INT-0009,FUSED-INT-0009,StandardMotorcycleSnatch,0.2,Weak Match,0.148,1,3,ROUTINE RECORD: Interaction INT-0009 exhibits low signature alignment (20%). No immediate forensic action required.
SIG-CBF35742,INT-0010,FUSED-INT-0010,StandardMotorcycleSnatch,0.2,Weak Match,0.147,1,3,ROUTINE RECORD: Interaction INT-0010 exhibits low signature alignment (20%). No immediate forensic action required.
SIG-10B80AF9,INT-0011,FUSED-INT-0011,StandardMotorcycleSnatch,0.2,Weak Match,0.148,1,3,ROUTINE RECORD: Interaction INT-0011 exhibits low signature alignment (20%). No immediate forensic action required.
SIG-A53D1AFF,INT-0012,FUSED-INT-0012,StandardMotorcycleSnatch,0.2,Weak Match,0.148,1,3,ROUTINE RECORD: Interaction INT-0012 exhibits low signature alignment (20%). No immediate forensic action required.
SIG-10068C02,INT-0013,FUSED-INT-0013,StandardMotorcycleSnatch,0.2,Weak Match,0.148,1,3,ROUTINE RECORD: Interaction INT-0013 exhibits low signature alignment (20%). No immediate forensic action required.
SIG-ECBC2ECA,INT-0014,FUSED-INT-0014,StandardMotorcycleSnatch,0.2,Weak Match,0.148,1,3,ROUTINE RECORD: Interaction INT-0014 exhibits low signature alignment (20%). No immediate forensic action required.
SIG-0DB2CFE6,INT-0015,FUSED-INT-0015,StandardMotorcycleSnatch,0.2,Weak Match,0.148,1,3,ROUTINE RECORD: Interaction INT-0015 exhibits low signature alignment (20%). No immediate forensic action required.
SIG-8BC354FD,INT-0016,FUSED-INT-0016,StandardMotorcycleSnatch,0.2,Weak Match,0.148,1,3,ROUTINE RECORD: Interaction INT-0016 exhibits low signature alignment (20%). No immediate forensic action required.
SIG-BE1AA858,INT-0017,FUSED-INT-0017,StandardMotorcycleSnatch,0.2,Weak Match,0.148,1,3,ROUTINE RECORD: Interaction INT-0017 exhibits low signature alignment (20%). No immediate forensic action required.
SIG-89E4D4D0,INT-0018,FUSED-INT-0018,StandardMotorcycleSnatch,0.4,Weak Match,0.296,2,2,ROUTINE RECORD: Interaction INT-0018 exhibits low signature alignment (40%). No immediate forensic action required.
SIG-2F56EB25,INT-0001,FUSED-INT-0001,StandardMotorcycleSnatch,0.2,Weak Match,0.1681,1,3,ROUTINE RECORD: Interaction INT-0001 exhibits low signature alignment (20%). No immediate forensic action required.
SIG-A7DA8791,INT-0002,FUSED-INT-0002,StandardMotorcycleSnatch,0.8,High Confidence Match,0.6634,3,1,FLAGGED FOR HIGH-PRIORITY FORENSIC REVIEW: Interaction INT-0002 exhibits strong signature alignment (80%). Export forensic video clip for investigation.
SIG-9C0E0CE1,INT-0003,FUSED-INT-0003,StandardMotorcycleSnatch,0.4,Weak Match,0.3076,2,2,ROUTINE RECORD: Interaction INT-0003 exhibits low signature alignment (40%). No immediate forensic action required.
SIG-A6A6F9CF,INT-0004,FUSED-INT-0004,StandardMotorcycleSnatch,0.4,Weak Match,0.3077,2,2,ROUTINE RECORD: Interaction INT-0004 exhibits low signature alignment (40%). No immediate forensic action required.
SIG-CB35083F,INT-0005,FUSED-INT-0005,StandardMotorcycleSnatch,0.2,Weak Match,0.1367,1,3,ROUTINE RECORD: Interaction INT-0005 exhibits low signature alignment (20%). No immediate forensic action required.
SIG-02391939,INT-0006,FUSED-INT-0006,StandardMotorcycleSnatch,0.2,Weak Match,0.1461,1,3,ROUTINE RECORD: Interaction INT-0006 exhibits low signature alignment (20%). No immediate forensic action required.
SIG-F4A31217,INT-0007,FUSED-INT-0007,StandardMotorcycleSnatch,0.2,Weak Match,0.1692,1,3,ROUTINE RECORD: Interaction INT-0007 exhibits low signature alignment (20%). No immediate forensic action required.
SIG-B4B713D8,INT-0008,FUSED-INT-0008,StandardMotorcycleSnatch,0.2,Weak Match,0.1809,1,3,ROUTINE RECORD: Interaction INT-0008 exhibits low signature alignment (20%). No immediate forensic action required.
SIG-7B9F995E,INT-0009,FUSED-INT-0009,StandardMotorcycleSnatch,0.2,Weak Match,0.148,1,3,ROUTINE RECORD: Interaction INT-0009 exhibits low signature alignment (20%). No immediate forensic action required.
SIG-2859213A,INT-0010,FUSED-INT-0010,StandardMotorcycleSnatch,0.2,Weak Match,0.147,1,3,ROUTINE RECORD: Interaction INT-0010 exhibits low signature alignment (20%). No immediate forensic action required.
SIG-1CE153FF,INT-0011,FUSED-INT-0011,StandardMotorcycleSnatch,0.2,Weak Match,0.148,1,3,ROUTINE RECORD: Interaction INT-0011 exhibits low signature alignment (20%). No immediate forensic action required.
SIG-275C9781,INT-0012,FUSED-INT-0012,StandardMotorcycleSnatch,0.2,Weak Match,0.148,1,3,ROUTINE RECORD: Interaction INT-0012 exhibits low signature alignment (20%). No immediate forensic action required.
SIG-E22F8226,INT-0013,FUSED-INT-0013,StandardMotorcycleSnatch,0.2,Weak Match,0.148,1,3,ROUTINE RECORD: Interaction INT-0013 exhibits low signature alignment (20%). No immediate forensic action required.
SIG-5DD33682,INT-0014,FUSED-INT-0014,StandardMotorcycleSnatch,0.2,Weak Match,0.148,1,3,ROUTINE RECORD: Interaction INT-0014 exhibits low signature alignment (20%). No immediate forensic action required.
SIG-4D3906F5,INT-0015,FUSED-INT-0015,StandardMotorcycleSnatch,0.2,Weak Match,0.148,1,3,ROUTINE RECORD: Interaction INT-0015 exhibits low signature alignment (20%). No immediate forensic action required.
SIG-AD315A59,INT-0016,FUSED-INT-0016,StandardMotorcycleSnatch,0.2,Weak Match,0.148,1,3,ROUTINE RECORD: Interaction INT-0016 exhibits low signature alignment (20%). No immediate forensic action required.
SIG-AD61FBCE,INT-0017,FUSED-INT-0017,StandardMotorcycleSnatch,0.2,Weak Match,0.148,1,3,ROUTINE RECORD: Interaction INT-0017 exhibits low signature alignment (20%). No immediate forensic action required.
SIG-18BDBC4B,INT-0018,FUSED-INT-0018,StandardMotorcycleSnatch,0.4,Weak Match,0.296,2,2,ROUTINE RECORD: Interaction INT-0018 exhibits low signature alignment (40%). No immediate forensic action required.
SIG-B715F383,INT-0001,FUSED-INT-0001,StandardMotorcycleSnatch,0.2,Weak Match,0.1681,1,3,ROUTINE RECORD: Interaction INT-0001 exhibits low signature alignment (20%). No immediate forensic action required.
SIG-4DBCB828,INT-0002,FUSED-INT-0002,StandardMotorcycleSnatch,0.8,High Confidence Match,0.6634,3,1,FLAGGED FOR HIGH-PRIORITY FORENSIC REVIEW: Interaction INT-0002 exhibits strong signature alignment (80%). Export forensic video clip for investigation.
SIG-35F56862,INT-0003,FUSED-INT-0003,StandardMotorcycleSnatch,0.4,Weak Match,0.3076,2,2,ROUTINE RECORD: Interaction INT-0003 exhibits low signature alignment (40%). No immediate forensic action required.
SIG-E1BB62F1,INT-0004,FUSED-INT-0004,StandardMotorcycleSnatch,0.4,Weak Match,0.3077,2,2,ROUTINE RECORD: Interaction INT-0004 exhibits low signature alignment (40%). No immediate forensic action required.
SIG-00256C84,INT-0005,FUSED-INT-0005,StandardMotorcycleSnatch,0.2,Weak Match,0.1367,1,3,ROUTINE RECORD: Interaction INT-0005 exhibits low signature alignment (20%). No immediate forensic action required.
SIG-432B7767,INT-0006,FUSED-INT-0006,StandardMotorcycleSnatch,0.2,Weak Match,0.1461,1,3,ROUTINE RECORD: Interaction INT-0006 exhibits low signature alignment (20%). No immediate forensic action required.
SIG-B408D4B3,INT-0007,FUSED-INT-0007,StandardMotorcycleSnatch,0.2,Weak Match,0.1692,1,3,ROUTINE RECORD: Interaction INT-0007 exhibits low signature alignment (20%). No immediate forensic action required.
SIG-13FDEF60,INT-0008,FUSED-INT-0008,StandardMotorcycleSnatch,0.2,Weak Match,0.1809,1,3,ROUTINE RECORD: Interaction INT-0008 exhibits low signature alignment (20%). No immediate forensic action required.
SIG-EBB00FE1,INT-0009,FUSED-INT-0009,StandardMotorcycleSnatch,0.2,Weak Match,0.148,1,3,ROUTINE RECORD: Interaction INT-0009 exhibits low signature alignment (20%). No immediate forensic action required.
SIG-0CCE56D0,INT-0010,FUSED-INT-0010,StandardMotorcycleSnatch,0.2,Weak Match,0.147,1,3,ROUTINE RECORD: Interaction INT-0010 exhibits low signature alignment (20%). No immediate forensic action required.
SIG-7F194975,INT-0011,FUSED-INT-0011,StandardMotorcycleSnatch,0.2,Weak Match,0.148,1,3,ROUTINE RECORD: Interaction INT-0011 exhibits low signature alignment (20%). No immediate forensic action required.
SIG-A2226ECB,INT-0012,FUSED-INT-0012,StandardMotorcycleSnatch,0.2,Weak Match,0.148,1,3,ROUTINE RECORD: Interaction INT-0012 exhibits low signature alignment (20%). No immediate forensic action required.
SIG-B2209827,INT-0013,FUSED-INT-0013,StandardMotorcycleSnatch,0.2,Weak Match,0.148,1,3,ROUTINE RECORD: Interaction INT-0013 exhibits low signature alignment (20%). No immediate forensic action required.
SIG-6172B8A6,INT-0014,FUSED-INT-0014,StandardMotorcycleSnatch,0.2,Weak Match,0.148,1,3,ROUTINE RECORD: Interaction INT-0014 exhibits low signature alignment (20%). No immediate forensic action required.
SIG-0D88732C,INT-0015,FUSED-INT-0015,StandardMotorcycleSnatch,0.2,Weak Match,0.148,1,3,ROUTINE RECORD: Interaction INT-0015 exhibits low signature alignment (20%). No immediate forensic action required.
SIG-A168788F,INT-0016,FUSED-INT-0016,StandardMotorcycleSnatch,0.2,Weak Match,0.148,1,3,ROUTINE RECORD: Interaction INT-0016 exhibits low signature alignment (20%). No immediate forensic action required.
SIG-E5454463,INT-0017,FUSED-INT-0017,StandardMotorcycleSnatch,0.2,Weak Match,0.148,1,3,ROUTINE RECORD: Interaction INT-0017 exhibits low signature alignment (20%). No immediate forensic action required.
SIG-0142AFAB,INT-0018,FUSED-INT-0018,StandardMotorcycleSnatch,0.4,Weak Match,0.296,2,2,ROUTINE RECORD: Interaction INT-0018 exhibits low signature alignment (40%). No immediate forensic action required.
SIG-DB5DB93F,INT-0001,FUSED-INT-0001,StandardMotorcycleSnatch,0.2,Weak Match,0.1681,1,3,ROUTINE RECORD: Interaction INT-0001 exhibits low signature alignment (20%). No immediate forensic action required.
SIG-6DC817BA,INT-0002,FUSED-INT-0002,StandardMotorcycleSnatch,0.8,High Confidence Match,0.6634,3,1,FLAGGED FOR HIGH-PRIORITY FORENSIC REVIEW: Interaction INT-0002 exhibits strong signature alignment (80%). Export forensic video clip for investigation.
SIG-90846AF4,INT-0003,FUSED-INT-0003,StandardMotorcycleSnatch,0.4,Weak Match,0.3076,2,2,ROUTINE RECORD: Interaction INT-0003 exhibits low signature alignment (40%). No immediate forensic action required.
SIG-D79C8B5D,INT-0004,FUSED-INT-0004,StandardMotorcycleSnatch,0.4,Weak Match,0.3076,2,2,ROUTINE RECORD: Interaction INT-0004 exhibits low signature alignment (40%). No immediate forensic action required.
SIG-C16753D8,INT-0005,FUSED-INT-0005,StandardMotorcycleSnatch,0.2,Weak Match,0.1391,1,3,ROUTINE RECORD: Interaction INT-0005 exhibits low signature alignment (20%). No immediate forensic action required.
SIG-9F67BC6B,INT-0006,FUSED-INT-0006,StandardMotorcycleSnatch,0.2,Weak Match,0.1461,1,3,ROUTINE RECORD: Interaction INT-0006 exhibits low signature alignment (20%). No immediate forensic action required.
SIG-36F3CB2E,INT-0007,FUSED-INT-0007,StandardMotorcycleSnatch,0.2,Weak Match,0.1692,1,3,ROUTINE RECORD: Interaction INT-0007 exhibits low signature alignment (20%). No immediate forensic action required.
SIG-EE980455,INT-0008,FUSED-INT-0008,StandardMotorcycleSnatch,0.2,Weak Match,0.1809,1,3,ROUTINE RECORD: Interaction INT-0008 exhibits low signature alignment (20%). No immediate forensic action required.
SIG-275C1315,INT-0009,FUSED-INT-0009,StandardMotorcycleSnatch,0.2,Weak Match,0.1457,1,3,ROUTINE RECORD: Interaction INT-0009 exhibits low signature alignment (20%). No immediate forensic action required.
SIG-6ABAA8C8,INT-0010,FUSED-INT-0010,StandardMotorcycleSnatch,0.2,Weak Match,0.147,1,3,ROUTINE RECORD: Interaction INT-0010 exhibits low signature alignment (20%). No immediate forensic action required.
SIG-A3DCCB05,INT-0011,FUSED-INT-0011,StandardMotorcycleSnatch,0.2,Weak Match,0.148,1,3,ROUTINE RECORD: Interaction INT-0011 exhibits low signature alignment (20%). No immediate forensic action required.
SIG-8B616CD6,INT-0012,FUSED-INT-0012,StandardMotorcycleSnatch,0.2,Weak Match,0.148,1,3,ROUTINE RECORD: Interaction INT-0012 exhibits low signature alignment (20%). No immediate forensic action required.
SIG-FEF619AB,INT-0013,FUSED-INT-0013,StandardMotorcycleSnatch,0.2,Weak Match,0.148,1,3,ROUTINE RECORD: Interaction INT-0013 exhibits low signature alignment (20%). No immediate forensic action required.
SIG-5856001C,INT-0014,FUSED-INT-0014,StandardMotorcycleSnatch,0.2,Weak Match,0.146,1,3,ROUTINE RECORD: Interaction INT-0014 exhibits low signature alignment (20%). No immediate forensic action required.
SIG-930B46D1,INT-0015,FUSED-INT-0015,StandardMotorcycleSnatch,0.2,Weak Match,0.146,1,3,ROUTINE RECORD: Interaction INT-0015 exhibits low signature alignment (20%). No immediate forensic action required.
SIG-88A3AD2E,INT-0016,FUSED-INT-0016,StandardMotorcycleSnatch,0.2,Weak Match,0.146,1,3,ROUTINE RECORD: Interaction INT-0016 exhibits low signature alignment (20%). No immediate forensic action required.
SIG-DA2273AC,INT-0017,FUSED-INT-0017,StandardMotorcycleSnatch,0.2,Weak Match,0.146,1,3,ROUTINE RECORD: Interaction INT-0017 exhibits low signature alignment (20%). No immediate forensic action required.
SIG-C2BAD932,INT-0018,FUSED-INT-0018,StandardMotorcycleSnatch,0.4,Weak Match,0.286,2,2,ROUTINE RECORD: Interaction INT-0018 exhibits low signature alignment (40%). No immediate forensic action required.
SIG-39D78F1D,INT-0001,FUSED-INT-0001,StandardMotorcycleSnatch,0.2,Weak Match,0.1681,1,3,ROUTINE RECORD: Interaction INT-0001 exhibits low signature alignment (20%). No immediate forensic action required.
SIG-380BB715,INT-0002,FUSED-INT-0002,StandardMotorcycleSnatch,0.8,High Confidence Match,0.6634,3,1,FLAGGED FOR HIGH-PRIORITY FORENSIC REVIEW: Interaction INT-0002 exhibits strong signature alignment (80%). Export forensic video clip for investigation.
SIG-5D5EC381,INT-0003,FUSED-INT-0003,StandardMotorcycleSnatch,0.4,Weak Match,0.3076,2,2,ROUTINE RECORD: Interaction INT-0003 exhibits low signature alignment (40%). No immediate forensic action required.
SIG-8C4EA6B9,INT-0004,FUSED-INT-0004,StandardMotorcycleSnatch,0.4,Weak Match,0.3076,2,2,ROUTINE RECORD: Interaction INT-0004 exhibits low signature alignment (40%). No immediate forensic action required.
SIG-9957B186,INT-0005,FUSED-INT-0005,StandardMotorcycleSnatch,0.2,Weak Match,0.1391,1,3,ROUTINE RECORD: Interaction INT-0005 exhibits low signature alignment (20%). No immediate forensic action required.
SIG-038BA165,INT-0006,FUSED-INT-0006,StandardMotorcycleSnatch,0.2,Weak Match,0.1461,1,3,ROUTINE RECORD: Interaction INT-0006 exhibits low signature alignment (20%). No immediate forensic action required.
SIG-47E15E68,INT-0007,FUSED-INT-0007,StandardMotorcycleSnatch,0.2,Weak Match,0.1692,1,3,ROUTINE RECORD: Interaction INT-0007 exhibits low signature alignment (20%). No immediate forensic action required.
SIG-9E2CB177,INT-0008,FUSED-INT-0008,StandardMotorcycleSnatch,0.2,Weak Match,0.1809,1,3,ROUTINE RECORD: Interaction INT-0008 exhibits low signature alignment (20%). No immediate forensic action required.
SIG-0E0CB9DD,INT-0009,FUSED-INT-0009,StandardMotorcycleSnatch,0.2,Weak Match,0.1457,1,3,ROUTINE RECORD: Interaction INT-0009 exhibits low signature alignment (20%). No immediate forensic action required.
SIG-C4C911F7,INT-0010,FUSED-INT-0010,StandardMotorcycleSnatch,0.2,Weak Match,0.147,1,3,ROUTINE RECORD: Interaction INT-0010 exhibits low signature alignment (20%). No immediate forensic action required.
SIG-B22857CE,INT-0011,FUSED-INT-0011,StandardMotorcycleSnatch,0.2,Weak Match,0.148,1,3,ROUTINE RECORD: Interaction INT-0011 exhibits low signature alignment (20%). No immediate forensic action required.
SIG-D2621E71,INT-0012,FUSED-INT-0012,StandardMotorcycleSnatch,0.2,Weak Match,0.148,1,3,ROUTINE RECORD: Interaction INT-0012 exhibits low signature alignment (20%). No immediate forensic action required.
SIG-4486021C,INT-0013,FUSED-INT-0013,StandardMotorcycleSnatch,0.2,Weak Match,0.148,1,3,ROUTINE RECORD: Interaction INT-0013 exhibits low signature alignment (20%). No immediate forensic action required.
SIG-FB026A5A,INT-0014,FUSED-INT-0014,StandardMotorcycleSnatch,0.2,Weak Match,0.146,1,3,ROUTINE RECORD: Interaction INT-0014 exhibits low signature alignment (20%). No immediate forensic action required.
SIG-220FB4B7,INT-0015,FUSED-INT-0015,StandardMotorcycleSnatch,0.2,Weak Match,0.146,1,3,ROUTINE RECORD: Interaction INT-0015 exhibits low signature alignment (20%). No immediate forensic action required.
SIG-0698C29B,INT-0016,FUSED-INT-0016,StandardMotorcycleSnatch,0.2,Weak Match,0.146,1,3,ROUTINE RECORD: Interaction INT-0016 exhibits low signature alignment (20%). No immediate forensic action required.
SIG-1EFF023B,INT-0017,FUSED-INT-0017,StandardMotorcycleSnatch,0.2,Weak Match,0.146,1,3,ROUTINE RECORD: Interaction INT-0017 exhibits low signature alignment (20%). No immediate forensic action required.
SIG-5BBB4C3F,INT-0018,FUSED-INT-0018,StandardMotorcycleSnatch,0.4,Weak Match,0.2867,2,2,ROUTINE RECORD: Interaction INT-0018 exhibits low signature alignment (40%). No immediate forensic action required.
SIG-A05FA0E9,INT-0001,FUSED-INT-0001,StandardMotorcycleSnatch,0.2,Weak Match,0.1681,1,3,ROUTINE RECORD: Interaction INT-0001 exhibits low signature alignment (20%). No immediate forensic action required.
SIG-83140514,INT-0002,FUSED-INT-0002,StandardMotorcycleSnatch,0.8,High Confidence Match,0.6634,3,1,FLAGGED FOR HIGH-PRIORITY FORENSIC REVIEW: Interaction INT-0002 exhibits strong signature alignment (80%). Export forensic video clip for investigation.
SIG-67122575,INT-0003,FUSED-INT-0003,StandardMotorcycleSnatch,0.4,Weak Match,0.3076,2,2,ROUTINE RECORD: Interaction INT-0003 exhibits low signature alignment (40%). No immediate forensic action required.
SIG-B24842D9,INT-0004,FUSED-INT-0004,StandardMotorcycleSnatch,0.4,Weak Match,0.3075,2,2,ROUTINE RECORD: Interaction INT-0004 exhibits low signature alignment (40%). No immediate forensic action required.
SIG-1CE11314,INT-0005,FUSED-INT-0005,StandardMotorcycleSnatch,0.2,Weak Match,0.1391,1,3,ROUTINE RECORD: Interaction INT-0005 exhibits low signature alignment (20%). No immediate forensic action required.
SIG-5DA8065F,INT-0006,FUSED-INT-0006,StandardMotorcycleSnatch,0.2,Weak Match,0.1461,1,3,ROUTINE RECORD: Interaction INT-0006 exhibits low signature alignment (20%). No immediate forensic action required.
SIG-29B28ADF,INT-0007,FUSED-INT-0007,StandardMotorcycleSnatch,0.2,Weak Match,0.1692,1,3,ROUTINE RECORD: Interaction INT-0007 exhibits low signature alignment (20%). No immediate forensic action required.
SIG-DFB57869,INT-0008,FUSED-INT-0008,StandardMotorcycleSnatch,0.2,Weak Match,0.1809,1,3,ROUTINE RECORD: Interaction INT-0008 exhibits low signature alignment (20%). No immediate forensic action required.
SIG-C011C65E,INT-0009,FUSED-INT-0009,StandardMotorcycleSnatch,0.2,Weak Match,0.1457,1,3,ROUTINE RECORD: Interaction INT-0009 exhibits low signature alignment (20%). No immediate forensic action required.
SIG-BB1B394D,INT-0010,FUSED-INT-0010,StandardMotorcycleSnatch,0.2,Weak Match,0.147,1,3,ROUTINE RECORD: Interaction INT-0010 exhibits low signature alignment (20%). No immediate forensic action required.
SIG-46107BB7,INT-0011,FUSED-INT-0011,StandardMotorcycleSnatch,0.2,Weak Match,0.148,1,3,ROUTINE RECORD: Interaction INT-0011 exhibits low signature alignment (20%). No immediate forensic action required.
SIG-5536326D,INT-0012,FUSED-INT-0012,StandardMotorcycleSnatch,0.2,Weak Match,0.148,1,3,ROUTINE RECORD: Interaction INT-0012 exhibits low signature alignment (20%). No immediate forensic action required.
SIG-A779C7D8,INT-0013,FUSED-INT-0013,StandardMotorcycleSnatch,0.2,Weak Match,0.148,1,3,ROUTINE RECORD: Interaction INT-0013 exhibits low signature alignment (20%). No immediate forensic action required.
SIG-E5AEEF4B,INT-0014,FUSED-INT-0014,StandardMotorcycleSnatch,0.2,Weak Match,0.146,1,3,ROUTINE RECORD: Interaction INT-0014 exhibits low signature alignment (20%). No immediate forensic action required.
SIG-1DC4F027,INT-0015,FUSED-INT-0015,StandardMotorcycleSnatch,0.2,Weak Match,0.146,1,3,ROUTINE RECORD: Interaction INT-0015 exhibits low signature alignment (20%). No immediate forensic action required.
SIG-58FC2793,INT-0016,FUSED-INT-0016,StandardMotorcycleSnatch,0.2,Weak Match,0.146,1,3,ROUTINE RECORD: Interaction INT-0016 exhibits low signature alignment (20%). No immediate forensic action required.
SIG-E8911B1A,INT-0017,FUSED-INT-0017,StandardMotorcycleSnatch,0.2,Weak Match,0.146,1,3,ROUTINE RECORD: Interaction INT-0017 exhibits low signature alignment (20%). No immediate forensic action required.
SIG-F57BA0BB,INT-0018,FUSED-INT-0018,StandardMotorcycleSnatch,0.4,Weak Match,0.281,2,2,ROUTINE RECORD: Interaction INT-0018 exhibits low signature alignment (40%). No immediate forensic action required.
SIG-41D5BC34,INT-0001,FUSED-INT-0001,StandardMotorcycleSnatch,0.2,Weak Match,0.1681,1,3,ROUTINE RECORD: Interaction INT-0001 exhibits low signature alignment (20%). No immediate forensic action required.
SIG-BCFD43C2,INT-0002,FUSED-INT-0002,StandardMotorcycleSnatch,0.8,High Confidence Match,0.6634,3,1,FLAGGED FOR HIGH-PRIORITY FORENSIC REVIEW: Interaction INT-0002 exhibits strong signature alignment (80%). Export forensic video clip for investigation.
SIG-76580CFA,INT-0003,FUSED-INT-0003,StandardMotorcycleSnatch,0.4,Weak Match,0.3076,2,2,ROUTINE RECORD: Interaction INT-0003 exhibits low signature alignment (40%). No immediate forensic action required.
SIG-CC471226,INT-0004,FUSED-INT-0004,StandardMotorcycleSnatch,0.4,Weak Match,0.3074,2,2,ROUTINE RECORD: Interaction INT-0004 exhibits low signature alignment (40%). No immediate forensic action required.
SIG-216F9AE9,INT-0005,FUSED-INT-0005,StandardMotorcycleSnatch,0.2,Weak Match,0.1391,1,3,ROUTINE RECORD: Interaction INT-0005 exhibits low signature alignment (20%). No immediate forensic action required.
SIG-B63AC9D9,INT-0006,FUSED-INT-0006,StandardMotorcycleSnatch,0.2,Weak Match,0.1461,1,3,ROUTINE RECORD: Interaction INT-0006 exhibits low signature alignment (20%). No immediate forensic action required.
SIG-D98D7F38,INT-0007,FUSED-INT-0007,StandardMotorcycleSnatch,0.2,Weak Match,0.1692,1,3,ROUTINE RECORD: Interaction INT-0007 exhibits low signature alignment (20%). No immediate forensic action required.
SIG-A1F30CB6,INT-0008,FUSED-INT-0008,StandardMotorcycleSnatch,0.2,Weak Match,0.1809,1,3,ROUTINE RECORD: Interaction INT-0008 exhibits low signature alignment (20%). No immediate forensic action required.
SIG-B00DA556,INT-0009,FUSED-INT-0009,StandardMotorcycleSnatch,0.2,Weak Match,0.1457,1,3,ROUTINE RECORD: Interaction INT-0009 exhibits low signature alignment (20%). No immediate forensic action required.
SIG-56C5ED5A,INT-0010,FUSED-INT-0010,StandardMotorcycleSnatch,0.2,Weak Match,0.147,1,3,ROUTINE RECORD: Interaction INT-0010 exhibits low signature alignment (20%). No immediate forensic action required.
SIG-4CA826FF,INT-0011,FUSED-INT-0011,StandardMotorcycleSnatch,0.2,Weak Match,0.148,1,3,ROUTINE RECORD: Interaction INT-0011 exhibits low signature alignment (20%). No immediate forensic action required.
SIG-925FE355,INT-0012,FUSED-INT-0012,StandardMotorcycleSnatch,0.2,Weak Match,0.148,1,3,ROUTINE RECORD: Interaction INT-0012 exhibits low signature alignment (20%). No immediate forensic action required.
SIG-278D7E59,INT-0013,FUSED-INT-0013,StandardMotorcycleSnatch,0.2,Weak Match,0.148,1,3,ROUTINE RECORD: Interaction INT-0013 exhibits low signature alignment (20%). No immediate forensic action required.
SIG-E868AEB1,INT-0014,FUSED-INT-0014,StandardMotorcycleSnatch,0.2,Weak Match,0.146,1,3,ROUTINE RECORD: Interaction INT-0014 exhibits low signature alignment (20%). No immediate forensic action required.
SIG-CD06DC07,INT-0015,FUSED-INT-0015,StandardMotorcycleSnatch,0.2,Weak Match,0.146,1,3,ROUTINE RECORD: Interaction INT-0015 exhibits low signature alignment (20%). No immediate forensic action required.
SIG-B55FFBF1,INT-0016,FUSED-INT-0016,StandardMotorcycleSnatch,0.2,Weak Match,0.146,1,3,ROUTINE RECORD: Interaction INT-0016 exhibits low signature alignment (20%). No immediate forensic action required.
SIG-8C9CC62B,INT-0017,FUSED-INT-0017,StandardMotorcycleSnatch,0.2,Weak Match,0.146,1,3,ROUTINE RECORD: Interaction INT-0017 exhibits low signature alignment (20%). No immediate forensic action required.
SIG-A8F63EF1,INT-0018,FUSED-INT-0018,StandardMotorcycleSnatch,0.4,Weak Match,0.284,2,2,ROUTINE RECORD: Interaction INT-0018 exhibits low signature alignment (40%). No immediate forensic action required.
SIG-51576D35,INT-0001,FUSED-INT-0001,StandardMotorcycleSnatch,0.2,Weak Match,0.1681,1,3,ROUTINE RECORD: Interaction INT-0001 exhibits low signature alignment (20%). No immediate forensic action required.
SIG-A8704275,INT-0002,FUSED-INT-0002,StandardMotorcycleSnatch,0.8,High Confidence Match,0.6634,3,1,FLAGGED FOR HIGH-PRIORITY FORENSIC REVIEW: Interaction INT-0002 exhibits strong signature alignment (80%). Export forensic video clip for investigation.
SIG-E1BC9BEC,INT-0003,FUSED-INT-0003,StandardMotorcycleSnatch,0.4,Weak Match,0.3076,2,2,ROUTINE RECORD: Interaction INT-0003 exhibits low signature alignment (40%). No immediate forensic action required.
SIG-AE997155,INT-0004,FUSED-INT-0004,StandardMotorcycleSnatch,0.4,Weak Match,0.3074,2,2,ROUTINE RECORD: Interaction INT-0004 exhibits low signature alignment (40%). No immediate forensic action required.
SIG-181F749F,INT-0005,FUSED-INT-0005,StandardMotorcycleSnatch,0.2,Weak Match,0.1391,1,3,ROUTINE RECORD: Interaction INT-0005 exhibits low signature alignment (20%). No immediate forensic action required.
SIG-5C884EA4,INT-0006,FUSED-INT-0006,StandardMotorcycleSnatch,0.2,Weak Match,0.1461,1,3,ROUTINE RECORD: Interaction INT-0006 exhibits low signature alignment (20%). No immediate forensic action required.
SIG-5C0818AE,INT-0007,FUSED-INT-0007,StandardMotorcycleSnatch,0.2,Weak Match,0.1692,1,3,ROUTINE RECORD: Interaction INT-0007 exhibits low signature alignment (20%). No immediate forensic action required.
SIG-90A344D5,INT-0008,FUSED-INT-0008,StandardMotorcycleSnatch,0.2,Weak Match,0.1809,1,3,ROUTINE RECORD: Interaction INT-0008 exhibits low signature alignment (20%). No immediate forensic action required.
SIG-442B05AB,INT-0009,FUSED-INT-0009,StandardMotorcycleSnatch,0.2,Weak Match,0.1457,1,3,ROUTINE RECORD: Interaction INT-0009 exhibits low signature alignment (20%). No immediate forensic action required.
SIG-D4A4ACFF,INT-0010,FUSED-INT-0010,StandardMotorcycleSnatch,0.2,Weak Match,0.147,1,3,ROUTINE RECORD: Interaction INT-0010 exhibits low signature alignment (20%). No immediate forensic action required.
SIG-AAFAFB40,INT-0011,FUSED-INT-0011,StandardMotorcycleSnatch,0.2,Weak Match,0.148,1,3,ROUTINE RECORD: Interaction INT-0011 exhibits low signature alignment (20%). No immediate forensic action required.
SIG-B73C3CC6,INT-0012,FUSED-INT-0012,StandardMotorcycleSnatch,0.2,Weak Match,0.148,1,3,ROUTINE RECORD: Interaction INT-0012 exhibits low signature alignment (20%). No immediate forensic action required.
SIG-C0F4B43F,INT-0013,FUSED-INT-0013,StandardMotorcycleSnatch,0.2,Weak Match,0.148,1,3,ROUTINE RECORD: Interaction INT-0013 exhibits low signature alignment (20%). No immediate forensic action required.
SIG-4A951D19,INT-0014,FUSED-INT-0014,StandardMotorcycleSnatch,0.2,Weak Match,0.146,1,3,ROUTINE RECORD: Interaction INT-0014 exhibits low signature alignment (20%). No immediate forensic action required.
SIG-3FF4A242,INT-0015,FUSED-INT-0015,StandardMotorcycleSnatch,0.2,Weak Match,0.146,1,3,ROUTINE RECORD: Interaction INT-0015 exhibits low signature alignment (20%). No immediate forensic action required.
SIG-19A45D10,INT-0016,FUSED-INT-0016,StandardMotorcycleSnatch,0.2,Weak Match,0.146,1,3,ROUTINE RECORD: Interaction INT-0016 exhibits low signature alignment (20%). No immediate forensic action required.
SIG-C41EFDD8,INT-0017,FUSED-INT-0017,StandardMotorcycleSnatch,0.2,Weak Match,0.146,1,3,ROUTINE RECORD: Interaction INT-0017 exhibits low signature alignment (20%). No immediate forensic action required.
SIG-A3B387D1,INT-0018,FUSED-INT-0018,StandardMotorcycleSnatch,0.4,Weak Match,0.2848,2,2,ROUTINE RECORD: Interaction INT-0018 exhibits low signature alignment (40%). No immediate forensic action required.
SIG-14BE1306,INT-0001,FUSED-INT-0001,StandardMotorcycleSnatch,0.2,Weak Match,0.1681,1,3,ROUTINE RECORD: Interaction INT-0001 exhibits low signature alignment (20%). No immediate forensic action required.
SIG-B86A9675,INT-0002,FUSED-INT-0002,StandardMotorcycleSnatch,0.8,High Confidence Match,0.6634,3,1,FLAGGED FOR HIGH-PRIORITY FORENSIC REVIEW: Interaction INT-0002 exhibits strong signature alignment (80%). Export forensic video clip for investigation.
SIG-5AECDE7D,INT-0003,FUSED-INT-0003,StandardMotorcycleSnatch,0.4,Weak Match,0.3076,2,2,ROUTINE RECORD: Interaction INT-0003 exhibits low signature alignment (40%). No immediate forensic action required.
SIG-3C71B5CF,INT-0004,FUSED-INT-0004,StandardMotorcycleSnatch,0.4,Weak Match,0.3074,2,2,ROUTINE RECORD: Interaction INT-0004 exhibits low signature alignment (40%). No immediate forensic action required.
SIG-7AC5FE99,INT-0005,FUSED-INT-0005,StandardMotorcycleSnatch,0.2,Weak Match,0.1391,1,3,ROUTINE RECORD: Interaction INT-0005 exhibits low signature alignment (20%). No immediate forensic action required.
SIG-4C68DF18,INT-0006,FUSED-INT-0006,StandardMotorcycleSnatch,0.2,Weak Match,0.1461,1,3,ROUTINE RECORD: Interaction INT-0006 exhibits low signature alignment (20%). No immediate forensic action required.
SIG-05248D26,INT-0007,FUSED-INT-0007,StandardMotorcycleSnatch,0.2,Weak Match,0.1692,1,3,ROUTINE RECORD: Interaction INT-0007 exhibits low signature alignment (20%). No immediate forensic action required.
SIG-5D1BE600,INT-0008,FUSED-INT-0008,StandardMotorcycleSnatch,0.2,Weak Match,0.1809,1,3,ROUTINE RECORD: Interaction INT-0008 exhibits low signature alignment (20%). No immediate forensic action required.
SIG-75ED12B8,INT-0009,FUSED-INT-0009,StandardMotorcycleSnatch,0.2,Weak Match,0.1457,1,3,ROUTINE RECORD: Interaction INT-0009 exhibits low signature alignment (20%). No immediate forensic action required.
SIG-0058AC35,INT-0010,FUSED-INT-0010,StandardMotorcycleSnatch,0.2,Weak Match,0.147,1,3,ROUTINE RECORD: Interaction INT-0010 exhibits low signature alignment (20%). No immediate forensic action required.
SIG-6A5DB1AE,INT-0011,FUSED-INT-0011,StandardMotorcycleSnatch,0.2,Weak Match,0.148,1,3,ROUTINE RECORD: Interaction INT-0011 exhibits low signature alignment (20%). No immediate forensic action required.
SIG-77FEF8BE,INT-0012,FUSED-INT-0012,StandardMotorcycleSnatch,0.2,Weak Match,0.148,1,3,ROUTINE RECORD: Interaction INT-0012 exhibits low signature alignment (20%). No immediate forensic action required.
SIG-1971B4E5,INT-0013,FUSED-INT-0013,StandardMotorcycleSnatch,0.2,Weak Match,0.148,1,3,ROUTINE RECORD: Interaction INT-0013 exhibits low signature alignment (20%). No immediate forensic action required.
SIG-156ACDA9,INT-0014,FUSED-INT-0014,StandardMotorcycleSnatch,0.2,Weak Match,0.146,1,3,ROUTINE RECORD: Interaction INT-0014 exhibits low signature alignment (20%). No immediate forensic action required.
SIG-FD55D3D7,INT-0015,FUSED-INT-0015,StandardMotorcycleSnatch,0.2,Weak Match,0.146,1,3,ROUTINE RECORD: Interaction INT-0015 exhibits low signature alignment (20%). No immediate forensic action required.
SIG-ECF342F6,INT-0016,FUSED-INT-0016,StandardMotorcycleSnatch,0.2,Weak Match,0.146,1,3,ROUTINE RECORD: Interaction INT-0016 exhibits low signature alignment (20%). No immediate forensic action required.
SIG-5B848E1E,INT-0017,FUSED-INT-0017,StandardMotorcycleSnatch,0.2,Weak Match,0.146,1,3,ROUTINE RECORD: Interaction INT-0017 exhibits low signature alignment (20%). No immediate forensic action required.
SIG-5642A9C0,INT-0018,FUSED-INT-0018,StandardMotorcycleSnatch,0.4,Weak Match,0.2848,2,2,ROUTINE RECORD: Interaction INT-0018 exhibits low signature alignment (40%). No immediate forensic action required.
SIG-F4629B23,INT-0001,FUSED-INT-0001,StandardMotorcycleSnatch,0.2,Weak Match,0.1681,1,3,ROUTINE RECORD: Interaction INT-0001 exhibits low signature alignment (20%). No immediate forensic action required.
SIG-DD25FF3C,INT-0002,FUSED-INT-0002,StandardMotorcycleSnatch,0.8,High Confidence Match,0.6634,3,1,FLAGGED FOR HIGH-PRIORITY FORENSIC REVIEW: Interaction INT-0002 exhibits strong signature alignment (80%). Export forensic video clip for investigation.
SIG-12D32117,INT-0003,FUSED-INT-0003,StandardMotorcycleSnatch,0.4,Weak Match,0.3076,2,2,ROUTINE RECORD: Interaction INT-0003 exhibits low signature alignment (40%). No immediate forensic action required.
SIG-01D3817E,INT-0004,FUSED-INT-0004,StandardMotorcycleSnatch,0.4,Weak Match,0.3073,2,2,ROUTINE RECORD: Interaction INT-0004 exhibits low signature alignment (40%). No immediate forensic action required.
SIG-D23465A1,INT-0005,FUSED-INT-0005,StandardMotorcycleSnatch,0.2,Weak Match,0.1391,1,3,ROUTINE RECORD: Interaction INT-0005 exhibits low signature alignment (20%). No immediate forensic action required.
SIG-94BD507B,INT-0006,FUSED-INT-0006,StandardMotorcycleSnatch,0.2,Weak Match,0.1461,1,3,ROUTINE RECORD: Interaction INT-0006 exhibits low signature alignment (20%). No immediate forensic action required.
SIG-4BEFC2DE,INT-0007,FUSED-INT-0007,StandardMotorcycleSnatch,0.2,Weak Match,0.1692,1,3,ROUTINE RECORD: Interaction INT-0007 exhibits low signature alignment (20%). No immediate forensic action required.
SIG-9C08D4F7,INT-0008,FUSED-INT-0008,StandardMotorcycleSnatch,0.2,Weak Match,0.1809,1,3,ROUTINE RECORD: Interaction INT-0008 exhibits low signature alignment (20%). No immediate forensic action required.
SIG-7D129255,INT-0009,FUSED-INT-0009,StandardMotorcycleSnatch,0.2,Weak Match,0.1457,1,3,ROUTINE RECORD: Interaction INT-0009 exhibits low signature alignment (20%). No immediate forensic action required.
SIG-72E52043,INT-0010,FUSED-INT-0010,StandardMotorcycleSnatch,0.2,Weak Match,0.147,1,3,ROUTINE RECORD: Interaction INT-0010 exhibits low signature alignment (20%). No immediate forensic action required.
SIG-AD861D04,INT-0011,FUSED-INT-0011,StandardMotorcycleSnatch,0.2,Weak Match,0.148,1,3,ROUTINE RECORD: Interaction INT-0011 exhibits low signature alignment (20%). No immediate forensic action required.
SIG-CF3A0474,INT-0012,FUSED-INT-0012,StandardMotorcycleSnatch,0.2,Weak Match,0.148,1,3,ROUTINE RECORD: Interaction INT-0012 exhibits low signature alignment (20%). No immediate forensic action required.
SIG-4F4A23F5,INT-0013,FUSED-INT-0013,StandardMotorcycleSnatch,0.2,Weak Match,0.148,1,3,ROUTINE RECORD: Interaction INT-0013 exhibits low signature alignment (20%). No immediate forensic action required.
SIG-79E727BA,INT-0014,FUSED-INT-0014,StandardMotorcycleSnatch,0.2,Weak Match,0.146,1,3,ROUTINE RECORD: Interaction INT-0014 exhibits low signature alignment (20%). No immediate forensic action required.
SIG-FF550B16,INT-0015,FUSED-INT-0015,StandardMotorcycleSnatch,0.2,Weak Match,0.146,1,3,ROUTINE RECORD: Interaction INT-0015 exhibits low signature alignment (20%). No immediate forensic action required.
SIG-B838FD91,INT-0016,FUSED-INT-0016,StandardMotorcycleSnatch,0.2,Weak Match,0.146,1,3,ROUTINE RECORD: Interaction INT-0016 exhibits low signature alignment (20%). No immediate forensic action required.
SIG-EA71B173,INT-0017,FUSED-INT-0017,StandardMotorcycleSnatch,0.2,Weak Match,0.146,1,3,ROUTINE RECORD: Interaction INT-0017 exhibits low signature alignment (20%). No immediate forensic action required.
SIG-0BA32DD0,INT-0018,FUSED-INT-0018,StandardMotorcycleSnatch,0.4,Weak Match,0.283,2,2,ROUTINE RECORD: Interaction INT-0018 exhibits low signature alignment (40%). No immediate forensic action required.
SIG-DA0165D0,INT-0001,FUSED-INT-0001,StandardMotorcycleSnatch,0.2,Weak Match,0.1681,1,3,ROUTINE RECORD: Interaction INT-0001 exhibits low signature alignment (20%). No immediate forensic action required.
SIG-B31792E8,INT-0002,FUSED-INT-0002,StandardMotorcycleSnatch,0.8,High Confidence Match,0.6634,3,1,FLAGGED FOR HIGH-PRIORITY FORENSIC REVIEW: Interaction INT-0002 exhibits strong signature alignment (80%). Export forensic video clip for investigation.
SIG-113679D9,INT-0003,FUSED-INT-0003,StandardMotorcycleSnatch,0.4,Weak Match,0.3076,2,2,ROUTINE RECORD: Interaction INT-0003 exhibits low signature alignment (40%). No immediate forensic action required.
SIG-DB11A42E,INT-0004,FUSED-INT-0004,StandardMotorcycleSnatch,0.4,Weak Match,0.3072,2,2,ROUTINE RECORD: Interaction INT-0004 exhibits low signature alignment (40%). No immediate forensic action required.
SIG-486C80DE,INT-0005,FUSED-INT-0005,StandardMotorcycleSnatch,0.2,Weak Match,0.1391,1,3,ROUTINE RECORD: Interaction INT-0005 exhibits low signature alignment (20%). No immediate forensic action required.
SIG-81668798,INT-0006,FUSED-INT-0006,StandardMotorcycleSnatch,0.2,Weak Match,0.1461,1,3,ROUTINE RECORD: Interaction INT-0006 exhibits low signature alignment (20%). No immediate forensic action required.
SIG-55466302,INT-0007,FUSED-INT-0007,StandardMotorcycleSnatch,0.2,Weak Match,0.1692,1,3,ROUTINE RECORD: Interaction INT-0007 exhibits low signature alignment (20%). No immediate forensic action required.
SIG-68F6D0C7,INT-0008,FUSED-INT-0008,StandardMotorcycleSnatch,0.2,Weak Match,0.1809,1,3,ROUTINE RECORD: Interaction INT-0008 exhibits low signature alignment (20%). No immediate forensic action required.
SIG-EEA3CD2F,INT-0009,FUSED-INT-0009,StandardMotorcycleSnatch,0.2,Weak Match,0.1457,1,3,ROUTINE RECORD: Interaction INT-0009 exhibits low signature alignment (20%). No immediate forensic action required.
SIG-3E97B08F,INT-0010,FUSED-INT-0010,StandardMotorcycleSnatch,0.2,Weak Match,0.147,1,3,ROUTINE RECORD: Interaction INT-0010 exhibits low signature alignment (20%). No immediate forensic action required.
SIG-7B38F15B,INT-0011,FUSED-INT-0011,StandardMotorcycleSnatch,0.2,Weak Match,0.148,1,3,ROUTINE RECORD: Interaction INT-0011 exhibits low signature alignment (20%). No immediate forensic action required.
SIG-BD243090,INT-0012,FUSED-INT-0012,StandardMotorcycleSnatch,0.2,Weak Match,0.148,1,3,ROUTINE RECORD: Interaction INT-0012 exhibits low signature alignment (20%). No immediate forensic action required.
SIG-33C3C790,INT-0013,FUSED-INT-0013,StandardMotorcycleSnatch,0.2,Weak Match,0.148,1,3,ROUTINE RECORD: Interaction INT-0013 exhibits low signature alignment (20%). No immediate forensic action required.
SIG-FC1FDE36,INT-0014,FUSED-INT-0014,StandardMotorcycleSnatch,0.2,Weak Match,0.146,1,3,ROUTINE RECORD: Interaction INT-0014 exhibits low signature alignment (20%). No immediate forensic action required.
SIG-B22ED06E,INT-0015,FUSED-INT-0015,StandardMotorcycleSnatch,0.2,Weak Match,0.146,1,3,ROUTINE RECORD: Interaction INT-0015 exhibits low signature alignment (20%). No immediate forensic action required.
SIG-9DB9EF61,INT-0016,FUSED-INT-0016,StandardMotorcycleSnatch,0.2,Weak Match,0.146,1,3,ROUTINE RECORD: Interaction INT-0016 exhibits low signature alignment (20%). No immediate forensic action required.
SIG-AC828FB7,INT-0017,FUSED-INT-0017,StandardMotorcycleSnatch,0.2,Weak Match,0.146,1,3,ROUTINE RECORD: Interaction INT-0017 exhibits low signature alignment (20%). No immediate forensic action required.
SIG-E3AD4868,INT-0018,FUSED-INT-0018,StandardMotorcycleSnatch,0.4,Weak Match,0.2853,2,2,ROUTINE RECORD: Interaction INT-0018 exhibits low signature alignment (40%). No immediate forensic action required.
SIG-26CFCBC6,INT-0001,FUSED-INT-0001,StandardMotorcycleSnatch,0.2,Weak Match,0.1681,1,3,ROUTINE RECORD: Interaction INT-0001 exhibits low signature alignment (20%). No immediate forensic action required.
SIG-8ADC8CD0,INT-0002,FUSED-INT-0002,StandardMotorcycleSnatch,0.8,High Confidence Match,0.6634,3,1,FLAGGED FOR HIGH-PRIORITY FORENSIC REVIEW: Interaction INT-0002 exhibits strong signature alignment (80%). Export forensic video clip for investigation.
SIG-228B656E,INT-0003,FUSED-INT-0003,StandardMotorcycleSnatch,0.4,Weak Match,0.3076,2,2,ROUTINE RECORD: Interaction INT-0003 exhibits low signature alignment (40%). No immediate forensic action required.
SIG-0C798A50,INT-0004,FUSED-INT-0004,StandardMotorcycleSnatch,0.4,Weak Match,0.3072,2,2,ROUTINE RECORD: Interaction INT-0004 exhibits low signature alignment (40%). No immediate forensic action required.
SIG-642FAA32,INT-0005,FUSED-INT-0005,StandardMotorcycleSnatch,0.2,Weak Match,0.1391,1,3,ROUTINE RECORD: Interaction INT-0005 exhibits low signature alignment (20%). No immediate forensic action required.
SIG-42922710,INT-0006,FUSED-INT-0006,StandardMotorcycleSnatch,0.2,Weak Match,0.1461,1,3,ROUTINE RECORD: Interaction INT-0006 exhibits low signature alignment (20%). No immediate forensic action required.
SIG-2ED98CA8,INT-0007,FUSED-INT-0007,StandardMotorcycleSnatch,0.2,Weak Match,0.1692,1,3,ROUTINE RECORD: Interaction INT-0007 exhibits low signature alignment (20%). No immediate forensic action required.
SIG-3C911B65,INT-0008,FUSED-INT-0008,StandardMotorcycleSnatch,0.2,Weak Match,0.1809,1,3,ROUTINE RECORD: Interaction INT-0008 exhibits low signature alignment (20%). No immediate forensic action required.
SIG-20EB865A,INT-0009,FUSED-INT-0009,StandardMotorcycleSnatch,0.2,Weak Match,0.1457,1,3,ROUTINE RECORD: Interaction INT-0009 exhibits low signature alignment (20%). No immediate forensic action required.
SIG-78DDA939,INT-0010,FUSED-INT-0010,StandardMotorcycleSnatch,0.2,Weak Match,0.147,1,3,ROUTINE RECORD: Interaction INT-0010 exhibits low signature alignment (20%). No immediate forensic action required.
SIG-9F605D1A,INT-0011,FUSED-INT-0011,StandardMotorcycleSnatch,0.2,Weak Match,0.148,1,3,ROUTINE RECORD: Interaction INT-0011 exhibits low signature alignment (20%). No immediate forensic action required.
SIG-4D110836,INT-0012,FUSED-INT-0012,StandardMotorcycleSnatch,0.2,Weak Match,0.148,1,3,ROUTINE RECORD: Interaction INT-0012 exhibits low signature alignment (20%). No immediate forensic action required.
SIG-22E53F64,INT-0013,FUSED-INT-0013,StandardMotorcycleSnatch,0.2,Weak Match,0.148,1,3,ROUTINE RECORD: Interaction INT-0013 exhibits low signature alignment (20%). No immediate forensic action required.
SIG-CC923A11,INT-0014,FUSED-INT-0014,StandardMotorcycleSnatch,0.2,Weak Match,0.146,1,3,ROUTINE RECORD: Interaction INT-0014 exhibits low signature alignment (20%). No immediate forensic action required.
SIG-76ECF7AF,INT-0015,FUSED-INT-0015,StandardMotorcycleSnatch,0.2,Weak Match,0.146,1,3,ROUTINE RECORD: Interaction INT-0015 exhibits low signature alignment (20%). No immediate forensic action required.
SIG-52E3A3D8,INT-0016,FUSED-INT-0016,StandardMotorcycleSnatch,0.2,Weak Match,0.146,1,3,ROUTINE RECORD: Interaction INT-0016 exhibits low signature alignment (20%). No immediate forensic action required.
SIG-33BC304D,INT-0017,FUSED-INT-0017,StandardMotorcycleSnatch,0.2,Weak Match,0.146,1,3,ROUTINE RECORD: Interaction INT-0017 exhibits low signature alignment (20%). No immediate forensic action required.
SIG-F23B1EF3,INT-0018,FUSED-INT-0018,StandardMotorcycleSnatch,0.4,Weak Match,0.2823,2,2,ROUTINE RECORD: Interaction INT-0018 exhibits low signature alignment (40%). No immediate forensic action required.
SIG-F3E5821A,INT-0001,FUSED-INT-0001,StandardMotorcycleSnatch,0.2,Weak Match,0.1681,1,3,ROUTINE RECORD: Interaction INT-0001 exhibits low signature alignment (20%). No immediate forensic action required.
SIG-0DA3446C,INT-0002,FUSED-INT-0002,StandardMotorcycleSnatch,0.8,High Confidence Match,0.6634,3,1,FLAGGED FOR HIGH-PRIORITY FORENSIC REVIEW: Interaction INT-0002 exhibits strong signature alignment (80%). Export forensic video clip for investigation.
SIG-B577EEDC,INT-0003,FUSED-INT-0003,StandardMotorcycleSnatch,0.4,Weak Match,0.3076,2,2,ROUTINE RECORD: Interaction INT-0003 exhibits low signature alignment (40%). No immediate forensic action required.
SIG-FF169DD1,INT-0004,FUSED-INT-0004,StandardMotorcycleSnatch,0.4,Weak Match,0.3071,2,2,ROUTINE RECORD: Interaction INT-0004 exhibits low signature alignment (40%). No immediate forensic action required.
SIG-A15DE030,INT-0005,FUSED-INT-0005,StandardMotorcycleSnatch,0.2,Weak Match,0.1391,1,3,ROUTINE RECORD: Interaction INT-0005 exhibits low signature alignment (20%). No immediate forensic action required.
SIG-F57A29CD,INT-0006,FUSED-INT-0006,StandardMotorcycleSnatch,0.2,Weak Match,0.1461,1,3,ROUTINE RECORD: Interaction INT-0006 exhibits low signature alignment (20%). No immediate forensic action required.
SIG-897FEC7D,INT-0007,FUSED-INT-0007,StandardMotorcycleSnatch,0.2,Weak Match,0.1692,1,3,ROUTINE RECORD: Interaction INT-0007 exhibits low signature alignment (20%). No immediate forensic action required.
SIG-C7C4FDA3,INT-0008,FUSED-INT-0008,StandardMotorcycleSnatch,0.2,Weak Match,0.1809,1,3,ROUTINE RECORD: Interaction INT-0008 exhibits low signature alignment (20%). No immediate forensic action required.
SIG-0647C37D,INT-0009,FUSED-INT-0009,StandardMotorcycleSnatch,0.2,Weak Match,0.1457,1,3,ROUTINE RECORD: Interaction INT-0009 exhibits low signature alignment (20%). No immediate forensic action required.
SIG-B4B71D65,INT-0010,FUSED-INT-0010,StandardMotorcycleSnatch,0.2,Weak Match,0.147,1,3,ROUTINE RECORD: Interaction INT-0010 exhibits low signature alignment (20%). No immediate forensic action required.
SIG-12239C85,INT-0011,FUSED-INT-0011,StandardMotorcycleSnatch,0.2,Weak Match,0.148,1,3,ROUTINE RECORD: Interaction INT-0011 exhibits low signature alignment (20%). No immediate forensic action required.
SIG-E1995D01,INT-0012,FUSED-INT-0012,StandardMotorcycleSnatch,0.2,Weak Match,0.148,1,3,ROUTINE RECORD: Interaction INT-0012 exhibits low signature alignment (20%). No immediate forensic action required.
SIG-32C558A9,INT-0013,FUSED-INT-0013,StandardMotorcycleSnatch,0.2,Weak Match,0.148,1,3,ROUTINE RECORD: Interaction INT-0013 exhibits low signature alignment (20%). No immediate forensic action required.
SIG-42705BB6,INT-0014,FUSED-INT-0014,StandardMotorcycleSnatch,0.2,Weak Match,0.146,1,3,ROUTINE RECORD: Interaction INT-0014 exhibits low signature alignment (20%). No immediate forensic action required.
SIG-A5C8C0FC,INT-0015,FUSED-INT-0015,StandardMotorcycleSnatch,0.2,Weak Match,0.146,1,3,ROUTINE RECORD: Interaction INT-0015 exhibits low signature alignment (20%). No immediate forensic action required.
SIG-18B7BFB8,INT-0016,FUSED-INT-0016,StandardMotorcycleSnatch,0.2,Weak Match,0.146,1,3,ROUTINE RECORD: Interaction INT-0016 exhibits low signature alignment (20%). No immediate forensic action required.
SIG-CC7BA403,INT-0017,FUSED-INT-0017,StandardMotorcycleSnatch,0.2,Weak Match,0.146,1,3,ROUTINE RECORD: Interaction INT-0017 exhibits low signature alignment (20%). No immediate forensic action required.
SIG-344FA40D,INT-0018,FUSED-INT-0018,StandardMotorcycleSnatch,0.4,Weak Match,0.283,2,2,ROUTINE RECORD: Interaction INT-0018 exhibits low signature alignment (40%). No immediate forensic action required.
SIG-AD32826C,INT-0001,FUSED-INT-0001,StandardMotorcycleSnatch,0.2,Weak Match,0.1681,1,3,ROUTINE RECORD: Interaction INT-0001 exhibits low signature alignment (20%). No immediate forensic action required.
SIG-70AFC138,INT-0002,FUSED-INT-0002,StandardMotorcycleSnatch,0.8,High Confidence Match,0.6634,3,1,FLAGGED FOR HIGH-PRIORITY FORENSIC REVIEW: Interaction INT-0002 exhibits strong signature alignment (80%). Export forensic video clip for investigation.
SIG-2D20C149,INT-0003,FUSED-INT-0003,StandardMotorcycleSnatch,0.4,Weak Match,0.3076,2,2,ROUTINE RECORD: Interaction INT-0003 exhibits low signature alignment (40%). No immediate forensic action required.
SIG-22C9D38F,INT-0004,FUSED-INT-0004,StandardMotorcycleSnatch,0.4,Weak Match,0.3071,2,2,ROUTINE RECORD: Interaction INT-0004 exhibits low signature alignment (40%). No immediate forensic action required.
SIG-12E0D61B,INT-0005,FUSED-INT-0005,StandardMotorcycleSnatch,0.2,Weak Match,0.1391,1,3,ROUTINE RECORD: Interaction INT-0005 exhibits low signature alignment (20%). No immediate forensic action required.
SIG-25C3A60D,INT-0006,FUSED-INT-0006,StandardMotorcycleSnatch,0.2,Weak Match,0.1461,1,3,ROUTINE RECORD: Interaction INT-0006 exhibits low signature alignment (20%). No immediate forensic action required.
SIG-2F431346,INT-0007,FUSED-INT-0007,StandardMotorcycleSnatch,0.2,Weak Match,0.1692,1,3,ROUTINE RECORD: Interaction INT-0007 exhibits low signature alignment (20%). No immediate forensic action required.
SIG-2DBE215F,INT-0008,FUSED-INT-0008,StandardMotorcycleSnatch,0.2,Weak Match,0.1809,1,3,ROUTINE RECORD: Interaction INT-0008 exhibits low signature alignment (20%). No immediate forensic action required.
SIG-22FF6247,INT-0009,FUSED-INT-0009,StandardMotorcycleSnatch,0.2,Weak Match,0.1457,1,3,ROUTINE RECORD: Interaction INT-0009 exhibits low signature alignment (20%). No immediate forensic action required.
SIG-E75B4EFB,INT-0010,FUSED-INT-0010,StandardMotorcycleSnatch,0.2,Weak Match,0.147,1,3,ROUTINE RECORD: Interaction INT-0010 exhibits low signature alignment (20%). No immediate forensic action required.
SIG-E35C5D89,INT-0011,FUSED-INT-0011,StandardMotorcycleSnatch,0.2,Weak Match,0.148,1,3,ROUTINE RECORD: Interaction INT-0011 exhibits low signature alignment (20%). No immediate forensic action required.
SIG-B0556FF6,INT-0012,FUSED-INT-0012,StandardMotorcycleSnatch,0.2,Weak Match,0.148,1,3,ROUTINE RECORD: Interaction INT-0012 exhibits low signature alignment (20%). No immediate forensic action required.
SIG-DCF19336,INT-0013,FUSED-INT-0013,StandardMotorcycleSnatch,0.2,Weak Match,0.148,1,3,ROUTINE RECORD: Interaction INT-0013 exhibits low signature alignment (20%). No immediate forensic action required.
SIG-A2B9A151,INT-0014,FUSED-INT-0014,StandardMotorcycleSnatch,0.2,Weak Match,0.146,1,3,ROUTINE RECORD: Interaction INT-0014 exhibits low signature alignment (20%). No immediate forensic action required.
SIG-00624E96,INT-0015,FUSED-INT-0015,StandardMotorcycleSnatch,0.2,Weak Match,0.146,1,3,ROUTINE RECORD: Interaction INT-0015 exhibits low signature alignment (20%). No immediate forensic action required.
SIG-73F897DF,INT-0016,FUSED-INT-0016,StandardMotorcycleSnatch,0.2,Weak Match,0.146,1,3,ROUTINE RECORD: Interaction INT-0016 exhibits low signature alignment (20%). No immediate forensic action required.
SIG-74E296ED,INT-0017,FUSED-INT-0017,StandardMotorcycleSnatch,0.2,Weak Match,0.146,1,3,ROUTINE RECORD: Interaction INT-0017 exhibits low signature alignment (20%). No immediate forensic action required.
SIG-A4AEEFB8,INT-0018,FUSED-INT-0018,StandardMotorcycleSnatch,0.4,Weak Match,0.2836,2,2,ROUTINE RECORD: Interaction INT-0018 exhibits low signature alignment (40%). No immediate forensic action required.
SIG-7636CFAB,INT-0001,FUSED-INT-0001,StandardMotorcycleSnatch,0.2,Weak Match,0.1681,1,3,ROUTINE RECORD: Interaction INT-0001 exhibits low signature alignment (20%). No immediate forensic action required.
SIG-69084C15,INT-0002,FUSED-INT-0002,StandardMotorcycleSnatch,0.8,High Confidence Match,0.6634,3,1,FLAGGED FOR HIGH-PRIORITY FORENSIC REVIEW: Interaction INT-0002 exhibits strong signature alignment (80%). Export forensic video clip for investigation.
SIG-C6443BB4,INT-0003,FUSED-INT-0003,StandardMotorcycleSnatch,0.4,Weak Match,0.3076,2,2,ROUTINE RECORD: Interaction INT-0003 exhibits low signature alignment (40%). No immediate forensic action required.
SIG-1609EECF,INT-0004,FUSED-INT-0004,StandardMotorcycleSnatch,0.4,Weak Match,0.307,2,2,ROUTINE RECORD: Interaction INT-0004 exhibits low signature alignment (40%). No immediate forensic action required.
SIG-B6680054,INT-0005,FUSED-INT-0005,StandardMotorcycleSnatch,0.2,Weak Match,0.1391,1,3,ROUTINE RECORD: Interaction INT-0005 exhibits low signature alignment (20%). No immediate forensic action required.
SIG-EE708D4B,INT-0006,FUSED-INT-0006,StandardMotorcycleSnatch,0.2,Weak Match,0.1461,1,3,ROUTINE RECORD: Interaction INT-0006 exhibits low signature alignment (20%). No immediate forensic action required.
SIG-35AF44D2,INT-0007,FUSED-INT-0007,StandardMotorcycleSnatch,0.2,Weak Match,0.1692,1,3,ROUTINE RECORD: Interaction INT-0007 exhibits low signature alignment (20%). No immediate forensic action required.
SIG-AE185BFE,INT-0008,FUSED-INT-0008,StandardMotorcycleSnatch,0.2,Weak Match,0.1809,1,3,ROUTINE RECORD: Interaction INT-0008 exhibits low signature alignment (20%). No immediate forensic action required.
SIG-226BA603,INT-0009,FUSED-INT-0009,StandardMotorcycleSnatch,0.2,Weak Match,0.1457,1,3,ROUTINE RECORD: Interaction INT-0009 exhibits low signature alignment (20%). No immediate forensic action required.
SIG-EF03BEA6,INT-0010,FUSED-INT-0010,StandardMotorcycleSnatch,0.2,Weak Match,0.147,1,3,ROUTINE RECORD: Interaction INT-0010 exhibits low signature alignment (20%). No immediate forensic action required.
SIG-34C68611,INT-0011,FUSED-INT-0011,StandardMotorcycleSnatch,0.2,Weak Match,0.148,1,3,ROUTINE RECORD: Interaction INT-0011 exhibits low signature alignment (20%). No immediate forensic action required.
SIG-22A9D2CD,INT-0012,FUSED-INT-0012,StandardMotorcycleSnatch,0.2,Weak Match,0.148,1,3,ROUTINE RECORD: Interaction INT-0012 exhibits low signature alignment (20%). No immediate forensic action required.
SIG-1679D2E9,INT-0013,FUSED-INT-0013,StandardMotorcycleSnatch,0.2,Weak Match,0.148,1,3,ROUTINE RECORD: Interaction INT-0013 exhibits low signature alignment (20%). No immediate forensic action required.
SIG-FBBD310F,INT-0014,FUSED-INT-0014,StandardMotorcycleSnatch,0.2,Weak Match,0.146,1,3,ROUTINE RECORD: Interaction INT-0014 exhibits low signature alignment (20%). No immediate forensic action required.
SIG-2723C10C,INT-0015,FUSED-INT-0015,StandardMotorcycleSnatch,0.2,Weak Match,0.146,1,3,ROUTINE RECORD: Interaction INT-0015 exhibits low signature alignment (20%). No immediate forensic action required.
SIG-ED0A30AF,INT-0016,FUSED-INT-0016,StandardMotorcycleSnatch,0.2,Weak Match,0.146,1,3,ROUTINE RECORD: Interaction INT-0016 exhibits low signature alignment (20%). No immediate forensic action required.
SIG-F5450340,INT-0017,FUSED-INT-0017,StandardMotorcycleSnatch,0.2,Weak Match,0.146,1,3,ROUTINE RECORD: Interaction INT-0017 exhibits low signature alignment (20%). No immediate forensic action required.
SIG-C34D3616,INT-0018,FUSED-INT-0018,StandardMotorcycleSnatch,0.4,Weak Match,0.2836,2,2,ROUTINE RECORD: Interaction INT-0018 exhibits low signature alignment (40%). No immediate forensic action required.
SIG-4EA6FFF6,INT-0001,FUSED-INT-0001,StandardMotorcycleSnatch,0.2,Weak Match,0.1681,1,3,ROUTINE RECORD: Interaction INT-0001 exhibits low signature alignment (20%). No immediate forensic action required.
SIG-15C0E8A4,INT-0002,FUSED-INT-0002,StandardMotorcycleSnatch,0.8,High Confidence Match,0.6634,3,1,FLAGGED FOR HIGH-PRIORITY FORENSIC REVIEW: Interaction INT-0002 exhibits strong signature alignment (80%). Export forensic video clip for investigation.
SIG-8328DE54,INT-0003,FUSED-INT-0003,StandardMotorcycleSnatch,0.4,Weak Match,0.3076,2,2,ROUTINE RECORD: Interaction INT-0003 exhibits low signature alignment (40%). No immediate forensic action required.
SIG-CF5DC33A,INT-0004,FUSED-INT-0004,StandardMotorcycleSnatch,0.4,Weak Match,0.307,2,2,ROUTINE RECORD: Interaction INT-0004 exhibits low signature alignment (40%). No immediate forensic action required.
SIG-3CEFBE41,INT-0005,FUSED-INT-0005,StandardMotorcycleSnatch,0.2,Weak Match,0.1391,1,3,ROUTINE RECORD: Interaction INT-0005 exhibits low signature alignment (20%). No immediate forensic action required.
SIG-DEB02E67,INT-0006,FUSED-INT-0006,StandardMotorcycleSnatch,0.2,Weak Match,0.1461,1,3,ROUTINE RECORD: Interaction INT-0006 exhibits low signature alignment (20%). No immediate forensic action required.
SIG-DFA8C69C,INT-0007,FUSED-INT-0007,StandardMotorcycleSnatch,0.2,Weak Match,0.1692,1,3,ROUTINE RECORD: Interaction INT-0007 exhibits low signature alignment (20%). No immediate forensic action required.
SIG-50804CB8,INT-0008,FUSED-INT-0008,StandardMotorcycleSnatch,0.2,Weak Match,0.1809,1,3,ROUTINE RECORD: Interaction INT-0008 exhibits low signature alignment (20%). No immediate forensic action required.
SIG-3EE8190A,INT-0009,FUSED-INT-0009,StandardMotorcycleSnatch,0.2,Weak Match,0.1457,1,3,ROUTINE RECORD: Interaction INT-0009 exhibits low signature alignment (20%). No immediate forensic action required.
SIG-BCFD1EB6,INT-0010,FUSED-INT-0010,StandardMotorcycleSnatch,0.2,Weak Match,0.147,1,3,ROUTINE RECORD: Interaction INT-0010 exhibits low signature alignment (20%). No immediate forensic action required.
SIG-326F4CB0,INT-0011,FUSED-INT-0011,StandardMotorcycleSnatch,0.2,Weak Match,0.148,1,3,ROUTINE RECORD: Interaction INT-0011 exhibits low signature alignment (20%). No immediate forensic action required.
SIG-7C2F3AB6,INT-0012,FUSED-INT-0012,StandardMotorcycleSnatch,0.2,Weak Match,0.148,1,3,ROUTINE RECORD: Interaction INT-0012 exhibits low signature alignment (20%). No immediate forensic action required.
SIG-3D198BBE,INT-0013,FUSED-INT-0013,StandardMotorcycleSnatch,0.2,Weak Match,0.148,1,3,ROUTINE RECORD: Interaction INT-0013 exhibits low signature alignment (20%). No immediate forensic action required.
SIG-71C506C6,INT-0014,FUSED-INT-0014,StandardMotorcycleSnatch,0.2,Weak Match,0.146,1,3,ROUTINE RECORD: Interaction INT-0014 exhibits low signature alignment (20%). No immediate forensic action required.
SIG-3E0D57B0,INT-0015,FUSED-INT-0015,StandardMotorcycleSnatch,0.2,Weak Match,0.146,1,3,ROUTINE RECORD: Interaction INT-0015 exhibits low signature alignment (20%). No immediate forensic action required.
SIG-5ABC8CC3,INT-0016,FUSED-INT-0016,StandardMotorcycleSnatch,0.2,Weak Match,0.146,1,3,ROUTINE RECORD: Interaction INT-0016 exhibits low signature alignment (20%). No immediate forensic action required.
SIG-0681B635,INT-0017,FUSED-INT-0017,StandardMotorcycleSnatch,0.2,Weak Match,0.146,1,3,ROUTINE RECORD: Interaction INT-0017 exhibits low signature alignment (20%). No immediate forensic action required.
SIG-CB010278,INT-0018,FUSED-INT-0018,StandardMotorcycleSnatch,0.4,Weak Match,0.2836,2,2,ROUTINE RECORD: Interaction INT-0018 exhibits low signature alignment (40%). No immediate forensic action required.
SIG-0BB5BB1B,INT-0001,FUSED-INT-0001,StandardMotorcycleSnatch,0.2,Weak Match,0.1681,1,3,ROUTINE RECORD: Interaction INT-0001 exhibits low signature alignment (20%). No immediate forensic action required.
SIG-AFF15AF6,INT-0002,FUSED-INT-0002,StandardMotorcycleSnatch,0.8,High Confidence Match,0.6634,3,1,FLAGGED FOR HIGH-PRIORITY FORENSIC REVIEW: Interaction INT-0002 exhibits strong signature alignment (80%). Export forensic video clip for investigation.
SIG-0D665C90,INT-0003,FUSED-INT-0003,StandardMotorcycleSnatch,0.4,Weak Match,0.3076,2,2,ROUTINE RECORD: Interaction INT-0003 exhibits low signature alignment (40%). No immediate forensic action required.
SIG-89DF2853,INT-0004,FUSED-INT-0004,StandardMotorcycleSnatch,0.4,Weak Match,0.3069,2,2,ROUTINE RECORD: Interaction INT-0004 exhibits low signature alignment (40%). No immediate forensic action required.
SIG-A3B3FC21,INT-0005,FUSED-INT-0005,StandardMotorcycleSnatch,0.2,Weak Match,0.1391,1,3,ROUTINE RECORD: Interaction INT-0005 exhibits low signature alignment (20%). No immediate forensic action required.
SIG-C02E34F3,INT-0006,FUSED-INT-0006,StandardMotorcycleSnatch,0.2,Weak Match,0.1461,1,3,ROUTINE RECORD: Interaction INT-0006 exhibits low signature alignment (20%). No immediate forensic action required.
SIG-9D972841,INT-0007,FUSED-INT-0007,StandardMotorcycleSnatch,0.2,Weak Match,0.1692,1,3,ROUTINE RECORD: Interaction INT-0007 exhibits low signature alignment (20%). No immediate forensic action required.
SIG-1C3D363A,INT-0008,FUSED-INT-0008,StandardMotorcycleSnatch,0.2,Weak Match,0.1809,1,3,ROUTINE RECORD: Interaction INT-0008 exhibits low signature alignment (20%). No immediate forensic action required.
SIG-A8D7CD83,INT-0009,FUSED-INT-0009,StandardMotorcycleSnatch,0.2,Weak Match,0.1457,1,3,ROUTINE RECORD: Interaction INT-0009 exhibits low signature alignment (20%). No immediate forensic action required.
SIG-4F32DAAE,INT-0010,FUSED-INT-0010,StandardMotorcycleSnatch,0.2,Weak Match,0.147,1,3,ROUTINE RECORD: Interaction INT-0010 exhibits low signature alignment (20%). No immediate forensic action required.
SIG-61A30247,INT-0011,FUSED-INT-0011,StandardMotorcycleSnatch,0.2,Weak Match,0.148,1,3,ROUTINE RECORD: Interaction INT-0011 exhibits low signature alignment (20%). No immediate forensic action required.
SIG-5951B0DD,INT-0012,FUSED-INT-0012,StandardMotorcycleSnatch,0.2,Weak Match,0.148,1,3,ROUTINE RECORD: Interaction INT-0012 exhibits low signature alignment (20%). No immediate forensic action required.
SIG-3CF0D2DD,INT-0013,FUSED-INT-0013,StandardMotorcycleSnatch,0.2,Weak Match,0.148,1,3,ROUTINE RECORD: Interaction INT-0013 exhibits low signature alignment (20%). No immediate forensic action required.
SIG-E3D1AEE7,INT-0014,FUSED-INT-0014,StandardMotorcycleSnatch,0.2,Weak Match,0.146,1,3,ROUTINE RECORD: Interaction INT-0014 exhibits low signature alignment (20%). No immediate forensic action required.
SIG-C0D8E2D8,INT-0015,FUSED-INT-0015,StandardMotorcycleSnatch,0.2,Weak Match,0.146,1,3,ROUTINE RECORD: Interaction INT-0015 exhibits low signature alignment (20%). No immediate forensic action required.
SIG-7DCCE374,INT-0016,FUSED-INT-0016,StandardMotorcycleSnatch,0.2,Weak Match,0.146,1,3,ROUTINE RECORD: Interaction INT-0016 exhibits low signature alignment (20%). No immediate forensic action required.
SIG-16A69E9E,INT-0017,FUSED-INT-0017,StandardMotorcycleSnatch,0.2,Weak Match,0.146,1,3,ROUTINE RECORD: Interaction INT-0017 exhibits low signature alignment (20%). No immediate forensic action required.
SIG-A2377BF5,INT-0018,FUSED-INT-0018,StandardMotorcycleSnatch,0.4,Weak Match,0.2841,2,2,ROUTINE RECORD: Interaction INT-0018 exhibits low signature alignment (40%). No immediate forensic action required.
SIG-7F385122,INT-0001,FUSED-INT-0001,StandardMotorcycleSnatch,0.2,Weak Match,0.1681,1,3,ROUTINE RECORD: Interaction INT-0001 exhibits low signature alignment (20%). No immediate forensic action required.
SIG-8443617F,INT-0002,FUSED-INT-0002,StandardMotorcycleSnatch,0.8,High Confidence Match,0.6634,3,1,FLAGGED FOR HIGH-PRIORITY FORENSIC REVIEW: Interaction INT-0002 exhibits strong signature alignment (80%). Export forensic video clip for investigation.
SIG-D6923E92,INT-0003,FUSED-INT-0003,StandardMotorcycleSnatch,0.4,Weak Match,0.3076,2,2,ROUTINE RECORD: Interaction INT-0003 exhibits low signature alignment (40%). No immediate forensic action required.
SIG-6B7F4DD1,INT-0004,FUSED-INT-0004,StandardMotorcycleSnatch,0.4,Weak Match,0.3068,2,2,ROUTINE RECORD: Interaction INT-0004 exhibits low signature alignment (40%). No immediate forensic action required.
SIG-174962BF,INT-0005,FUSED-INT-0005,StandardMotorcycleSnatch,0.2,Weak Match,0.1391,1,3,ROUTINE RECORD: Interaction INT-0005 exhibits low signature alignment (20%). No immediate forensic action required.
SIG-8D9ECCE7,INT-0006,FUSED-INT-0006,StandardMotorcycleSnatch,0.2,Weak Match,0.1461,1,3,ROUTINE RECORD: Interaction INT-0006 exhibits low signature alignment (20%). No immediate forensic action required.
SIG-537471F6,INT-0007,FUSED-INT-0007,StandardMotorcycleSnatch,0.2,Weak Match,0.1692,1,3,ROUTINE RECORD: Interaction INT-0007 exhibits low signature alignment (20%). No immediate forensic action required.
SIG-CBF8DA64,INT-0008,FUSED-INT-0008,StandardMotorcycleSnatch,0.2,Weak Match,0.1809,1,3,ROUTINE RECORD: Interaction INT-0008 exhibits low signature alignment (20%). No immediate forensic action required.
SIG-10FDD190,INT-0009,FUSED-INT-0009,StandardMotorcycleSnatch,0.2,Weak Match,0.1457,1,3,ROUTINE RECORD: Interaction INT-0009 exhibits low signature alignment (20%). No immediate forensic action required.
SIG-D70F02D6,INT-0010,FUSED-INT-0010,StandardMotorcycleSnatch,0.2,Weak Match,0.147,1,3,ROUTINE RECORD: Interaction INT-0010 exhibits low signature alignment (20%). No immediate forensic action required.
SIG-9E3F3BBA,INT-0011,FUSED-INT-0011,StandardMotorcycleSnatch,0.2,Weak Match,0.148,1,3,ROUTINE RECORD: Interaction INT-0011 exhibits low signature alignment (20%). No immediate forensic action required.
SIG-3711BA42,INT-0012,FUSED-INT-0012,StandardMotorcycleSnatch,0.2,Weak Match,0.148,1,3,ROUTINE RECORD: Interaction INT-0012 exhibits low signature alignment (20%). No immediate forensic action required.
SIG-4C54046F,INT-0013,FUSED-INT-0013,StandardMotorcycleSnatch,0.2,Weak Match,0.148,1,3,ROUTINE RECORD: Interaction INT-0013 exhibits low signature alignment (20%). No immediate forensic action required.
SIG-C3C82E70,INT-0014,FUSED-INT-0014,StandardMotorcycleSnatch,0.2,Weak Match,0.146,1,3,ROUTINE RECORD: Interaction INT-0014 exhibits low signature alignment (20%). No immediate forensic action required.
SIG-68A19E27,INT-0015,FUSED-INT-0015,StandardMotorcycleSnatch,0.2,Weak Match,0.146,1,3,ROUTINE RECORD: Interaction INT-0015 exhibits low signature alignment (20%). No immediate forensic action required.
SIG-9608E978,INT-0016,FUSED-INT-0016,StandardMotorcycleSnatch,0.2,Weak Match,0.146,1,3,ROUTINE RECORD: Interaction INT-0016 exhibits low signature alignment (20%). No immediate forensic action required.
SIG-4BFE458E,INT-0017,FUSED-INT-0017,StandardMotorcycleSnatch,0.2,Weak Match,0.146,1,3,ROUTINE RECORD: Interaction INT-0017 exhibits low signature alignment (20%). No immediate forensic action required.
SIG-402D74D7,INT-0018,FUSED-INT-0018,StandardMotorcycleSnatch,0.4,Weak Match,0.2845,2,2,ROUTINE RECORD: Interaction INT-0018 exhibits low signature alignment (40%). No immediate forensic action required.
SIG-3561A2CC,INT-0001,FUSED-INT-0001,StandardMotorcycleSnatch,0.2,Weak Match,0.1681,1,3,ROUTINE RECORD: Interaction INT-0001 exhibits low signature alignment (20%). No immediate forensic action required.
SIG-E4504F81,INT-0002,FUSED-INT-0002,StandardMotorcycleSnatch,0.8,High Confidence Match,0.6634,3,1,FLAGGED FOR HIGH-PRIORITY FORENSIC REVIEW: Interaction INT-0002 exhibits strong signature alignment (80%). Export forensic video clip for investigation.
SIG-8C085168,INT-0003,FUSED-INT-0003,StandardMotorcycleSnatch,0.4,Weak Match,0.3076,2,2,ROUTINE RECORD: Interaction INT-0003 exhibits low signature alignment (40%). No immediate forensic action required.
SIG-F2C76BB9,INT-0004,FUSED-INT-0004,StandardMotorcycleSnatch,0.4,Weak Match,0.3068,2,2,ROUTINE RECORD: Interaction INT-0004 exhibits low signature alignment (40%). No immediate forensic action required.
SIG-0CEA53C3,INT-0005,FUSED-INT-0005,StandardMotorcycleSnatch,0.2,Weak Match,0.1391,1,3,ROUTINE RECORD: Interaction INT-0005 exhibits low signature alignment (20%). No immediate forensic action required.
SIG-D03C73C2,INT-0006,FUSED-INT-0006,StandardMotorcycleSnatch,0.2,Weak Match,0.1461,1,3,ROUTINE RECORD: Interaction INT-0006 exhibits low signature alignment (20%). No immediate forensic action required.
SIG-D06FC419,INT-0007,FUSED-INT-0007,StandardMotorcycleSnatch,0.2,Weak Match,0.1692,1,3,ROUTINE RECORD: Interaction INT-0007 exhibits low signature alignment (20%). No immediate forensic action required.
SIG-0E1BA3E6,INT-0008,FUSED-INT-0008,StandardMotorcycleSnatch,0.2,Weak Match,0.1809,1,3,ROUTINE RECORD: Interaction INT-0008 exhibits low signature alignment (20%). No immediate forensic action required.
SIG-2682103F,INT-0009,FUSED-INT-0009,StandardMotorcycleSnatch,0.2,Weak Match,0.1457,1,3,ROUTINE RECORD: Interaction INT-0009 exhibits low signature alignment (20%). No immediate forensic action required.
SIG-7C8B0EC5,INT-0010,FUSED-INT-0010,StandardMotorcycleSnatch,0.2,Weak Match,0.147,1,3,ROUTINE RECORD: Interaction INT-0010 exhibits low signature alignment (20%). No immediate forensic action required.
SIG-C0BF135A,INT-0011,FUSED-INT-0011,StandardMotorcycleSnatch,0.2,Weak Match,0.148,1,3,ROUTINE RECORD: Interaction INT-0011 exhibits low signature alignment (20%). No immediate forensic action required.
SIG-7FEB343C,INT-0012,FUSED-INT-0012,StandardMotorcycleSnatch,0.2,Weak Match,0.148,1,3,ROUTINE RECORD: Interaction INT-0012 exhibits low signature alignment (20%). No immediate forensic action required.
SIG-03648936,INT-0013,FUSED-INT-0013,StandardMotorcycleSnatch,0.2,Weak Match,0.148,1,3,ROUTINE RECORD: Interaction INT-0013 exhibits low signature alignment (20%). No immediate forensic action required.
SIG-1BDF3DBA,INT-0014,FUSED-INT-0014,StandardMotorcycleSnatch,0.2,Weak Match,0.146,1,3,ROUTINE RECORD: Interaction INT-0014 exhibits low signature alignment (20%). No immediate forensic action required.
SIG-005FF452,INT-0015,FUSED-INT-0015,StandardMotorcycleSnatch,0.2,Weak Match,0.146,1,3,ROUTINE RECORD: Interaction INT-0015 exhibits low signature alignment (20%). No immediate forensic action required.
SIG-887243C6,INT-0016,FUSED-INT-0016,StandardMotorcycleSnatch,0.2,Weak Match,0.146,1,3,ROUTINE RECORD: Interaction INT-0016 exhibits low signature alignment (20%). No immediate forensic action required.
SIG-A98D7BC5,INT-0017,FUSED-INT-0017,StandardMotorcycleSnatch,0.2,Weak Match,0.146,1,3,ROUTINE RECORD: Interaction INT-0017 exhibits low signature alignment (20%). No immediate forensic action required.
SIG-0ED6D6E3,INT-0018,FUSED-INT-0018,StandardMotorcycleSnatch,0.4,Weak Match,0.2845,2,2,ROUTINE RECORD: Interaction INT-0018 exhibits low signature alignment (40%). No immediate forensic action required.
SIG-C23DB149,INT-0001,FUSED-INT-0001,StandardMotorcycleSnatch,0.2,Weak Match,0.1681,1,3,ROUTINE RECORD: Interaction INT-0001 exhibits low signature alignment (20%). No immediate forensic action required.
SIG-F0BBA7BC,INT-0002,FUSED-INT-0002,StandardMotorcycleSnatch,0.8,High Confidence Match,0.6634,3,1,FLAGGED FOR HIGH-PRIORITY FORENSIC REVIEW: Interaction INT-0002 exhibits strong signature alignment (80%). Export forensic video clip for investigation.
SIG-791BBB56,INT-0003,FUSED-INT-0003,StandardMotorcycleSnatch,0.4,Weak Match,0.3076,2,2,ROUTINE RECORD: Interaction INT-0003 exhibits low signature alignment (40%). No immediate forensic action required.
SIG-08F93DAA,INT-0004,FUSED-INT-0004,StandardMotorcycleSnatch,0.4,Weak Match,0.3067,2,2,ROUTINE RECORD: Interaction INT-0004 exhibits low signature alignment (40%). No immediate forensic action required.
SIG-3680D10E,INT-0005,FUSED-INT-0005,StandardMotorcycleSnatch,0.2,Weak Match,0.1391,1,3,ROUTINE RECORD: Interaction INT-0005 exhibits low signature alignment (20%). No immediate forensic action required.
SIG-BAEEA2D0,INT-0006,FUSED-INT-0006,StandardMotorcycleSnatch,0.2,Weak Match,0.1461,1,3,ROUTINE RECORD: Interaction INT-0006 exhibits low signature alignment (20%). No immediate forensic action required.
SIG-DBC7B5D6,INT-0007,FUSED-INT-0007,StandardMotorcycleSnatch,0.2,Weak Match,0.1692,1,3,ROUTINE RECORD: Interaction INT-0007 exhibits low signature alignment (20%). No immediate forensic action required.
SIG-EC70D5DA,INT-0008,FUSED-INT-0008,StandardMotorcycleSnatch,0.2,Weak Match,0.1809,1,3,ROUTINE RECORD: Interaction INT-0008 exhibits low signature alignment (20%). No immediate forensic action required.
SIG-A4791927,INT-0009,FUSED-INT-0009,StandardMotorcycleSnatch,0.2,Weak Match,0.1457,1,3,ROUTINE RECORD: Interaction INT-0009 exhibits low signature alignment (20%). No immediate forensic action required.
SIG-2A7C8523,INT-0010,FUSED-INT-0010,StandardMotorcycleSnatch,0.2,Weak Match,0.147,1,3,ROUTINE RECORD: Interaction INT-0010 exhibits low signature alignment (20%). No immediate forensic action required.
SIG-3BDA9F07,INT-0011,FUSED-INT-0011,StandardMotorcycleSnatch,0.2,Weak Match,0.148,1,3,ROUTINE RECORD: Interaction INT-0011 exhibits low signature alignment (20%). No immediate forensic action required.
SIG-60A85377,INT-0012,FUSED-INT-0012,StandardMotorcycleSnatch,0.2,Weak Match,0.148,1,3,ROUTINE RECORD: Interaction INT-0012 exhibits low signature alignment (20%). No immediate forensic action required.
SIG-12DC15A6,INT-0013,FUSED-INT-0013,StandardMotorcycleSnatch,0.2,Weak Match,0.148,1,3,ROUTINE RECORD: Interaction INT-0013 exhibits low signature alignment (20%). No immediate forensic action required.
SIG-D3B7EB3A,INT-0014,FUSED-INT-0014,StandardMotorcycleSnatch,0.2,Weak Match,0.146,1,3,ROUTINE RECORD: Interaction INT-0014 exhibits low signature alignment (20%). No immediate forensic action required.
SIG-0F64D648,INT-0015,FUSED-INT-0015,StandardMotorcycleSnatch,0.2,Weak Match,0.146,1,3,ROUTINE RECORD: Interaction INT-0015 exhibits low signature alignment (20%). No immediate forensic action required.
SIG-99B472B6,INT-0016,FUSED-INT-0016,StandardMotorcycleSnatch,0.2,Weak Match,0.146,1,3,ROUTINE RECORD: Interaction INT-0016 exhibits low signature alignment (20%). No immediate forensic action required.
SIG-681CC1BB,INT-0017,FUSED-INT-0017,StandardMotorcycleSnatch,0.2,Weak Match,0.146,1,3,ROUTINE RECORD: Interaction INT-0017 exhibits low signature alignment (20%). No immediate forensic action required.
SIG-1A65EABB,INT-0018,FUSED-INT-0018,StandardMotorcycleSnatch,0.4,Weak Match,0.2848,2,2,ROUTINE RECORD: Interaction INT-0018 exhibits low signature alignment (40%). No immediate forensic action required.
SIG-4A443BB3,INT-0001,FUSED-INT-0001,StandardMotorcycleSnatch,0.2,Weak Match,0.1681,1,3,ROUTINE RECORD: Interaction INT-0001 exhibits low signature alignment (20%). No immediate forensic action required.
SIG-1E083927,INT-0002,FUSED-INT-0002,StandardMotorcycleSnatch,0.8,High Confidence Match,0.6634,3,1,FLAGGED FOR HIGH-PRIORITY FORENSIC REVIEW: Interaction INT-0002 exhibits strong signature alignment (80%). Export forensic video clip for investigation.
SIG-A4109756,INT-0003,FUSED-INT-0003,StandardMotorcycleSnatch,0.4,Weak Match,0.3076,2,2,ROUTINE RECORD: Interaction INT-0003 exhibits low signature alignment (40%). No immediate forensic action required.
SIG-B8CB0675,INT-0004,FUSED-INT-0004,StandardMotorcycleSnatch,0.4,Weak Match,0.3066,2,2,ROUTINE RECORD: Interaction INT-0004 exhibits low signature alignment (40%). No immediate forensic action required.
SIG-B4E1CDD5,INT-0005,FUSED-INT-0005,StandardMotorcycleSnatch,0.2,Weak Match,0.1391,1,3,ROUTINE RECORD: Interaction INT-0005 exhibits low signature alignment (20%). No immediate forensic action required.
SIG-8B498D09,INT-0006,FUSED-INT-0006,StandardMotorcycleSnatch,0.2,Weak Match,0.1461,1,3,ROUTINE RECORD: Interaction INT-0006 exhibits low signature alignment (20%). No immediate forensic action required.
SIG-400B2C8A,INT-0007,FUSED-INT-0007,StandardMotorcycleSnatch,0.2,Weak Match,0.1692,1,3,ROUTINE RECORD: Interaction INT-0007 exhibits low signature alignment (20%). No immediate forensic action required.
SIG-ECCEA8F6,INT-0008,FUSED-INT-0008,StandardMotorcycleSnatch,0.2,Weak Match,0.1809,1,3,ROUTINE RECORD: Interaction INT-0008 exhibits low signature alignment (20%). No immediate forensic action required.
SIG-DE6E555A,INT-0009,FUSED-INT-0009,StandardMotorcycleSnatch,0.2,Weak Match,0.1457,1,3,ROUTINE RECORD: Interaction INT-0009 exhibits low signature alignment (20%). No immediate forensic action required.
SIG-8849D34A,INT-0010,FUSED-INT-0010,StandardMotorcycleSnatch,0.2,Weak Match,0.147,1,3,ROUTINE RECORD: Interaction INT-0010 exhibits low signature alignment (20%). No immediate forensic action required.
SIG-8886899A,INT-0011,FUSED-INT-0011,StandardMotorcycleSnatch,0.2,Weak Match,0.148,1,3,ROUTINE RECORD: Interaction INT-0011 exhibits low signature alignment (20%). No immediate forensic action required.
SIG-A929304A,INT-0012,FUSED-INT-0012,StandardMotorcycleSnatch,0.2,Weak Match,0.148,1,3,ROUTINE RECORD: Interaction INT-0012 exhibits low signature alignment (20%). No immediate forensic action required.
SIG-B47E981C,INT-0013,FUSED-INT-0013,StandardMotorcycleSnatch,0.2,Weak Match,0.148,1,3,ROUTINE RECORD: Interaction INT-0013 exhibits low signature alignment (20%). No immediate forensic action required.
SIG-A45D986F,INT-0014,FUSED-INT-0014,StandardMotorcycleSnatch,0.2,Weak Match,0.146,1,3,ROUTINE RECORD: Interaction INT-0014 exhibits low signature alignment (20%). No immediate forensic action required.
SIG-C9572EC8,INT-0015,FUSED-INT-0015,StandardMotorcycleSnatch,0.2,Weak Match,0.146,1,3,ROUTINE RECORD: Interaction INT-0015 exhibits low signature alignment (20%). No immediate forensic action required.
SIG-888F133B,INT-0016,FUSED-INT-0016,StandardMotorcycleSnatch,0.2,Weak Match,0.146,1,3,ROUTINE RECORD: Interaction INT-0016 exhibits low signature alignment (20%). No immediate forensic action required.
SIG-7A68974B,INT-0017,FUSED-INT-0017,StandardMotorcycleSnatch,0.2,Weak Match,0.146,1,3,ROUTINE RECORD: Interaction INT-0017 exhibits low signature alignment (20%). No immediate forensic action required.
SIG-5499DFE1,INT-0018,FUSED-INT-0018,StandardMotorcycleSnatch,0.4,Weak Match,0.2842,2,2,ROUTINE RECORD: Interaction INT-0018 exhibits low signature alignment (40%). No immediate forensic action required.
SIG-642443BF,INT-0001,FUSED-INT-0001,StandardMotorcycleSnatch,0.2,Weak Match,0.1681,1,3,ROUTINE RECORD: Interaction INT-0001 exhibits low signature alignment (20%). No immediate forensic action required.
SIG-E4730ED5,INT-0002,FUSED-INT-0002,StandardMotorcycleSnatch,0.8,High Confidence Match,0.6634,3,1,FLAGGED FOR HIGH-PRIORITY FORENSIC REVIEW: Interaction INT-0002 exhibits strong signature alignment (80%). Export forensic video clip for investigation.
SIG-C6DFD048,INT-0003,FUSED-INT-0003,StandardMotorcycleSnatch,0.4,Weak Match,0.3076,2,2,ROUTINE RECORD: Interaction INT-0003 exhibits low signature alignment (40%). No immediate forensic action required.
SIG-7E098656,INT-0004,FUSED-INT-0004,StandardMotorcycleSnatch,0.4,Weak Match,0.3066,2,2,ROUTINE RECORD: Interaction INT-0004 exhibits low signature alignment (40%). No immediate forensic action required.
SIG-27EF64F5,INT-0005,FUSED-INT-0005,StandardMotorcycleSnatch,0.2,Weak Match,0.1391,1,3,ROUTINE RECORD: Interaction INT-0005 exhibits low signature alignment (20%). No immediate forensic action required.
SIG-A4E295ED,INT-0006,FUSED-INT-0006,StandardMotorcycleSnatch,0.2,Weak Match,0.1461,1,3,ROUTINE RECORD: Interaction INT-0006 exhibits low signature alignment (20%). No immediate forensic action required.
SIG-A5C0B9F1,INT-0007,FUSED-INT-0007,StandardMotorcycleSnatch,0.2,Weak Match,0.1692,1,3,ROUTINE RECORD: Interaction INT-0007 exhibits low signature alignment (20%). No immediate forensic action required.
SIG-A5BFBC44,INT-0008,FUSED-INT-0008,StandardMotorcycleSnatch,0.2,Weak Match,0.1809,1,3,ROUTINE RECORD: Interaction INT-0008 exhibits low signature alignment (20%). No immediate forensic action required.
SIG-B196510A,INT-0009,FUSED-INT-0009,StandardMotorcycleSnatch,0.2,Weak Match,0.1457,1,3,ROUTINE RECORD: Interaction INT-0009 exhibits low signature alignment (20%). No immediate forensic action required.
SIG-0C66048D,INT-0010,FUSED-INT-0010,StandardMotorcycleSnatch,0.2,Weak Match,0.147,1,3,ROUTINE RECORD: Interaction INT-0010 exhibits low signature alignment (20%). No immediate forensic action required.
SIG-39B0C8FE,INT-0011,FUSED-INT-0011,StandardMotorcycleSnatch,0.2,Weak Match,0.148,1,3,ROUTINE RECORD: Interaction INT-0011 exhibits low signature alignment (20%). No immediate forensic action required.
SIG-A53A9F19,INT-0012,FUSED-INT-0012,StandardMotorcycleSnatch,0.2,Weak Match,0.148,1,3,ROUTINE RECORD: Interaction INT-0012 exhibits low signature alignment (20%). No immediate forensic action required.
SIG-D1F272A9,INT-0013,FUSED-INT-0013,StandardMotorcycleSnatch,0.2,Weak Match,0.148,1,3,ROUTINE RECORD: Interaction INT-0013 exhibits low signature alignment (20%). No immediate forensic action required.
SIG-870414D2,INT-0014,FUSED-INT-0014,StandardMotorcycleSnatch,0.2,Weak Match,0.146,1,3,ROUTINE RECORD: Interaction INT-0014 exhibits low signature alignment (20%). No immediate forensic action required.
SIG-0E215113,INT-0015,FUSED-INT-0015,StandardMotorcycleSnatch,0.2,Weak Match,0.146,1,3,ROUTINE RECORD: Interaction INT-0015 exhibits low signature alignment (20%). No immediate forensic action required.
SIG-BDF70915,INT-0016,FUSED-INT-0016,StandardMotorcycleSnatch,0.2,Weak Match,0.146,1,3,ROUTINE RECORD: Interaction INT-0016 exhibits low signature alignment (20%). No immediate forensic action required.
SIG-72763351,INT-0017,FUSED-INT-0017,StandardMotorcycleSnatch,0.2,Weak Match,0.146,1,3,ROUTINE RECORD: Interaction INT-0017 exhibits low signature alignment (20%). No immediate forensic action required.
SIG-83142D12,INT-0018,FUSED-INT-0018,StandardMotorcycleSnatch,0.4,Weak Match,0.2827,2,2,ROUTINE RECORD: Interaction INT-0018 exhibits low signature alignment (40%). No immediate forensic action required.
SIG-19CA0FF9,INT-0001,FUSED-INT-0001,StandardMotorcycleSnatch,0.2,Weak Match,0.1681,1,3,ROUTINE RECORD: Interaction INT-0001 exhibits low signature alignment (20%). No immediate forensic action required.
SIG-4CB00AE1,INT-0002,FUSED-INT-0002,StandardMotorcycleSnatch,0.8,High Confidence Match,0.6634,3,1,FLAGGED FOR HIGH-PRIORITY FORENSIC REVIEW: Interaction INT-0002 exhibits strong signature alignment (80%). Export forensic video clip for investigation.
SIG-D2819C2C,INT-0003,FUSED-INT-0003,StandardMotorcycleSnatch,0.4,Weak Match,0.3076,2,2,ROUTINE RECORD: Interaction INT-0003 exhibits low signature alignment (40%). No immediate forensic action required.
SIG-2670AE25,INT-0004,FUSED-INT-0004,StandardMotorcycleSnatch,0.4,Weak Match,0.3065,2,2,ROUTINE RECORD: Interaction INT-0004 exhibits low signature alignment (40%). No immediate forensic action required.
SIG-E4A10CFC,INT-0005,FUSED-INT-0005,StandardMotorcycleSnatch,0.2,Weak Match,0.1391,1,3,ROUTINE RECORD: Interaction INT-0005 exhibits low signature alignment (20%). No immediate forensic action required.
SIG-8C2DFC5D,INT-0006,FUSED-INT-0006,StandardMotorcycleSnatch,0.2,Weak Match,0.1461,1,3,ROUTINE RECORD: Interaction INT-0006 exhibits low signature alignment (20%). No immediate forensic action required.
SIG-2750399C,INT-0007,FUSED-INT-0007,StandardMotorcycleSnatch,0.2,Weak Match,0.1692,1,3,ROUTINE RECORD: Interaction INT-0007 exhibits low signature alignment (20%). No immediate forensic action required.
SIG-17D93423,INT-0008,FUSED-INT-0008,StandardMotorcycleSnatch,0.2,Weak Match,0.1809,1,3,ROUTINE RECORD: Interaction INT-0008 exhibits low signature alignment (20%). No immediate forensic action required.
SIG-5AD5E180,INT-0009,FUSED-INT-0009,StandardMotorcycleSnatch,0.2,Weak Match,0.1457,1,3,ROUTINE RECORD: Interaction INT-0009 exhibits low signature alignment (20%). No immediate forensic action required.
SIG-FE7C79D8,INT-0010,FUSED-INT-0010,StandardMotorcycleSnatch,0.2,Weak Match,0.147,1,3,ROUTINE RECORD: Interaction INT-0010 exhibits low signature alignment (20%). No immediate forensic action required.
SIG-6BFFACB1,INT-0011,FUSED-INT-0011,StandardMotorcycleSnatch,0.2,Weak Match,0.148,1,3,ROUTINE RECORD: Interaction INT-0011 exhibits low signature alignment (20%). No immediate forensic action required.
SIG-82308A02,INT-0012,FUSED-INT-0012,StandardMotorcycleSnatch,0.2,Weak Match,0.148,1,3,ROUTINE RECORD: Interaction INT-0012 exhibits low signature alignment (20%). No immediate forensic action required.
SIG-A77A5D9B,INT-0013,FUSED-INT-0013,StandardMotorcycleSnatch,0.2,Weak Match,0.148,1,3,ROUTINE RECORD: Interaction INT-0013 exhibits low signature alignment (20%). No immediate forensic action required.
SIG-FBA57B7C,INT-0014,FUSED-INT-0014,StandardMotorcycleSnatch,0.2,Weak Match,0.146,1,3,ROUTINE RECORD: Interaction INT-0014 exhibits low signature alignment (20%). No immediate forensic action required.
SIG-59327195,INT-0015,FUSED-INT-0015,StandardMotorcycleSnatch,0.2,Weak Match,0.146,1,3,ROUTINE RECORD: Interaction INT-0015 exhibits low signature alignment (20%). No immediate forensic action required.
SIG-6E3239FD,INT-0016,FUSED-INT-0016,StandardMotorcycleSnatch,0.2,Weak Match,0.146,1,3,ROUTINE RECORD: Interaction INT-0016 exhibits low signature alignment (20%). No immediate forensic action required.
SIG-28026EF3,INT-0017,FUSED-INT-0017,StandardMotorcycleSnatch,0.2,Weak Match,0.146,1,3,ROUTINE RECORD: Interaction INT-0017 exhibits low signature alignment (20%). No immediate forensic action required.
SIG-78672F8C,INT-0018,FUSED-INT-0018,StandardMotorcycleSnatch,0.4,Weak Match,0.2836,2,2,ROUTINE RECORD: Interaction INT-0018 exhibits low signature alignment (40%). No immediate forensic action required.
SIG-C93F4096,INT-0001,FUSED-INT-0001,StandardMotorcycleSnatch,0.2,Weak Match,0.1681,1,3,ROUTINE RECORD: Interaction INT-0001 exhibits low signature alignment (20%). No immediate forensic action required.
SIG-2D4083EB,INT-0002,FUSED-INT-0002,StandardMotorcycleSnatch,0.8,High Confidence Match,0.6634,3,1,FLAGGED FOR HIGH-PRIORITY FORENSIC REVIEW: Interaction INT-0002 exhibits strong signature alignment (80%). Export forensic video clip for investigation.
SIG-762C2879,INT-0003,FUSED-INT-0003,StandardMotorcycleSnatch,0.4,Weak Match,0.3076,2,2,ROUTINE RECORD: Interaction INT-0003 exhibits low signature alignment (40%). No immediate forensic action required.
SIG-A4E23372,INT-0004,FUSED-INT-0004,StandardMotorcycleSnatch,0.4,Weak Match,0.3064,2,2,ROUTINE RECORD: Interaction INT-0004 exhibits low signature alignment (40%). No immediate forensic action required.
SIG-31756E67,INT-0005,FUSED-INT-0005,StandardMotorcycleSnatch,0.2,Weak Match,0.1391,1,3,ROUTINE RECORD: Interaction INT-0005 exhibits low signature alignment (20%). No immediate forensic action required.
SIG-2A4E9CFA,INT-0006,FUSED-INT-0006,StandardMotorcycleSnatch,0.2,Weak Match,0.1461,1,3,ROUTINE RECORD: Interaction INT-0006 exhibits low signature alignment (20%). No immediate forensic action required.
SIG-9E0A0D14,INT-0007,FUSED-INT-0007,StandardMotorcycleSnatch,0.2,Weak Match,0.1692,1,3,ROUTINE RECORD: Interaction INT-0007 exhibits low signature alignment (20%). No immediate forensic action required.
SIG-739578EB,INT-0008,FUSED-INT-0008,StandardMotorcycleSnatch,0.2,Weak Match,0.1809,1,3,ROUTINE RECORD: Interaction INT-0008 exhibits low signature alignment (20%). No immediate forensic action required.
SIG-ECEC78FE,INT-0009,FUSED-INT-0009,StandardMotorcycleSnatch,0.2,Weak Match,0.1457,1,3,ROUTINE RECORD: Interaction INT-0009 exhibits low signature alignment (20%). No immediate forensic action required.
SIG-A7EC736A,INT-0010,FUSED-INT-0010,StandardMotorcycleSnatch,0.2,Weak Match,0.147,1,3,ROUTINE RECORD: Interaction INT-0010 exhibits low signature alignment (20%). No immediate forensic action required.
SIG-C9D1623B,INT-0011,FUSED-INT-0011,StandardMotorcycleSnatch,0.2,Weak Match,0.148,1,3,ROUTINE RECORD: Interaction INT-0011 exhibits low signature alignment (20%). No immediate forensic action required.
SIG-D3EC75DD,INT-0012,FUSED-INT-0012,StandardMotorcycleSnatch,0.2,Weak Match,0.148,1,3,ROUTINE RECORD: Interaction INT-0012 exhibits low signature alignment (20%). No immediate forensic action required.
SIG-CFD3EBC7,INT-0013,FUSED-INT-0013,StandardMotorcycleSnatch,0.2,Weak Match,0.148,1,3,ROUTINE RECORD: Interaction INT-0013 exhibits low signature alignment (20%). No immediate forensic action required.
SIG-04FE8E4E,INT-0014,FUSED-INT-0014,StandardMotorcycleSnatch,0.2,Weak Match,0.146,1,3,ROUTINE RECORD: Interaction INT-0014 exhibits low signature alignment (20%). No immediate forensic action required.
SIG-44BAABBC,INT-0015,FUSED-INT-0015,StandardMotorcycleSnatch,0.2,Weak Match,0.146,1,3,ROUTINE RECORD: Interaction INT-0015 exhibits low signature alignment (20%). No immediate forensic action required.
SIG-882AAFEE,INT-0016,FUSED-INT-0016,StandardMotorcycleSnatch,0.2,Weak Match,0.146,1,3,ROUTINE RECORD: Interaction INT-0016 exhibits low signature alignment (20%). No immediate forensic action required.
SIG-8F502147,INT-0017,FUSED-INT-0017,StandardMotorcycleSnatch,0.2,Weak Match,0.146,1,3,ROUTINE RECORD: Interaction INT-0017 exhibits low signature alignment (20%). No immediate forensic action required.
SIG-581F5711,INT-0018,FUSED-INT-0018,StandardMotorcycleSnatch,0.4,Weak Match,0.2837,2,2,ROUTINE RECORD: Interaction INT-0018 exhibits low signature alignment (40%). No immediate forensic action required.
SIG-B3264E44,INT-0001,FUSED-INT-0001,StandardMotorcycleSnatch,0.2,Weak Match,0.1681,1,3,ROUTINE RECORD: Interaction INT-0001 exhibits low signature alignment (20%). No immediate forensic action required.
SIG-882E79FD,INT-0002,FUSED-INT-0002,StandardMotorcycleSnatch,0.8,High Confidence Match,0.6634,3,1,FLAGGED FOR HIGH-PRIORITY FORENSIC REVIEW: Interaction INT-0002 exhibits strong signature alignment (80%). Export forensic video clip for investigation.
SIG-E313C618,INT-0003,FUSED-INT-0003,StandardMotorcycleSnatch,0.4,Weak Match,0.3076,2,2,ROUTINE RECORD: Interaction INT-0003 exhibits low signature alignment (40%). No immediate forensic action required.
SIG-1D65B2A3,INT-0004,FUSED-INT-0004,StandardMotorcycleSnatch,0.4,Weak Match,0.3064,2,2,ROUTINE RECORD: Interaction INT-0004 exhibits low signature alignment (40%). No immediate forensic action required.
SIG-27F97F3B,INT-0005,FUSED-INT-0005,StandardMotorcycleSnatch,0.2,Weak Match,0.1391,1,3,ROUTINE RECORD: Interaction INT-0005 exhibits low signature alignment (20%). No immediate forensic action required.
SIG-ADC0C505,INT-0006,FUSED-INT-0006,StandardMotorcycleSnatch,0.2,Weak Match,0.1461,1,3,ROUTINE RECORD: Interaction INT-0006 exhibits low signature alignment (20%). No immediate forensic action required.
SIG-9D7FAD1B,INT-0007,FUSED-INT-0007,StandardMotorcycleSnatch,0.2,Weak Match,0.1692,1,3,ROUTINE RECORD: Interaction INT-0007 exhibits low signature alignment (20%). No immediate forensic action required.
SIG-F4FB9AAC,INT-0008,FUSED-INT-0008,StandardMotorcycleSnatch,0.2,Weak Match,0.1809,1,3,ROUTINE RECORD: Interaction INT-0008 exhibits low signature alignment (20%). No immediate forensic action required.
SIG-FB3B7F7D,INT-0009,FUSED-INT-0009,StandardMotorcycleSnatch,0.2,Weak Match,0.1457,1,3,ROUTINE RECORD: Interaction INT-0009 exhibits low signature alignment (20%). No immediate forensic action required.
SIG-94023582,INT-0010,FUSED-INT-0010,StandardMotorcycleSnatch,0.2,Weak Match,0.147,1,3,ROUTINE RECORD: Interaction INT-0010 exhibits low signature alignment (20%). No immediate forensic action required.
SIG-F7012C3A,INT-0011,FUSED-INT-0011,StandardMotorcycleSnatch,0.2,Weak Match,0.148,1,3,ROUTINE RECORD: Interaction INT-0011 exhibits low signature alignment (20%). No immediate forensic action required.
SIG-EE539EC1,INT-0012,FUSED-INT-0012,StandardMotorcycleSnatch,0.2,Weak Match,0.148,1,3,ROUTINE RECORD: Interaction INT-0012 exhibits low signature alignment (20%). No immediate forensic action required.
SIG-9F497580,INT-0013,FUSED-INT-0013,StandardMotorcycleSnatch,0.2,Weak Match,0.148,1,3,ROUTINE RECORD: Interaction INT-0013 exhibits low signature alignment (20%). No immediate forensic action required.
SIG-3806D35F,INT-0014,FUSED-INT-0014,StandardMotorcycleSnatch,0.2,Weak Match,0.146,1,3,ROUTINE RECORD: Interaction INT-0014 exhibits low signature alignment (20%). No immediate forensic action required.
SIG-CC5A872F,INT-0015,FUSED-INT-0015,StandardMotorcycleSnatch,0.2,Weak Match,0.146,1,3,ROUTINE RECORD: Interaction INT-0015 exhibits low signature alignment (20%). No immediate forensic action required.
SIG-73373739,INT-0016,FUSED-INT-0016,StandardMotorcycleSnatch,0.2,Weak Match,0.146,1,3,ROUTINE RECORD: Interaction INT-0016 exhibits low signature alignment (20%). No immediate forensic action required.
SIG-1AE695BF,INT-0017,FUSED-INT-0017,StandardMotorcycleSnatch,0.2,Weak Match,0.146,1,3,ROUTINE RECORD: Interaction INT-0017 exhibits low signature alignment (20%). No immediate forensic action required.
SIG-4D91D6FA,INT-0018,FUSED-INT-0018,StandardMotorcycleSnatch,0.4,Weak Match,0.2819,2,2,ROUTINE RECORD: Interaction INT-0018 exhibits low signature alignment (40%). No immediate forensic action required.
SIG-63E99BEB,INT-0001,FUSED-INT-0001,StandardMotorcycleSnatch,0.2,Weak Match,0.1681,1,3,ROUTINE RECORD: Interaction INT-0001 exhibits low signature alignment (20%). No immediate forensic action required.
SIG-4174054F,INT-0002,FUSED-INT-0002,StandardMotorcycleSnatch,0.8,High Confidence Match,0.6634,3,1,FLAGGED FOR HIGH-PRIORITY FORENSIC REVIEW: Interaction INT-0002 exhibits strong signature alignment (80%). Export forensic video clip for investigation.
SIG-6F5F6B68,INT-0003,FUSED-INT-0003,StandardMotorcycleSnatch,0.4,Weak Match,0.3076,2,2,ROUTINE RECORD: Interaction INT-0003 exhibits low signature alignment (40%). No immediate forensic action required.
SIG-55E13143,INT-0004,FUSED-INT-0004,StandardMotorcycleSnatch,0.4,Weak Match,0.3063,2,2,ROUTINE RECORD: Interaction INT-0004 exhibits low signature alignment (40%). No immediate forensic action required.
SIG-25DCEE2A,INT-0005,FUSED-INT-0005,StandardMotorcycleSnatch,0.2,Weak Match,0.1391,1,3,ROUTINE RECORD: Interaction INT-0005 exhibits low signature alignment (20%). No immediate forensic action required.
SIG-9F7121EA,INT-0006,FUSED-INT-0006,StandardMotorcycleSnatch,0.2,Weak Match,0.1461,1,3,ROUTINE RECORD: Interaction INT-0006 exhibits low signature alignment (20%). No immediate forensic action required.
SIG-2AB9E5B2,INT-0007,FUSED-INT-0007,StandardMotorcycleSnatch,0.2,Weak Match,0.1692,1,3,ROUTINE RECORD: Interaction INT-0007 exhibits low signature alignment (20%). No immediate forensic action required.
SIG-A2249903,INT-0008,FUSED-INT-0008,StandardMotorcycleSnatch,0.2,Weak Match,0.1809,1,3,ROUTINE RECORD: Interaction INT-0008 exhibits low signature alignment (20%). No immediate forensic action required.
SIG-A45D2CB3,INT-0009,FUSED-INT-0009,StandardMotorcycleSnatch,0.2,Weak Match,0.1457,1,3,ROUTINE RECORD: Interaction INT-0009 exhibits low signature alignment (20%). No immediate forensic action required.
SIG-9439C97C,INT-0010,FUSED-INT-0010,StandardMotorcycleSnatch,0.2,Weak Match,0.147,1,3,ROUTINE RECORD: Interaction INT-0010 exhibits low signature alignment (20%). No immediate forensic action required.
SIG-C84AF7F1,INT-0011,FUSED-INT-0011,StandardMotorcycleSnatch,0.2,Weak Match,0.148,1,3,ROUTINE RECORD: Interaction INT-0011 exhibits low signature alignment (20%). No immediate forensic action required.
SIG-E1647381,INT-0012,FUSED-INT-0012,StandardMotorcycleSnatch,0.2,Weak Match,0.148,1,3,ROUTINE RECORD: Interaction INT-0012 exhibits low signature alignment (20%). No immediate forensic action required.
SIG-4FCC1853,INT-0013,FUSED-INT-0013,StandardMotorcycleSnatch,0.2,Weak Match,0.148,1,3,ROUTINE RECORD: Interaction INT-0013 exhibits low signature alignment (20%). No immediate forensic action required.
SIG-B4E53A75,INT-0014,FUSED-INT-0014,StandardMotorcycleSnatch,0.2,Weak Match,0.146,1,3,ROUTINE RECORD: Interaction INT-0014 exhibits low signature alignment (20%). No immediate forensic action required.
SIG-F3837C60,INT-0015,FUSED-INT-0015,StandardMotorcycleSnatch,0.2,Weak Match,0.146,1,3,ROUTINE RECORD: Interaction INT-0015 exhibits low signature alignment (20%). No immediate forensic action required.
SIG-491C5E79,INT-0016,FUSED-INT-0016,StandardMotorcycleSnatch,0.2,Weak Match,0.146,1,3,ROUTINE RECORD: Interaction INT-0016 exhibits low signature alignment (20%). No immediate forensic action required.
SIG-52AB7097,INT-0017,FUSED-INT-0017,StandardMotorcycleSnatch,0.2,Weak Match,0.146,1,3,ROUTINE RECORD: Interaction INT-0017 exhibits low signature alignment (20%). No immediate forensic action required.
SIG-48CC3DFE,INT-0018,FUSED-INT-0018,StandardMotorcycleSnatch,0.4,Weak Match,0.2814,2,2,ROUTINE RECORD: Interaction INT-0018 exhibits low signature alignment (40%). No immediate forensic action required.
SIG-779D13C4,INT-0001,FUSED-INT-0001,StandardMotorcycleSnatch,0.2,Weak Match,0.1681,1,3,ROUTINE RECORD: Interaction INT-0001 exhibits low signature alignment (20%). No immediate forensic action required.
SIG-150024D4,INT-0002,FUSED-INT-0002,StandardMotorcycleSnatch,0.8,High Confidence Match,0.6634,3,1,FLAGGED FOR HIGH-PRIORITY FORENSIC REVIEW: Interaction INT-0002 exhibits strong signature alignment (80%). Export forensic video clip for investigation.
SIG-02016D46,INT-0003,FUSED-INT-0003,StandardMotorcycleSnatch,0.4,Weak Match,0.3076,2,2,ROUTINE RECORD: Interaction INT-0003 exhibits low signature alignment (40%). No immediate forensic action required.
SIG-3B1B5394,INT-0004,FUSED-INT-0004,StandardMotorcycleSnatch,0.4,Weak Match,0.3062,2,2,ROUTINE RECORD: Interaction INT-0004 exhibits low signature alignment (40%). No immediate forensic action required.
SIG-C7F8D033,INT-0005,FUSED-INT-0005,StandardMotorcycleSnatch,0.2,Weak Match,0.1391,1,3,ROUTINE RECORD: Interaction INT-0005 exhibits low signature alignment (20%). No immediate forensic action required.
SIG-4A42C015,INT-0006,FUSED-INT-0006,StandardMotorcycleSnatch,0.2,Weak Match,0.1461,1,3,ROUTINE RECORD: Interaction INT-0006 exhibits low signature alignment (20%). No immediate forensic action required.
SIG-4063B54C,INT-0007,FUSED-INT-0007,StandardMotorcycleSnatch,0.2,Weak Match,0.1692,1,3,ROUTINE RECORD: Interaction INT-0007 exhibits low signature alignment (20%). No immediate forensic action required.
SIG-1C3BFAA8,INT-0008,FUSED-INT-0008,StandardMotorcycleSnatch,0.2,Weak Match,0.1809,1,3,ROUTINE RECORD: Interaction INT-0008 exhibits low signature alignment (20%). No immediate forensic action required.
SIG-E998A72C,INT-0009,FUSED-INT-0009,StandardMotorcycleSnatch,0.2,Weak Match,0.1457,1,3,ROUTINE RECORD: Interaction INT-0009 exhibits low signature alignment (20%). No immediate forensic action required.
SIG-D9B09437,INT-0010,FUSED-INT-0010,StandardMotorcycleSnatch,0.2,Weak Match,0.147,1,3,ROUTINE RECORD: Interaction INT-0010 exhibits low signature alignment (20%). No immediate forensic action required.
SIG-2752EAEB,INT-0011,FUSED-INT-0011,StandardMotorcycleSnatch,0.2,Weak Match,0.148,1,3,ROUTINE RECORD: Interaction INT-0011 exhibits low signature alignment (20%). No immediate forensic action required.
SIG-CA2D5AEA,INT-0012,FUSED-INT-0012,StandardMotorcycleSnatch,0.2,Weak Match,0.148,1,3,ROUTINE RECORD: Interaction INT-0012 exhibits low signature alignment (20%). No immediate forensic action required.
SIG-9330D6AD,INT-0013,FUSED-INT-0013,StandardMotorcycleSnatch,0.2,Weak Match,0.148,1,3,ROUTINE RECORD: Interaction INT-0013 exhibits low signature alignment (20%). No immediate forensic action required.
SIG-455E1427,INT-0014,FUSED-INT-0014,StandardMotorcycleSnatch,0.2,Weak Match,0.146,1,3,ROUTINE RECORD: Interaction INT-0014 exhibits low signature alignment (20%). No immediate forensic action required.
SIG-1701A30E,INT-0015,FUSED-INT-0015,StandardMotorcycleSnatch,0.2,Weak Match,0.146,1,3,ROUTINE RECORD: Interaction INT-0015 exhibits low signature alignment (20%). No immediate forensic action required.
SIG-9480DD96,INT-0016,FUSED-INT-0016,StandardMotorcycleSnatch,0.2,Weak Match,0.146,1,3,ROUTINE RECORD: Interaction INT-0016 exhibits low signature alignment (20%). No immediate forensic action required.
SIG-B05E56D9,INT-0017,FUSED-INT-0017,StandardMotorcycleSnatch,0.2,Weak Match,0.146,1,3,ROUTINE RECORD: Interaction INT-0017 exhibits low signature alignment (20%). No immediate forensic action required.
SIG-BBC6513F,INT-0018,FUSED-INT-0018,StandardMotorcycleSnatch,0.4,Weak Match,0.2818,2,2,ROUTINE RECORD: Interaction INT-0018 exhibits low signature alignment (40%). No immediate forensic action required.
SIG-ED4A2B4F,INT-0001,FUSED-INT-0001,StandardMotorcycleSnatch,0.2,Weak Match,0.1681,1,3,ROUTINE RECORD: Interaction INT-0001 exhibits low signature alignment (20%). No immediate forensic action required.
SIG-88DFD138,INT-0002,FUSED-INT-0002,StandardMotorcycleSnatch,0.8,High Confidence Match,0.6634,3,1,FLAGGED FOR HIGH-PRIORITY FORENSIC REVIEW: Interaction INT-0002 exhibits strong signature alignment (80%). Export forensic video clip for investigation.
SIG-45B48146,INT-0003,FUSED-INT-0003,StandardMotorcycleSnatch,0.4,Weak Match,0.3076,2,2,ROUTINE RECORD: Interaction INT-0003 exhibits low signature alignment (40%). No immediate forensic action required.
SIG-2D42C1E6,INT-0004,FUSED-INT-0004,StandardMotorcycleSnatch,0.4,Weak Match,0.3062,2,2,ROUTINE RECORD: Interaction INT-0004 exhibits low signature alignment (40%). No immediate forensic action required.
SIG-30FA8479,INT-0005,FUSED-INT-0005,StandardMotorcycleSnatch,0.2,Weak Match,0.1391,1,3,ROUTINE RECORD: Interaction INT-0005 exhibits low signature alignment (20%). No immediate forensic action required.
SIG-FBC87590,INT-0006,FUSED-INT-0006,StandardMotorcycleSnatch,0.2,Weak Match,0.1461,1,3,ROUTINE RECORD: Interaction INT-0006 exhibits low signature alignment (20%). No immediate forensic action required.
SIG-9178FE08,INT-0007,FUSED-INT-0007,StandardMotorcycleSnatch,0.2,Weak Match,0.1692,1,3,ROUTINE RECORD: Interaction INT-0007 exhibits low signature alignment (20%). No immediate forensic action required.
SIG-5D1000C2,INT-0008,FUSED-INT-0008,StandardMotorcycleSnatch,0.2,Weak Match,0.1809,1,3,ROUTINE RECORD: Interaction INT-0008 exhibits low signature alignment (20%). No immediate forensic action required.
SIG-765DA61B,INT-0009,FUSED-INT-0009,StandardMotorcycleSnatch,0.2,Weak Match,0.1457,1,3,ROUTINE RECORD: Interaction INT-0009 exhibits low signature alignment (20%). No immediate forensic action required.
SIG-F82E78CC,INT-0010,FUSED-INT-0010,StandardMotorcycleSnatch,0.2,Weak Match,0.147,1,3,ROUTINE RECORD: Interaction INT-0010 exhibits low signature alignment (20%). No immediate forensic action required.
SIG-7A3967BC,INT-0011,FUSED-INT-0011,StandardMotorcycleSnatch,0.2,Weak Match,0.148,1,3,ROUTINE RECORD: Interaction INT-0011 exhibits low signature alignment (20%). No immediate forensic action required.
SIG-3B3D4731,INT-0012,FUSED-INT-0012,StandardMotorcycleSnatch,0.2,Weak Match,0.148,1,3,ROUTINE RECORD: Interaction INT-0012 exhibits low signature alignment (20%). No immediate forensic action required.
SIG-AE97098F,INT-0013,FUSED-INT-0013,StandardMotorcycleSnatch,0.2,Weak Match,0.148,1,3,ROUTINE RECORD: Interaction INT-0013 exhibits low signature alignment (20%). No immediate forensic action required.
SIG-F6C1FFCD,INT-0014,FUSED-INT-0014,StandardMotorcycleSnatch,0.2,Weak Match,0.146,1,3,ROUTINE RECORD: Interaction INT-0014 exhibits low signature alignment (20%). No immediate forensic action required.
SIG-5300366C,INT-0015,FUSED-INT-0015,StandardMotorcycleSnatch,0.2,Weak Match,0.146,1,3,ROUTINE RECORD: Interaction INT-0015 exhibits low signature alignment (20%). No immediate forensic action required.
SIG-E97CD2CA,INT-0016,FUSED-INT-0016,StandardMotorcycleSnatch,0.2,Weak Match,0.146,1,3,ROUTINE RECORD: Interaction INT-0016 exhibits low signature alignment (20%). No immediate forensic action required.
SIG-448779A9,INT-0017,FUSED-INT-0017,StandardMotorcycleSnatch,0.2,Weak Match,0.146,1,3,ROUTINE RECORD: Interaction INT-0017 exhibits low signature alignment (20%). No immediate forensic action required.
SIG-C72143DA,INT-0018,FUSED-INT-0018,StandardMotorcycleSnatch,0.4,Weak Match,0.2818,2,2,ROUTINE RECORD: Interaction INT-0018 exhibits low signature alignment (40%). No immediate forensic action required.
SIG-337B97CB,INT-0001,FUSED-INT-0001,StandardMotorcycleSnatch,0.2,Weak Match,0.1681,1,3,ROUTINE RECORD: Interaction INT-0001 exhibits low signature alignment (20%). No immediate forensic action required.
SIG-A425415C,INT-0002,FUSED-INT-0002,StandardMotorcycleSnatch,0.8,High Confidence Match,0.6634,3,1,FLAGGED FOR HIGH-PRIORITY FORENSIC REVIEW: Interaction INT-0002 exhibits strong signature alignment (80%). Export forensic video clip for investigation.
SIG-75B49631,INT-0003,FUSED-INT-0003,StandardMotorcycleSnatch,0.4,Weak Match,0.3076,2,2,ROUTINE RECORD: Interaction INT-0003 exhibits low signature alignment (40%). No immediate forensic action required.
SIG-17F0AC79,INT-0004,FUSED-INT-0004,StandardMotorcycleSnatch,0.4,Weak Match,0.3061,2,2,ROUTINE RECORD: Interaction INT-0004 exhibits low signature alignment (40%). No immediate forensic action required.
SIG-C0B3D64A,INT-0005,FUSED-INT-0005,StandardMotorcycleSnatch,0.2,Weak Match,0.1391,1,3,ROUTINE RECORD: Interaction INT-0005 exhibits low signature alignment (20%). No immediate forensic action required.
SIG-2492BA3A,INT-0006,FUSED-INT-0006,StandardMotorcycleSnatch,0.2,Weak Match,0.1461,1,3,ROUTINE RECORD: Interaction INT-0006 exhibits low signature alignment (20%). No immediate forensic action required.
SIG-9255EC6D,INT-0007,FUSED-INT-0007,StandardMotorcycleSnatch,0.2,Weak Match,0.1692,1,3,ROUTINE RECORD: Interaction INT-0007 exhibits low signature alignment (20%). No immediate forensic action required.
SIG-A5722527,INT-0008,FUSED-INT-0008,StandardMotorcycleSnatch,0.2,Weak Match,0.1809,1,3,ROUTINE RECORD: Interaction INT-0008 exhibits low signature alignment (20%). No immediate forensic action required.
SIG-807DD524,INT-0009,FUSED-INT-0009,StandardMotorcycleSnatch,0.2,Weak Match,0.1457,1,3,ROUTINE RECORD: Interaction INT-0009 exhibits low signature alignment (20%). No immediate forensic action required.
SIG-48F3D63C,INT-0010,FUSED-INT-0010,StandardMotorcycleSnatch,0.2,Weak Match,0.147,1,3,ROUTINE RECORD: Interaction INT-0010 exhibits low signature alignment (20%). No immediate forensic action required.
SIG-86466538,INT-0011,FUSED-INT-0011,StandardMotorcycleSnatch,0.2,Weak Match,0.148,1,3,ROUTINE RECORD: Interaction INT-0011 exhibits low signature alignment (20%). No immediate forensic action required.
SIG-2193BA67,INT-0012,FUSED-INT-0012,StandardMotorcycleSnatch,0.2,Weak Match,0.148,1,3,ROUTINE RECORD: Interaction INT-0012 exhibits low signature alignment (20%). No immediate forensic action required.
SIG-956CB528,INT-0013,FUSED-INT-0013,StandardMotorcycleSnatch,0.2,Weak Match,0.148,1,3,ROUTINE RECORD: Interaction INT-0013 exhibits low signature alignment (20%). No immediate forensic action required.
SIG-B599D563,INT-0014,FUSED-INT-0014,StandardMotorcycleSnatch,0.2,Weak Match,0.146,1,3,ROUTINE RECORD: Interaction INT-0014 exhibits low signature alignment (20%). No immediate forensic action required.
SIG-431C95C8,INT-0015,FUSED-INT-0015,StandardMotorcycleSnatch,0.2,Weak Match,0.146,1,3,ROUTINE RECORD: Interaction INT-0015 exhibits low signature alignment (20%). No immediate forensic action required.
SIG-9EFDAAD7,INT-0016,FUSED-INT-0016,StandardMotorcycleSnatch,0.2,Weak Match,0.146,1,3,ROUTINE RECORD: Interaction INT-0016 exhibits low signature alignment (20%). No immediate forensic action required.
SIG-83E99C7A,INT-0017,FUSED-INT-0017,StandardMotorcycleSnatch,0.2,Weak Match,0.146,1,3,ROUTINE RECORD: Interaction INT-0017 exhibits low signature alignment (20%). No immediate forensic action required.
SIG-CE6A4232,INT-0018,FUSED-INT-0018,StandardMotorcycleSnatch,0.4,Weak Match,0.2821,2,2,ROUTINE RECORD: Interaction INT-0018 exhibits low signature alignment (40%). No immediate forensic action required.
SIG-09F7BF4D,INT-0001,FUSED-INT-0001,StandardMotorcycleSnatch,0.2,Weak Match,0.1681,1,3,ROUTINE RECORD: Interaction INT-0001 exhibits low signature alignment (20%). No immediate forensic action required.
SIG-915C8AA2,INT-0002,FUSED-INT-0002,StandardMotorcycleSnatch,0.8,High Confidence Match,0.6634,3,1,FLAGGED FOR HIGH-PRIORITY FORENSIC REVIEW: Interaction INT-0002 exhibits strong signature alignment (80%). Export forensic video clip for investigation.
SIG-A664FE3E,INT-0003,FUSED-INT-0003,StandardMotorcycleSnatch,0.4,Weak Match,0.3076,2,2,ROUTINE RECORD: Interaction INT-0003 exhibits low signature alignment (40%). No immediate forensic action required.
SIG-0A621691,INT-0004,FUSED-INT-0004,StandardMotorcycleSnatch,0.4,Weak Match,0.306,2,2,ROUTINE RECORD: Interaction INT-0004 exhibits low signature alignment (40%). No immediate forensic action required.
SIG-0326C5DB,INT-0005,FUSED-INT-0005,StandardMotorcycleSnatch,0.2,Weak Match,0.1391,1,3,ROUTINE RECORD: Interaction INT-0005 exhibits low signature alignment (20%). No immediate forensic action required.
SIG-1FF8E46B,INT-0006,FUSED-INT-0006,StandardMotorcycleSnatch,0.2,Weak Match,0.1461,1,3,ROUTINE RECORD: Interaction INT-0006 exhibits low signature alignment (20%). No immediate forensic action required.
SIG-8360AF93,INT-0007,FUSED-INT-0007,StandardMotorcycleSnatch,0.2,Weak Match,0.1692,1,3,ROUTINE RECORD: Interaction INT-0007 exhibits low signature alignment (20%). No immediate forensic action required.
SIG-22BCF771,INT-0008,FUSED-INT-0008,StandardMotorcycleSnatch,0.2,Weak Match,0.1809,1,3,ROUTINE RECORD: Interaction INT-0008 exhibits low signature alignment (20%). No immediate forensic action required.
SIG-A8304F51,INT-0009,FUSED-INT-0009,StandardMotorcycleSnatch,0.2,Weak Match,0.1457,1,3,ROUTINE RECORD: Interaction INT-0009 exhibits low signature alignment (20%). No immediate forensic action required.
SIG-F5C09B68,INT-0010,FUSED-INT-0010,StandardMotorcycleSnatch,0.2,Weak Match,0.147,1,3,ROUTINE RECORD: Interaction INT-0010 exhibits low signature alignment (20%). No immediate forensic action required.
SIG-B12C1E5A,INT-0011,FUSED-INT-0011,StandardMotorcycleSnatch,0.2,Weak Match,0.148,1,3,ROUTINE RECORD: Interaction INT-0011 exhibits low signature alignment (20%). No immediate forensic action required.
SIG-09C6CDA1,INT-0012,FUSED-INT-0012,StandardMotorcycleSnatch,0.2,Weak Match,0.148,1,3,ROUTINE RECORD: Interaction INT-0012 exhibits low signature alignment (20%). No immediate forensic action required.
SIG-9ABDEB48,INT-0013,FUSED-INT-0013,StandardMotorcycleSnatch,0.2,Weak Match,0.148,1,3,ROUTINE RECORD: Interaction INT-0013 exhibits low signature alignment (20%). No immediate forensic action required.
SIG-3A8DFA5C,INT-0014,FUSED-INT-0014,StandardMotorcycleSnatch,0.2,Weak Match,0.146,1,3,ROUTINE RECORD: Interaction INT-0014 exhibits low signature alignment (20%). No immediate forensic action required.
SIG-689773A5,INT-0015,FUSED-INT-0015,StandardMotorcycleSnatch,0.2,Weak Match,0.146,1,3,ROUTINE RECORD: Interaction INT-0015 exhibits low signature alignment (20%). No immediate forensic action required.
SIG-5FEB8A42,INT-0016,FUSED-INT-0016,StandardMotorcycleSnatch,0.2,Weak Match,0.146,1,3,ROUTINE RECORD: Interaction INT-0016 exhibits low signature alignment (20%). No immediate forensic action required.
SIG-A765E3A3,INT-0017,FUSED-INT-0017,StandardMotorcycleSnatch,0.2,Weak Match,0.146,1,3,ROUTINE RECORD: Interaction INT-0017 exhibits low signature alignment (20%). No immediate forensic action required.
SIG-0D85321A,INT-0018,FUSED-INT-0018,StandardMotorcycleSnatch,0.4,Weak Match,0.2828,2,2,ROUTINE RECORD: Interaction INT-0018 exhibits low signature alignment (40%). No immediate forensic action required.
SIG-103C5B22,INT-0001,FUSED-INT-0001,StandardMotorcycleSnatch,0.2,Weak Match,0.1681,1,3,ROUTINE RECORD: Interaction INT-0001 exhibits low signature alignment (20%). No immediate forensic action required.
SIG-3A335FEE,INT-0002,FUSED-INT-0002,StandardMotorcycleSnatch,0.8,High Confidence Match,0.6634,3,1,FLAGGED FOR HIGH-PRIORITY FORENSIC REVIEW: Interaction INT-0002 exhibits strong signature alignment (80%). Export forensic video clip for investigation.
SIG-3FC29EF8,INT-0003,FUSED-INT-0003,StandardMotorcycleSnatch,0.4,Weak Match,0.3076,2,2,ROUTINE RECORD: Interaction INT-0003 exhibits low signature alignment (40%). No immediate forensic action required.
SIG-F9DE8CEA,INT-0004,FUSED-INT-0004,StandardMotorcycleSnatch,0.4,Weak Match,0.306,2,2,ROUTINE RECORD: Interaction INT-0004 exhibits low signature alignment (40%). No immediate forensic action required.
SIG-5BE583D9,INT-0005,FUSED-INT-0005,StandardMotorcycleSnatch,0.2,Weak Match,0.1391,1,3,ROUTINE RECORD: Interaction INT-0005 exhibits low signature alignment (20%). No immediate forensic action required.
SIG-87B922D5,INT-0006,FUSED-INT-0006,StandardMotorcycleSnatch,0.2,Weak Match,0.1461,1,3,ROUTINE RECORD: Interaction INT-0006 exhibits low signature alignment (20%). No immediate forensic action required.
SIG-D0D8C351,INT-0007,FUSED-INT-0007,StandardMotorcycleSnatch,0.2,Weak Match,0.1692,1,3,ROUTINE RECORD: Interaction INT-0007 exhibits low signature alignment (20%). No immediate forensic action required.
SIG-B778148A,INT-0008,FUSED-INT-0008,StandardMotorcycleSnatch,0.2,Weak Match,0.1809,1,3,ROUTINE RECORD: Interaction INT-0008 exhibits low signature alignment (20%). No immediate forensic action required.
SIG-807EB815,INT-0009,FUSED-INT-0009,StandardMotorcycleSnatch,0.2,Weak Match,0.1457,1,3,ROUTINE RECORD: Interaction INT-0009 exhibits low signature alignment (20%). No immediate forensic action required.
SIG-155FC3F6,INT-0010,FUSED-INT-0010,StandardMotorcycleSnatch,0.2,Weak Match,0.147,1,3,ROUTINE RECORD: Interaction INT-0010 exhibits low signature alignment (20%). No immediate forensic action required.
SIG-B6B353F5,INT-0011,FUSED-INT-0011,StandardMotorcycleSnatch,0.2,Weak Match,0.148,1,3,ROUTINE RECORD: Interaction INT-0011 exhibits low signature alignment (20%). No immediate forensic action required.
SIG-4326964F,INT-0012,FUSED-INT-0012,StandardMotorcycleSnatch,0.2,Weak Match,0.148,1,3,ROUTINE RECORD: Interaction INT-0012 exhibits low signature alignment (20%). No immediate forensic action required.
SIG-BE5A4FC5,INT-0013,FUSED-INT-0013,StandardMotorcycleSnatch,0.2,Weak Match,0.148,1,3,ROUTINE RECORD: Interaction INT-0013 exhibits low signature alignment (20%). No immediate forensic action required.
SIG-FA320BB1,INT-0014,FUSED-INT-0014,StandardMotorcycleSnatch,0.2,Weak Match,0.146,1,3,ROUTINE RECORD: Interaction INT-0014 exhibits low signature alignment (20%). No immediate forensic action required.
SIG-44B12236,INT-0015,FUSED-INT-0015,StandardMotorcycleSnatch,0.2,Weak Match,0.146,1,3,ROUTINE RECORD: Interaction INT-0015 exhibits low signature alignment (20%). No immediate forensic action required.
SIG-E830BE5F,INT-0016,FUSED-INT-0016,StandardMotorcycleSnatch,0.2,Weak Match,0.146,1,3,ROUTINE RECORD: Interaction INT-0016 exhibits low signature alignment (20%). No immediate forensic action required.
SIG-384F4DD3,INT-0017,FUSED-INT-0017,StandardMotorcycleSnatch,0.2,Weak Match,0.146,1,3,ROUTINE RECORD: Interaction INT-0017 exhibits low signature alignment (20%). No immediate forensic action required.
SIG-68C10D74,INT-0018,FUSED-INT-0018,StandardMotorcycleSnatch,0.4,Weak Match,0.2824,2,2,ROUTINE RECORD: Interaction INT-0018 exhibits low signature alignment (40%). No immediate forensic action required.
SIG-A5101A16,INT-0001,FUSED-INT-0001,StandardMotorcycleSnatch,0.2,Weak Match,0.1681,1,3,ROUTINE RECORD: Interaction INT-0001 exhibits low signature alignment (20%). No immediate forensic action required.
SIG-5E4EE785,INT-0002,FUSED-INT-0002,StandardMotorcycleSnatch,0.8,High Confidence Match,0.6634,3,1,FLAGGED FOR HIGH-PRIORITY FORENSIC REVIEW: Interaction INT-0002 exhibits strong signature alignment (80%). Export forensic video clip for investigation.
SIG-6EE991DF,INT-0003,FUSED-INT-0003,StandardMotorcycleSnatch,0.4,Weak Match,0.3076,2,2,ROUTINE RECORD: Interaction INT-0003 exhibits low signature alignment (40%). No immediate forensic action required.
SIG-D0B69C34,INT-0004,FUSED-INT-0004,StandardMotorcycleSnatch,0.4,Weak Match,0.3059,2,2,ROUTINE RECORD: Interaction INT-0004 exhibits low signature alignment (40%). No immediate forensic action required.
SIG-DBE6BC7F,INT-0005,FUSED-INT-0005,StandardMotorcycleSnatch,0.2,Weak Match,0.1391,1,3,ROUTINE RECORD: Interaction INT-0005 exhibits low signature alignment (20%). No immediate forensic action required.
SIG-EF529F71,INT-0006,FUSED-INT-0006,StandardMotorcycleSnatch,0.2,Weak Match,0.1461,1,3,ROUTINE RECORD: Interaction INT-0006 exhibits low signature alignment (20%). No immediate forensic action required.
SIG-E025F984,INT-0007,FUSED-INT-0007,StandardMotorcycleSnatch,0.2,Weak Match,0.1692,1,3,ROUTINE RECORD: Interaction INT-0007 exhibits low signature alignment (20%). No immediate forensic action required.
SIG-0AFEF851,INT-0008,FUSED-INT-0008,StandardMotorcycleSnatch,0.2,Weak Match,0.1809,1,3,ROUTINE RECORD: Interaction INT-0008 exhibits low signature alignment (20%). No immediate forensic action required.
SIG-59ACDC4A,INT-0009,FUSED-INT-0009,StandardMotorcycleSnatch,0.2,Weak Match,0.1457,1,3,ROUTINE RECORD: Interaction INT-0009 exhibits low signature alignment (20%). No immediate forensic action required.
SIG-43B785F2,INT-0010,FUSED-INT-0010,StandardMotorcycleSnatch,0.2,Weak Match,0.147,1,3,ROUTINE RECORD: Interaction INT-0010 exhibits low signature alignment (20%). No immediate forensic action required.
SIG-37156D2C,INT-0011,FUSED-INT-0011,StandardMotorcycleSnatch,0.2,Weak Match,0.148,1,3,ROUTINE RECORD: Interaction INT-0011 exhibits low signature alignment (20%). No immediate forensic action required.
SIG-4989A647,INT-0012,FUSED-INT-0012,StandardMotorcycleSnatch,0.2,Weak Match,0.148,1,3,ROUTINE RECORD: Interaction INT-0012 exhibits low signature alignment (20%). No immediate forensic action required.
SIG-FB680740,INT-0013,FUSED-INT-0013,StandardMotorcycleSnatch,0.2,Weak Match,0.148,1,3,ROUTINE RECORD: Interaction INT-0013 exhibits low signature alignment (20%). No immediate forensic action required.
SIG-C23039FA,INT-0014,FUSED-INT-0014,StandardMotorcycleSnatch,0.2,Weak Match,0.146,1,3,ROUTINE RECORD: Interaction INT-0014 exhibits low signature alignment (20%). No immediate forensic action required.
SIG-055DBD1F,INT-0015,FUSED-INT-0015,StandardMotorcycleSnatch,0.2,Weak Match,0.146,1,3,ROUTINE RECORD: Interaction INT-0015 exhibits low signature alignment (20%). No immediate forensic action required.
SIG-60B53C58,INT-0016,FUSED-INT-0016,StandardMotorcycleSnatch,0.2,Weak Match,0.146,1,3,ROUTINE RECORD: Interaction INT-0016 exhibits low signature alignment (20%). No immediate forensic action required.
SIG-1565ED9E,INT-0017,FUSED-INT-0017,StandardMotorcycleSnatch,0.2,Weak Match,0.146,1,3,ROUTINE RECORD: Interaction INT-0017 exhibits low signature alignment (20%). No immediate forensic action required.
SIG-42632F35,INT-0018,FUSED-INT-0018,StandardMotorcycleSnatch,0.4,Weak Match,0.2824,2,2,ROUTINE RECORD: Interaction INT-0018 exhibits low signature alignment (40%). No immediate forensic action required.
SIG-99FA45B6,INT-0001,FUSED-INT-0001,StandardMotorcycleSnatch,0.2,Weak Match,0.1681,1,3,ROUTINE RECORD: Interaction INT-0001 exhibits low signature alignment (20%). No immediate forensic action required.
SIG-4AB199F9,INT-0002,FUSED-INT-0002,StandardMotorcycleSnatch,0.8,High Confidence Match,0.6634,3,1,FLAGGED FOR HIGH-PRIORITY FORENSIC REVIEW: Interaction INT-0002 exhibits strong signature alignment (80%). Export forensic video clip for investigation.
SIG-3FC78A77,INT-0003,FUSED-INT-0003,StandardMotorcycleSnatch,0.4,Weak Match,0.3076,2,2,ROUTINE RECORD: Interaction INT-0003 exhibits low signature alignment (40%). No immediate forensic action required.
SIG-641B86E0,INT-0004,FUSED-INT-0004,StandardMotorcycleSnatch,0.4,Weak Match,0.3058,2,2,ROUTINE RECORD: Interaction INT-0004 exhibits low signature alignment (40%). No immediate forensic action required.
SIG-39CB5861,INT-0005,FUSED-INT-0005,StandardMotorcycleSnatch,0.2,Weak Match,0.1391,1,3,ROUTINE RECORD: Interaction INT-0005 exhibits low signature alignment (20%). No immediate forensic action required.
SIG-6700F819,INT-0006,FUSED-INT-0006,StandardMotorcycleSnatch,0.2,Weak Match,0.1461,1,3,ROUTINE RECORD: Interaction INT-0006 exhibits low signature alignment (20%). No immediate forensic action required.
SIG-3BFB83BB,INT-0007,FUSED-INT-0007,StandardMotorcycleSnatch,0.2,Weak Match,0.1692,1,3,ROUTINE RECORD: Interaction INT-0007 exhibits low signature alignment (20%). No immediate forensic action required.
SIG-0270EFC0,INT-0008,FUSED-INT-0008,StandardMotorcycleSnatch,0.2,Weak Match,0.1809,1,3,ROUTINE RECORD: Interaction INT-0008 exhibits low signature alignment (20%). No immediate forensic action required.
SIG-1F2EC057,INT-0009,FUSED-INT-0009,StandardMotorcycleSnatch,0.2,Weak Match,0.1457,1,3,ROUTINE RECORD: Interaction INT-0009 exhibits low signature alignment (20%). No immediate forensic action required.
SIG-B71C0BED,INT-0010,FUSED-INT-0010,StandardMotorcycleSnatch,0.2,Weak Match,0.147,1,3,ROUTINE RECORD: Interaction INT-0010 exhibits low signature alignment (20%). No immediate forensic action required.
SIG-B2F97896,INT-0011,FUSED-INT-0011,StandardMotorcycleSnatch,0.2,Weak Match,0.148,1,3,ROUTINE RECORD: Interaction INT-0011 exhibits low signature alignment (20%). No immediate forensic action required.
SIG-5C934ED0,INT-0012,FUSED-INT-0012,StandardMotorcycleSnatch,0.2,Weak Match,0.148,1,3,ROUTINE RECORD: Interaction INT-0012 exhibits low signature alignment (20%). No immediate forensic action required.
SIG-B447D8CE,INT-0013,FUSED-INT-0013,StandardMotorcycleSnatch,0.2,Weak Match,0.148,1,3,ROUTINE RECORD: Interaction INT-0013 exhibits low signature alignment (20%). No immediate forensic action required.
SIG-F6316FFB,INT-0014,FUSED-INT-0014,StandardMotorcycleSnatch,0.2,Weak Match,0.146,1,3,ROUTINE RECORD: Interaction INT-0014 exhibits low signature alignment (20%). No immediate forensic action required.
SIG-25D5DF61,INT-0015,FUSED-INT-0015,StandardMotorcycleSnatch,0.2,Weak Match,0.146,1,3,ROUTINE RECORD: Interaction INT-0015 exhibits low signature alignment (20%). No immediate forensic action required.
SIG-EF3A037B,INT-0016,FUSED-INT-0016,StandardMotorcycleSnatch,0.2,Weak Match,0.146,1,3,ROUTINE RECORD: Interaction INT-0016 exhibits low signature alignment (20%). No immediate forensic action required.
SIG-9358114D,INT-0017,FUSED-INT-0017,StandardMotorcycleSnatch,0.2,Weak Match,0.146,1,3,ROUTINE RECORD: Interaction INT-0017 exhibits low signature alignment (20%). No immediate forensic action required.
SIG-ECDFD42D,INT-0018,FUSED-INT-0018,StandardMotorcycleSnatch,0.4,Weak Match,0.2824,2,2,ROUTINE RECORD: Interaction INT-0018 exhibits low signature alignment (40%). No immediate forensic action required.
SIG-8260BB66,INT-0001,FUSED-INT-0001,StandardMotorcycleSnatch,0.2,Weak Match,0.1681,1,3,ROUTINE RECORD: Interaction INT-0001 exhibits low signature alignment (20%). No immediate forensic action required.
SIG-74461CDD,INT-0002,FUSED-INT-0002,StandardMotorcycleSnatch,0.8,High Confidence Match,0.6634,3,1,FLAGGED FOR HIGH-PRIORITY FORENSIC REVIEW: Interaction INT-0002 exhibits strong signature alignment (80%). Export forensic video clip for investigation.
SIG-B2AEBACD,INT-0003,FUSED-INT-0003,StandardMotorcycleSnatch,0.4,Weak Match,0.3076,2,2,ROUTINE RECORD: Interaction INT-0003 exhibits low signature alignment (40%). No immediate forensic action required.
SIG-0793760F,INT-0004,FUSED-INT-0004,StandardMotorcycleSnatch,0.4,Weak Match,0.3058,2,2,ROUTINE RECORD: Interaction INT-0004 exhibits low signature alignment (40%). No immediate forensic action required.
SIG-C6F6BE1C,INT-0005,FUSED-INT-0005,StandardMotorcycleSnatch,0.2,Weak Match,0.1391,1,3,ROUTINE RECORD: Interaction INT-0005 exhibits low signature alignment (20%). No immediate forensic action required.
SIG-0DEB0B57,INT-0006,FUSED-INT-0006,StandardMotorcycleSnatch,0.2,Weak Match,0.1461,1,3,ROUTINE RECORD: Interaction INT-0006 exhibits low signature alignment (20%). No immediate forensic action required.
SIG-2CE783D2,INT-0007,FUSED-INT-0007,StandardMotorcycleSnatch,0.2,Weak Match,0.1692,1,3,ROUTINE RECORD: Interaction INT-0007 exhibits low signature alignment (20%). No immediate forensic action required.
SIG-B3A2F3E5,INT-0008,FUSED-INT-0008,StandardMotorcycleSnatch,0.2,Weak Match,0.1809,1,3,ROUTINE RECORD: Interaction INT-0008 exhibits low signature alignment (20%). No immediate forensic action required.
SIG-67B7B3EC,INT-0009,FUSED-INT-0009,StandardMotorcycleSnatch,0.2,Weak Match,0.1457,1,3,ROUTINE RECORD: Interaction INT-0009 exhibits low signature alignment (20%). No immediate forensic action required.
SIG-99EFEE3B,INT-0010,FUSED-INT-0010,StandardMotorcycleSnatch,0.2,Weak Match,0.147,1,3,ROUTINE RECORD: Interaction INT-0010 exhibits low signature alignment (20%). No immediate forensic action required.
SIG-57D58289,INT-0011,FUSED-INT-0011,StandardMotorcycleSnatch,0.2,Weak Match,0.148,1,3,ROUTINE RECORD: Interaction INT-0011 exhibits low signature alignment (20%). No immediate forensic action required.
SIG-8A258F6C,INT-0012,FUSED-INT-0012,StandardMotorcycleSnatch,0.2,Weak Match,0.148,1,3,ROUTINE RECORD: Interaction INT-0012 exhibits low signature alignment (20%). No immediate forensic action required.
SIG-91DA692D,INT-0013,FUSED-INT-0013,StandardMotorcycleSnatch,0.2,Weak Match,0.148,1,3,ROUTINE RECORD: Interaction INT-0013 exhibits low signature alignment (20%). No immediate forensic action required.
SIG-7253BC03,INT-0014,FUSED-INT-0014,StandardMotorcycleSnatch,0.2,Weak Match,0.146,1,3,ROUTINE RECORD: Interaction INT-0014 exhibits low signature alignment (20%). No immediate forensic action required.
SIG-C0095101,INT-0015,FUSED-INT-0015,StandardMotorcycleSnatch,0.2,Weak Match,0.146,1,3,ROUTINE RECORD: Interaction INT-0015 exhibits low signature alignment (20%). No immediate forensic action required.
SIG-345B97AC,INT-0016,FUSED-INT-0016,StandardMotorcycleSnatch,0.2,Weak Match,0.146,1,3,ROUTINE RECORD: Interaction INT-0016 exhibits low signature alignment (20%). No immediate forensic action required.
SIG-22B94080,INT-0017,FUSED-INT-0017,StandardMotorcycleSnatch,0.2,Weak Match,0.146,1,3,ROUTINE RECORD: Interaction INT-0017 exhibits low signature alignment (20%). No immediate forensic action required.
SIG-7A080778,INT-0018,FUSED-INT-0018,StandardMotorcycleSnatch,0.4,Weak Match,0.2824,2,2,ROUTINE RECORD: Interaction INT-0018 exhibits low signature alignment (40%). No immediate forensic action required.
SIG-D61558A6,INT-0001,FUSED-INT-0001,StandardMotorcycleSnatch,0.2,Weak Match,0.1681,1,3,ROUTINE RECORD: Interaction INT-0001 exhibits low signature alignment (20%). No immediate forensic action required.
SIG-9804AD11,INT-0002,FUSED-INT-0002,StandardMotorcycleSnatch,0.8,High Confidence Match,0.6634,3,1,FLAGGED FOR HIGH-PRIORITY FORENSIC REVIEW: Interaction INT-0002 exhibits strong signature alignment (80%). Export forensic video clip for investigation.
SIG-FFEB0D8D,INT-0003,FUSED-INT-0003,StandardMotorcycleSnatch,0.4,Weak Match,0.3076,2,2,ROUTINE RECORD: Interaction INT-0003 exhibits low signature alignment (40%). No immediate forensic action required.
SIG-1676C0DE,INT-0004,FUSED-INT-0004,StandardMotorcycleSnatch,0.4,Weak Match,0.3057,2,2,ROUTINE RECORD: Interaction INT-0004 exhibits low signature alignment (40%). No immediate forensic action required.
SIG-B8D09F94,INT-0005,FUSED-INT-0005,StandardMotorcycleSnatch,0.2,Weak Match,0.1391,1,3,ROUTINE RECORD: Interaction INT-0005 exhibits low signature alignment (20%). No immediate forensic action required.
SIG-A4EB5730,INT-0006,FUSED-INT-0006,StandardMotorcycleSnatch,0.2,Weak Match,0.1461,1,3,ROUTINE RECORD: Interaction INT-0006 exhibits low signature alignment (20%). No immediate forensic action required.
SIG-F6D3F438,INT-0007,FUSED-INT-0007,StandardMotorcycleSnatch,0.2,Weak Match,0.1692,1,3,ROUTINE RECORD: Interaction INT-0007 exhibits low signature alignment (20%). No immediate forensic action required.
SIG-0FA410BF,INT-0008,FUSED-INT-0008,StandardMotorcycleSnatch,0.2,Weak Match,0.1809,1,3,ROUTINE RECORD: Interaction INT-0008 exhibits low signature alignment (20%). No immediate forensic action required.
SIG-EB82FA3B,INT-0009,FUSED-INT-0009,StandardMotorcycleSnatch,0.2,Weak Match,0.1457,1,3,ROUTINE RECORD: Interaction INT-0009 exhibits low signature alignment (20%). No immediate forensic action required.
SIG-3341C235,INT-0010,FUSED-INT-0010,StandardMotorcycleSnatch,0.2,Weak Match,0.147,1,3,ROUTINE RECORD: Interaction INT-0010 exhibits low signature alignment (20%). No immediate forensic action required.
SIG-26FADD1A,INT-0011,FUSED-INT-0011,StandardMotorcycleSnatch,0.2,Weak Match,0.148,1,3,ROUTINE RECORD: Interaction INT-0011 exhibits low signature alignment (20%). No immediate forensic action required.
SIG-285FC90A,INT-0012,FUSED-INT-0012,StandardMotorcycleSnatch,0.2,Weak Match,0.148,1,3,ROUTINE RECORD: Interaction INT-0012 exhibits low signature alignment (20%). No immediate forensic action required.
SIG-AE79B021,INT-0013,FUSED-INT-0013,StandardMotorcycleSnatch,0.2,Weak Match,0.148,1,3,ROUTINE RECORD: Interaction INT-0013 exhibits low signature alignment (20%). No immediate forensic action required.
SIG-31DB456F,INT-0014,FUSED-INT-0014,StandardMotorcycleSnatch,0.2,Weak Match,0.146,1,3,ROUTINE RECORD: Interaction INT-0014 exhibits low signature alignment (20%). No immediate forensic action required.
SIG-051DAA97,INT-0015,FUSED-INT-0015,StandardMotorcycleSnatch,0.2,Weak Match,0.146,1,3,ROUTINE RECORD: Interaction INT-0015 exhibits low signature alignment (20%). No immediate forensic action required.
SIG-3AEDDD87,INT-0016,FUSED-INT-0016,StandardMotorcycleSnatch,0.2,Weak Match,0.146,1,3,ROUTINE RECORD: Interaction INT-0016 exhibits low signature alignment (20%). No immediate forensic action required.
SIG-B2469272,INT-0017,FUSED-INT-0017,StandardMotorcycleSnatch,0.2,Weak Match,0.146,1,3,ROUTINE RECORD: Interaction INT-0017 exhibits low signature alignment (20%). No immediate forensic action required.
SIG-E27E816D,INT-0018,FUSED-INT-0018,StandardMotorcycleSnatch,0.4,Weak Match,0.2824,2,2,ROUTINE RECORD: Interaction INT-0018 exhibits low signature alignment (40%). No immediate forensic action required.
SIG-3A058A7C,INT-0001,FUSED-INT-0001,StandardMotorcycleSnatch,0.2,Weak Match,0.1681,1,3,ROUTINE RECORD: Interaction INT-0001 exhibits low signature alignment (20%). No immediate forensic action required.
SIG-D8F86A3D,INT-0002,FUSED-INT-0002,StandardMotorcycleSnatch,0.8,High Confidence Match,0.6634,3,1,FLAGGED FOR HIGH-PRIORITY FORENSIC REVIEW: Interaction INT-0002 exhibits strong signature alignment (80%). Export forensic video clip for investigation.
SIG-63ABEB81,INT-0003,FUSED-INT-0003,StandardMotorcycleSnatch,0.4,Weak Match,0.3076,2,2,ROUTINE RECORD: Interaction INT-0003 exhibits low signature alignment (40%). No immediate forensic action required.
SIG-53EB3DA5,INT-0004,FUSED-INT-0004,StandardMotorcycleSnatch,0.4,Weak Match,0.3057,2,2,ROUTINE RECORD: Interaction INT-0004 exhibits low signature alignment (40%). No immediate forensic action required.
SIG-E915E738,INT-0005,FUSED-INT-0005,StandardMotorcycleSnatch,0.2,Weak Match,0.1391,1,3,ROUTINE RECORD: Interaction INT-0005 exhibits low signature alignment (20%). No immediate forensic action required.
SIG-FFE457DF,INT-0006,FUSED-INT-0006,StandardMotorcycleSnatch,0.2,Weak Match,0.1461,1,3,ROUTINE RECORD: Interaction INT-0006 exhibits low signature alignment (20%). No immediate forensic action required.
SIG-248A04F8,INT-0007,FUSED-INT-0007,StandardMotorcycleSnatch,0.2,Weak Match,0.1692,1,3,ROUTINE RECORD: Interaction INT-0007 exhibits low signature alignment (20%). No immediate forensic action required.
SIG-263ECCB1,INT-0008,FUSED-INT-0008,StandardMotorcycleSnatch,0.2,Weak Match,0.1809,1,3,ROUTINE RECORD: Interaction INT-0008 exhibits low signature alignment (20%). No immediate forensic action required.
SIG-9A52DDBC,INT-0009,FUSED-INT-0009,StandardMotorcycleSnatch,0.2,Weak Match,0.1457,1,3,ROUTINE RECORD: Interaction INT-0009 exhibits low signature alignment (20%). No immediate forensic action required.
SIG-015DE9BD,INT-0010,FUSED-INT-0010,StandardMotorcycleSnatch,0.2,Weak Match,0.147,1,3,ROUTINE RECORD: Interaction INT-0010 exhibits low signature alignment (20%). No immediate forensic action required.
SIG-97A9ED05,INT-0011,FUSED-INT-0011,StandardMotorcycleSnatch,0.2,Weak Match,0.148,1,3,ROUTINE RECORD: Interaction INT-0011 exhibits low signature alignment (20%). No immediate forensic action required.
SIG-1C929384,INT-0012,FUSED-INT-0012,StandardMotorcycleSnatch,0.2,Weak Match,0.148,1,3,ROUTINE RECORD: Interaction INT-0012 exhibits low signature alignment (20%). No immediate forensic action required.
SIG-8D471BD4,INT-0013,FUSED-INT-0013,StandardMotorcycleSnatch,0.2,Weak Match,0.148,1,3,ROUTINE RECORD: Interaction INT-0013 exhibits low signature alignment (20%). No immediate forensic action required.
SIG-0EE00174,INT-0014,FUSED-INT-0014,StandardMotorcycleSnatch,0.2,Weak Match,0.146,1,3,ROUTINE RECORD: Interaction INT-0014 exhibits low signature alignment (20%). No immediate forensic action required.
SIG-0B4AA847,INT-0015,FUSED-INT-0015,StandardMotorcycleSnatch,0.2,Weak Match,0.146,1,3,ROUTINE RECORD: Interaction INT-0015 exhibits low signature alignment (20%). No immediate forensic action required.
SIG-9076DAAA,INT-0016,FUSED-INT-0016,StandardMotorcycleSnatch,0.2,Weak Match,0.146,1,3,ROUTINE RECORD: Interaction INT-0016 exhibits low signature alignment (20%). No immediate forensic action required.
SIG-90CB17BB,INT-0017,FUSED-INT-0017,StandardMotorcycleSnatch,0.2,Weak Match,0.146,1,3,ROUTINE RECORD: Interaction INT-0017 exhibits low signature alignment (20%). No immediate forensic action required.
SIG-44A0CF3F,INT-0018,FUSED-INT-0018,StandardMotorcycleSnatch,0.4,Weak Match,0.2831,2,2,ROUTINE RECORD: Interaction INT-0018 exhibits low signature alignment (40%). No immediate forensic action required.
SIG-E928A80E,INT-0001,FUSED-INT-0001,StandardMotorcycleSnatch,0.2,Weak Match,0.1681,1,3,ROUTINE RECORD: Interaction INT-0001 exhibits low signature alignment (20%). No immediate forensic action required.
SIG-4B655642,INT-0002,FUSED-INT-0002,StandardMotorcycleSnatch,0.8,High Confidence Match,0.6634,3,1,FLAGGED FOR HIGH-PRIORITY FORENSIC REVIEW: Interaction INT-0002 exhibits strong signature alignment (80%). Export forensic video clip for investigation.
SIG-F7971FAB,INT-0003,FUSED-INT-0003,StandardMotorcycleSnatch,0.4,Weak Match,0.3076,2,2,ROUTINE RECORD: Interaction INT-0003 exhibits low signature alignment (40%). No immediate forensic action required.
SIG-68887562,INT-0004,FUSED-INT-0004,StandardMotorcycleSnatch,0.4,Weak Match,0.3056,2,2,ROUTINE RECORD: Interaction INT-0004 exhibits low signature alignment (40%). No immediate forensic action required.
SIG-CDA77F32,INT-0005,FUSED-INT-0005,StandardMotorcycleSnatch,0.2,Weak Match,0.1391,1,3,ROUTINE RECORD: Interaction INT-0005 exhibits low signature alignment (20%). No immediate forensic action required.
SIG-2F6AF47A,INT-0006,FUSED-INT-0006,StandardMotorcycleSnatch,0.2,Weak Match,0.1461,1,3,ROUTINE RECORD: Interaction INT-0006 exhibits low signature alignment (20%). No immediate forensic action required.
SIG-0966B4D9,INT-0007,FUSED-INT-0007,StandardMotorcycleSnatch,0.2,Weak Match,0.1692,1,3,ROUTINE RECORD: Interaction INT-0007 exhibits low signature alignment (20%). No immediate forensic action required.
SIG-A16FD04F,INT-0008,FUSED-INT-0008,StandardMotorcycleSnatch,0.2,Weak Match,0.1809,1,3,ROUTINE RECORD: Interaction INT-0008 exhibits low signature alignment (20%). No immediate forensic action required.
SIG-E7021612,INT-0009,FUSED-INT-0009,StandardMotorcycleSnatch,0.2,Weak Match,0.1457,1,3,ROUTINE RECORD: Interaction INT-0009 exhibits low signature alignment (20%). No immediate forensic action required.
SIG-6CAF401A,INT-0010,FUSED-INT-0010,StandardMotorcycleSnatch,0.2,Weak Match,0.147,1,3,ROUTINE RECORD: Interaction INT-0010 exhibits low signature alignment (20%). No immediate forensic action required.
SIG-A37C7BFD,INT-0011,FUSED-INT-0011,StandardMotorcycleSnatch,0.2,Weak Match,0.148,1,3,ROUTINE RECORD: Interaction INT-0011 exhibits low signature alignment (20%). No immediate forensic action required.
SIG-589D04C8,INT-0012,FUSED-INT-0012,StandardMotorcycleSnatch,0.2,Weak Match,0.148,1,3,ROUTINE RECORD: Interaction INT-0012 exhibits low signature alignment (20%). No immediate forensic action required.
SIG-0D1A0C93,INT-0013,FUSED-INT-0013,StandardMotorcycleSnatch,0.2,Weak Match,0.148,1,3,ROUTINE RECORD: Interaction INT-0013 exhibits low signature alignment (20%). No immediate forensic action required.
SIG-8D34AF65,INT-0014,FUSED-INT-0014,StandardMotorcycleSnatch,0.2,Weak Match,0.146,1,3,ROUTINE RECORD: Interaction INT-0014 exhibits low signature alignment (20%). No immediate forensic action required.
SIG-3C565622,INT-0015,FUSED-INT-0015,StandardMotorcycleSnatch,0.2,Weak Match,0.146,1,3,ROUTINE RECORD: Interaction INT-0015 exhibits low signature alignment (20%). No immediate forensic action required.
SIG-04491301,INT-0016,FUSED-INT-0016,StandardMotorcycleSnatch,0.2,Weak Match,0.146,1,3,ROUTINE RECORD: Interaction INT-0016 exhibits low signature alignment (20%). No immediate forensic action required.
SIG-93AC2B88,INT-0017,FUSED-INT-0017,StandardMotorcycleSnatch,0.2,Weak Match,0.146,1,3,ROUTINE RECORD: Interaction INT-0017 exhibits low signature alignment (20%). No immediate forensic action required.
SIG-51D562CC,INT-0018,FUSED-INT-0018,StandardMotorcycleSnatch,0.4,Weak Match,0.2831,2,2,ROUTINE RECORD: Interaction INT-0018 exhibits low signature alignment (40%). No immediate forensic action required.
SIG-D8AA7D5B,INT-0001,FUSED-INT-0001,StandardMotorcycleSnatch,0.2,Weak Match,0.1681,1,3,ROUTINE RECORD: Interaction INT-0001 exhibits low signature alignment (20%). No immediate forensic action required.
SIG-E9AD1604,INT-0002,FUSED-INT-0002,StandardMotorcycleSnatch,0.8,High Confidence Match,0.6634,3,1,FLAGGED FOR HIGH-PRIORITY FORENSIC REVIEW: Interaction INT-0002 exhibits strong signature alignment (80%). Export forensic video clip for investigation.
SIG-955039DB,INT-0003,FUSED-INT-0003,StandardMotorcycleSnatch,0.4,Weak Match,0.3076,2,2,ROUTINE RECORD: Interaction INT-0003 exhibits low signature alignment (40%). No immediate forensic action required.
SIG-561820DB,INT-0004,FUSED-INT-0004,StandardMotorcycleSnatch,0.4,Weak Match,0.3056,2,2,ROUTINE RECORD: Interaction INT-0004 exhibits low signature alignment (40%). No immediate forensic action required.
SIG-C5B85797,INT-0005,FUSED-INT-0005,StandardMotorcycleSnatch,0.2,Weak Match,0.1391,1,3,ROUTINE RECORD: Interaction INT-0005 exhibits low signature alignment (20%). No immediate forensic action required.
SIG-8E7FC9E8,INT-0006,FUSED-INT-0006,StandardMotorcycleSnatch,0.2,Weak Match,0.1461,1,3,ROUTINE RECORD: Interaction INT-0006 exhibits low signature alignment (20%). No immediate forensic action required.
SIG-EB485A97,INT-0007,FUSED-INT-0007,StandardMotorcycleSnatch,0.2,Weak Match,0.1692,1,3,ROUTINE RECORD: Interaction INT-0007 exhibits low signature alignment (20%). No immediate forensic action required.
SIG-F258131C,INT-0008,FUSED-INT-0008,StandardMotorcycleSnatch,0.2,Weak Match,0.1809,1,3,ROUTINE RECORD: Interaction INT-0008 exhibits low signature alignment (20%). No immediate forensic action required.
SIG-253C75D2,INT-0009,FUSED-INT-0009,StandardMotorcycleSnatch,0.2,Weak Match,0.1457,1,3,ROUTINE RECORD: Interaction INT-0009 exhibits low signature alignment (20%). No immediate forensic action required.
SIG-4F775205,INT-0010,FUSED-INT-0010,StandardMotorcycleSnatch,0.2,Weak Match,0.147,1,3,ROUTINE RECORD: Interaction INT-0010 exhibits low signature alignment (20%). No immediate forensic action required.
SIG-358C6D65,INT-0011,FUSED-INT-0011,StandardMotorcycleSnatch,0.2,Weak Match,0.148,1,3,ROUTINE RECORD: Interaction INT-0011 exhibits low signature alignment (20%). No immediate forensic action required.
SIG-205C993A,INT-0012,FUSED-INT-0012,StandardMotorcycleSnatch,0.2,Weak Match,0.148,1,3,ROUTINE RECORD: Interaction INT-0012 exhibits low signature alignment (20%). No immediate forensic action required.
SIG-ACF95CCE,INT-0013,FUSED-INT-0013,StandardMotorcycleSnatch,0.2,Weak Match,0.148,1,3,ROUTINE RECORD: Interaction INT-0013 exhibits low signature alignment (20%). No immediate forensic action required.
SIG-D999C64B,INT-0014,FUSED-INT-0014,StandardMotorcycleSnatch,0.2,Weak Match,0.146,1,3,ROUTINE RECORD: Interaction INT-0014 exhibits low signature alignment (20%). No immediate forensic action required.
SIG-1088607F,INT-0015,FUSED-INT-0015,StandardMotorcycleSnatch,0.2,Weak Match,0.146,1,3,ROUTINE RECORD: Interaction INT-0015 exhibits low signature alignment (20%). No immediate forensic action required.
SIG-DA5AB9CE,INT-0016,FUSED-INT-0016,StandardMotorcycleSnatch,0.2,Weak Match,0.146,1,3,ROUTINE RECORD: Interaction INT-0016 exhibits low signature alignment (20%). No immediate forensic action required.
SIG-A34F4C0C,INT-0017,FUSED-INT-0017,StandardMotorcycleSnatch,0.2,Weak Match,0.146,1,3,ROUTINE RECORD: Interaction INT-0017 exhibits low signature alignment (20%). No immediate forensic action required.
SIG-922BCEEF,INT-0018,FUSED-INT-0018,StandardMotorcycleSnatch,0.4,Weak Match,0.2831,2,2,ROUTINE RECORD: Interaction INT-0018 exhibits low signature alignment (40%). No immediate forensic action required.
SIG-6F666C87,INT-0001,FUSED-INT-0001,StandardMotorcycleSnatch,0.2,Weak Match,0.1681,1,3,ROUTINE RECORD: Interaction INT-0001 exhibits low signature alignment (20%). No immediate forensic action required.
SIG-84B292A6,INT-0002,FUSED-INT-0002,StandardMotorcycleSnatch,0.8,High Confidence Match,0.6634,3,1,FLAGGED FOR HIGH-PRIORITY FORENSIC REVIEW: Interaction INT-0002 exhibits strong signature alignment (80%). Export forensic video clip for investigation.
SIG-77B7388C,INT-0003,FUSED-INT-0003,StandardMotorcycleSnatch,0.4,Weak Match,0.3076,2,2,ROUTINE RECORD: Interaction INT-0003 exhibits low signature alignment (40%). No immediate forensic action required.
SIG-92ADDD4D,INT-0004,FUSED-INT-0004,StandardMotorcycleSnatch,0.4,Weak Match,0.3056,2,2,ROUTINE RECORD: Interaction INT-0004 exhibits low signature alignment (40%). No immediate forensic action required.
SIG-31C157BD,INT-0005,FUSED-INT-0005,StandardMotorcycleSnatch,0.2,Weak Match,0.1391,1,3,ROUTINE RECORD: Interaction INT-0005 exhibits low signature alignment (20%). No immediate forensic action required.
SIG-D08FE588,INT-0006,FUSED-INT-0006,StandardMotorcycleSnatch,0.2,Weak Match,0.1461,1,3,ROUTINE RECORD: Interaction INT-0006 exhibits low signature alignment (20%). No immediate forensic action required.
SIG-80A9483D,INT-0007,FUSED-INT-0007,StandardMotorcycleSnatch,0.2,Weak Match,0.1692,1,3,ROUTINE RECORD: Interaction INT-0007 exhibits low signature alignment (20%). No immediate forensic action required.
SIG-898B268F,INT-0008,FUSED-INT-0008,StandardMotorcycleSnatch,0.2,Weak Match,0.1809,1,3,ROUTINE RECORD: Interaction INT-0008 exhibits low signature alignment (20%). No immediate forensic action required.
SIG-735BF22B,INT-0009,FUSED-INT-0009,StandardMotorcycleSnatch,0.2,Weak Match,0.1457,1,3,ROUTINE RECORD: Interaction INT-0009 exhibits low signature alignment (20%). No immediate forensic action required.
SIG-06F16680,INT-0010,FUSED-INT-0010,StandardMotorcycleSnatch,0.2,Weak Match,0.147,1,3,ROUTINE RECORD: Interaction INT-0010 exhibits low signature alignment (20%). No immediate forensic action required.
SIG-47E7DC29,INT-0011,FUSED-INT-0011,StandardMotorcycleSnatch,0.2,Weak Match,0.148,1,3,ROUTINE RECORD: Interaction INT-0011 exhibits low signature alignment (20%). No immediate forensic action required.
SIG-3AA21434,INT-0012,FUSED-INT-0012,StandardMotorcycleSnatch,0.2,Weak Match,0.148,1,3,ROUTINE RECORD: Interaction INT-0012 exhibits low signature alignment (20%). No immediate forensic action required.
SIG-B2305113,INT-0013,FUSED-INT-0013,StandardMotorcycleSnatch,0.2,Weak Match,0.148,1,3,ROUTINE RECORD: Interaction INT-0013 exhibits low signature alignment (20%). No immediate forensic action required.
SIG-69086B2C,INT-0014,FUSED-INT-0014,StandardMotorcycleSnatch,0.2,Weak Match,0.146,1,3,ROUTINE RECORD: Interaction INT-0014 exhibits low signature alignment (20%). No immediate forensic action required.
SIG-B8DE639F,INT-0015,FUSED-INT-0015,StandardMotorcycleSnatch,0.2,Weak Match,0.146,1,3,ROUTINE RECORD: Interaction INT-0015 exhibits low signature alignment (20%). No immediate forensic action required.
SIG-9536C619,INT-0016,FUSED-INT-0016,StandardMotorcycleSnatch,0.2,Weak Match,0.146,1,3,ROUTINE RECORD: Interaction INT-0016 exhibits low signature alignment (20%). No immediate forensic action required.
SIG-5ED08EC0,INT-0017,FUSED-INT-0017,StandardMotorcycleSnatch,0.2,Weak Match,0.146,1,3,ROUTINE RECORD: Interaction INT-0017 exhibits low signature alignment (20%). No immediate forensic action required.
SIG-27DD6E31,INT-0018,FUSED-INT-0018,StandardMotorcycleSnatch,0.4,Weak Match,0.2831,2,2,ROUTINE RECORD: Interaction INT-0018 exhibits low signature alignment (40%). No immediate forensic action required.
SIG-5FDDE4B1,INT-0001,FUSED-INT-0001,StandardMotorcycleSnatch,0.2,Weak Match,0.1681,1,3,ROUTINE RECORD: Interaction INT-0001 exhibits low signature alignment (20%). No immediate forensic action required.
SIG-59230D80,INT-0002,FUSED-INT-0002,StandardMotorcycleSnatch,0.8,High Confidence Match,0.6634,3,1,FLAGGED FOR HIGH-PRIORITY FORENSIC REVIEW: Interaction INT-0002 exhibits strong signature alignment (80%). Export forensic video clip for investigation.
SIG-99D75381,INT-0003,FUSED-INT-0003,StandardMotorcycleSnatch,0.4,Weak Match,0.3076,2,2,ROUTINE RECORD: Interaction INT-0003 exhibits low signature alignment (40%). No immediate forensic action required.
SIG-505E1338,INT-0004,FUSED-INT-0004,StandardMotorcycleSnatch,0.4,Weak Match,0.3055,2,2,ROUTINE RECORD: Interaction INT-0004 exhibits low signature alignment (40%). No immediate forensic action required.
SIG-4FE31C49,INT-0005,FUSED-INT-0005,StandardMotorcycleSnatch,0.2,Weak Match,0.1391,1,3,ROUTINE RECORD: Interaction INT-0005 exhibits low signature alignment (20%). No immediate forensic action required.
SIG-626BCB0A,INT-0006,FUSED-INT-0006,StandardMotorcycleSnatch,0.2,Weak Match,0.1461,1,3,ROUTINE RECORD: Interaction INT-0006 exhibits low signature alignment (20%). No immediate forensic action required.
SIG-1B784387,INT-0007,FUSED-INT-0007,StandardMotorcycleSnatch,0.2,Weak Match,0.1692,1,3,ROUTINE RECORD: Interaction INT-0007 exhibits low signature alignment (20%). No immediate forensic action required.
SIG-305470B7,INT-0008,FUSED-INT-0008,StandardMotorcycleSnatch,0.2,Weak Match,0.1809,1,3,ROUTINE RECORD: Interaction INT-0008 exhibits low signature alignment (20%). No immediate forensic action required.
SIG-D33F408E,INT-0009,FUSED-INT-0009,StandardMotorcycleSnatch,0.2,Weak Match,0.1457,1,3,ROUTINE RECORD: Interaction INT-0009 exhibits low signature alignment (20%). No immediate forensic action required.
SIG-53803748,INT-0010,FUSED-INT-0010,StandardMotorcycleSnatch,0.2,Weak Match,0.147,1,3,ROUTINE RECORD: Interaction INT-0010 exhibits low signature alignment (20%). No immediate forensic action required.
SIG-C3F15653,INT-0011,FUSED-INT-0011,StandardMotorcycleSnatch,0.2,Weak Match,0.148,1,3,ROUTINE RECORD: Interaction INT-0011 exhibits low signature alignment (20%). No immediate forensic action required.
SIG-AE001DBC,INT-0012,FUSED-INT-0012,StandardMotorcycleSnatch,0.2,Weak Match,0.148,1,3,ROUTINE RECORD: Interaction INT-0012 exhibits low signature alignment (20%). No immediate forensic action required.
SIG-B6A70AD7,INT-0013,FUSED-INT-0013,StandardMotorcycleSnatch,0.2,Weak Match,0.148,1,3,ROUTINE RECORD: Interaction INT-0013 exhibits low signature alignment (20%). No immediate forensic action required.
SIG-CEE7BB8D,INT-0014,FUSED-INT-0014,StandardMotorcycleSnatch,0.2,Weak Match,0.146,1,3,ROUTINE RECORD: Interaction INT-0014 exhibits low signature alignment (20%). No immediate forensic action required.
SIG-F22D723D,INT-0015,FUSED-INT-0015,StandardMotorcycleSnatch,0.2,Weak Match,0.146,1,3,ROUTINE RECORD: Interaction INT-0015 exhibits low signature alignment (20%). No immediate forensic action required.
SIG-9CCFA807,INT-0016,FUSED-INT-0016,StandardMotorcycleSnatch,0.2,Weak Match,0.146,1,3,ROUTINE RECORD: Interaction INT-0016 exhibits low signature alignment (20%). No immediate forensic action required.
SIG-B9353EDA,INT-0017,FUSED-INT-0017,StandardMotorcycleSnatch,0.2,Weak Match,0.146,1,3,ROUTINE RECORD: Interaction INT-0017 exhibits low signature alignment (20%). No immediate forensic action required.
SIG-14ED29F7,INT-0018,FUSED-INT-0018,StandardMotorcycleSnatch,0.4,Weak Match,0.2831,2,2,ROUTINE RECORD: Interaction INT-0018 exhibits low signature alignment (40%). No immediate forensic action required.
SIG-6EDBC7FF,INT-0001,FUSED-INT-0001,StandardMotorcycleSnatch,0.2,Weak Match,0.1681,1,3,ROUTINE RECORD: Interaction INT-0001 exhibits low signature alignment (20%). No immediate forensic action required.
SIG-C779B0C6,INT-0002,FUSED-INT-0002,StandardMotorcycleSnatch,0.8,High Confidence Match,0.6634,3,1,FLAGGED FOR HIGH-PRIORITY FORENSIC REVIEW: Interaction INT-0002 exhibits strong signature alignment (80%). Export forensic video clip for investigation.
SIG-2A9EB341,INT-0003,FUSED-INT-0003,StandardMotorcycleSnatch,0.4,Weak Match,0.3076,2,2,ROUTINE RECORD: Interaction INT-0003 exhibits low signature alignment (40%). No immediate forensic action required.
SIG-89A91F9C,INT-0004,FUSED-INT-0004,StandardMotorcycleSnatch,0.4,Weak Match,0.3055,2,2,ROUTINE RECORD: Interaction INT-0004 exhibits low signature alignment (40%). No immediate forensic action required.
SIG-D07C8542,INT-0005,FUSED-INT-0005,StandardMotorcycleSnatch,0.2,Weak Match,0.1391,1,3,ROUTINE RECORD: Interaction INT-0005 exhibits low signature alignment (20%). No immediate forensic action required.
SIG-5FB2EBB9,INT-0006,FUSED-INT-0006,StandardMotorcycleSnatch,0.2,Weak Match,0.1461,1,3,ROUTINE RECORD: Interaction INT-0006 exhibits low signature alignment (20%). No immediate forensic action required.
SIG-B959311B,INT-0007,FUSED-INT-0007,StandardMotorcycleSnatch,0.2,Weak Match,0.1692,1,3,ROUTINE RECORD: Interaction INT-0007 exhibits low signature alignment (20%). No immediate forensic action required.
SIG-B02B10D4,INT-0008,FUSED-INT-0008,StandardMotorcycleSnatch,0.2,Weak Match,0.1809,1,3,ROUTINE RECORD: Interaction INT-0008 exhibits low signature alignment (20%). No immediate forensic action required.
SIG-2BD81A64,INT-0009,FUSED-INT-0009,StandardMotorcycleSnatch,0.2,Weak Match,0.1457,1,3,ROUTINE RECORD: Interaction INT-0009 exhibits low signature alignment (20%). No immediate forensic action required.
SIG-05C70E23,INT-0010,FUSED-INT-0010,StandardMotorcycleSnatch,0.2,Weak Match,0.147,1,3,ROUTINE RECORD: Interaction INT-0010 exhibits low signature alignment (20%). No immediate forensic action required.
SIG-085311DA,INT-0011,FUSED-INT-0011,StandardMotorcycleSnatch,0.2,Weak Match,0.148,1,3,ROUTINE RECORD: Interaction INT-0011 exhibits low signature alignment (20%). No immediate forensic action required.
SIG-40A81C54,INT-0012,FUSED-INT-0012,StandardMotorcycleSnatch,0.2,Weak Match,0.148,1,3,ROUTINE RECORD: Interaction INT-0012 exhibits low signature alignment (20%). No immediate forensic action required.
SIG-51BCEF29,INT-0013,FUSED-INT-0013,StandardMotorcycleSnatch,0.2,Weak Match,0.148,1,3,ROUTINE RECORD: Interaction INT-0013 exhibits low signature alignment (20%). No immediate forensic action required.
SIG-814A52AC,INT-0014,FUSED-INT-0014,StandardMotorcycleSnatch,0.2,Weak Match,0.146,1,3,ROUTINE RECORD: Interaction INT-0014 exhibits low signature alignment (20%). No immediate forensic action required.
SIG-4E065EF4,INT-0015,FUSED-INT-0015,StandardMotorcycleSnatch,0.2,Weak Match,0.146,1,3,ROUTINE RECORD: Interaction INT-0015 exhibits low signature alignment (20%). No immediate forensic action required.
SIG-3EC42159,INT-0016,FUSED-INT-0016,StandardMotorcycleSnatch,0.2,Weak Match,0.146,1,3,ROUTINE RECORD: Interaction INT-0016 exhibits low signature alignment (20%). No immediate forensic action required.
SIG-4BF97DC7,INT-0017,FUSED-INT-0017,StandardMotorcycleSnatch,0.2,Weak Match,0.146,1,3,ROUTINE RECORD: Interaction INT-0017 exhibits low signature alignment (20%). No immediate forensic action required.
SIG-0ED5DC8B,INT-0018,FUSED-INT-0018,StandardMotorcycleSnatch,0.4,Weak Match,0.2831,2,2,ROUTINE RECORD: Interaction INT-0018 exhibits low signature alignment (40%). No immediate forensic action required.
SIG-4F079CFE,INT-0001,FUSED-INT-0001,StandardMotorcycleSnatch,0.2,Weak Match,0.1681,1,3,ROUTINE RECORD: Interaction INT-0001 exhibits low signature alignment (20%). No immediate forensic action required.
SIG-139268CB,INT-0002,FUSED-INT-0002,StandardMotorcycleSnatch,0.8,High Confidence Match,0.6634,3,1,FLAGGED FOR HIGH-PRIORITY FORENSIC REVIEW: Interaction INT-0002 exhibits strong signature alignment (80%). Export forensic video clip for investigation.
SIG-B50905A8,INT-0003,FUSED-INT-0003,StandardMotorcycleSnatch,0.4,Weak Match,0.3076,2,2,ROUTINE RECORD: Interaction INT-0003 exhibits low signature alignment (40%). No immediate forensic action required.
SIG-4DDCCF88,INT-0004,FUSED-INT-0004,StandardMotorcycleSnatch,0.4,Weak Match,0.3054,2,2,ROUTINE RECORD: Interaction INT-0004 exhibits low signature alignment (40%). No immediate forensic action required.
SIG-19CBDECB,INT-0005,FUSED-INT-0005,StandardMotorcycleSnatch,0.2,Weak Match,0.1391,1,3,ROUTINE RECORD: Interaction INT-0005 exhibits low signature alignment (20%). No immediate forensic action required.
SIG-5320B0BF,INT-0006,FUSED-INT-0006,StandardMotorcycleSnatch,0.2,Weak Match,0.1461,1,3,ROUTINE RECORD: Interaction INT-0006 exhibits low signature alignment (20%). No immediate forensic action required.
SIG-180EAE0C,INT-0007,FUSED-INT-0007,StandardMotorcycleSnatch,0.2,Weak Match,0.1692,1,3,ROUTINE RECORD: Interaction INT-0007 exhibits low signature alignment (20%). No immediate forensic action required.
SIG-96E67BD5,INT-0008,FUSED-INT-0008,StandardMotorcycleSnatch,0.2,Weak Match,0.1809,1,3,ROUTINE RECORD: Interaction INT-0008 exhibits low signature alignment (20%). No immediate forensic action required.
SIG-482718BE,INT-0009,FUSED-INT-0009,StandardMotorcycleSnatch,0.2,Weak Match,0.1457,1,3,ROUTINE RECORD: Interaction INT-0009 exhibits low signature alignment (20%). No immediate forensic action required.
SIG-9DBB8AE4,INT-0010,FUSED-INT-0010,StandardMotorcycleSnatch,0.2,Weak Match,0.147,1,3,ROUTINE RECORD: Interaction INT-0010 exhibits low signature alignment (20%). No immediate forensic action required.
SIG-E81DD008,INT-0011,FUSED-INT-0011,StandardMotorcycleSnatch,0.2,Weak Match,0.148,1,3,ROUTINE RECORD: Interaction INT-0011 exhibits low signature alignment (20%). No immediate forensic action required.
SIG-956A6A65,INT-0012,FUSED-INT-0012,StandardMotorcycleSnatch,0.2,Weak Match,0.148,1,3,ROUTINE RECORD: Interaction INT-0012 exhibits low signature alignment (20%). No immediate forensic action required.
SIG-AEC68DD1,INT-0013,FUSED-INT-0013,StandardMotorcycleSnatch,0.2,Weak Match,0.148,1,3,ROUTINE RECORD: Interaction INT-0013 exhibits low signature alignment (20%). No immediate forensic action required.
SIG-D0B84FE3,INT-0014,FUSED-INT-0014,StandardMotorcycleSnatch,0.2,Weak Match,0.146,1,3,ROUTINE RECORD: Interaction INT-0014 exhibits low signature alignment (20%). No immediate forensic action required.
SIG-758848E7,INT-0015,FUSED-INT-0015,StandardMotorcycleSnatch,0.2,Weak Match,0.146,1,3,ROUTINE RECORD: Interaction INT-0015 exhibits low signature alignment (20%). No immediate forensic action required.
SIG-1620714B,INT-0016,FUSED-INT-0016,StandardMotorcycleSnatch,0.2,Weak Match,0.146,1,3,ROUTINE RECORD: Interaction INT-0016 exhibits low signature alignment (20%). No immediate forensic action required.
SIG-A6D2C149,INT-0017,FUSED-INT-0017,StandardMotorcycleSnatch,0.2,Weak Match,0.146,1,3,ROUTINE RECORD: Interaction INT-0017 exhibits low signature alignment (20%). No immediate forensic action required.
SIG-FC379EC4,INT-0018,FUSED-INT-0018,StandardMotorcycleSnatch,0.4,Weak Match,0.2831,2,2,ROUTINE RECORD: Interaction INT-0018 exhibits low signature alignment (40%). No immediate forensic action required.
SIG-8BBE4263,INT-0001,FUSED-INT-0001,StandardMotorcycleSnatch,0.2,Weak Match,0.1681,1,3,ROUTINE RECORD: Interaction INT-0001 exhibits low signature alignment (20%). No immediate forensic action required.
SIG-BF2D984D,INT-0002,FUSED-INT-0002,StandardMotorcycleSnatch,0.8,High Confidence Match,0.6634,3,1,FLAGGED FOR HIGH-PRIORITY FORENSIC REVIEW: Interaction INT-0002 exhibits strong signature alignment (80%). Export forensic video clip for investigation.
SIG-88D495D1,INT-0003,FUSED-INT-0003,StandardMotorcycleSnatch,0.4,Weak Match,0.3076,2,2,ROUTINE RECORD: Interaction INT-0003 exhibits low signature alignment (40%). No immediate forensic action required.
SIG-0794AB85,INT-0004,FUSED-INT-0004,StandardMotorcycleSnatch,0.4,Weak Match,0.3054,2,2,ROUTINE RECORD: Interaction INT-0004 exhibits low signature alignment (40%). No immediate forensic action required.
SIG-EA7D699F,INT-0005,FUSED-INT-0005,StandardMotorcycleSnatch,0.2,Weak Match,0.1391,1,3,ROUTINE RECORD: Interaction INT-0005 exhibits low signature alignment (20%). No immediate forensic action required.
SIG-1F736713,INT-0006,FUSED-INT-0006,StandardMotorcycleSnatch,0.2,Weak Match,0.1461,1,3,ROUTINE RECORD: Interaction INT-0006 exhibits low signature alignment (20%). No immediate forensic action required.
SIG-E404D614,INT-0007,FUSED-INT-0007,StandardMotorcycleSnatch,0.2,Weak Match,0.1692,1,3,ROUTINE RECORD: Interaction INT-0007 exhibits low signature alignment (20%). No immediate forensic action required.
SIG-F0C33558,INT-0008,FUSED-INT-0008,StandardMotorcycleSnatch,0.2,Weak Match,0.1809,1,3,ROUTINE RECORD: Interaction INT-0008 exhibits low signature alignment (20%). No immediate forensic action required.
SIG-AD8C10E1,INT-0009,FUSED-INT-0009,StandardMotorcycleSnatch,0.2,Weak Match,0.1457,1,3,ROUTINE RECORD: Interaction INT-0009 exhibits low signature alignment (20%). No immediate forensic action required.
SIG-D3388B3D,INT-0010,FUSED-INT-0010,StandardMotorcycleSnatch,0.2,Weak Match,0.147,1,3,ROUTINE RECORD: Interaction INT-0010 exhibits low signature alignment (20%). No immediate forensic action required.
SIG-802E2C3D,INT-0011,FUSED-INT-0011,StandardMotorcycleSnatch,0.2,Weak Match,0.148,1,3,ROUTINE RECORD: Interaction INT-0011 exhibits low signature alignment (20%). No immediate forensic action required.
SIG-5C994B29,INT-0012,FUSED-INT-0012,StandardMotorcycleSnatch,0.2,Weak Match,0.148,1,3,ROUTINE RECORD: Interaction INT-0012 exhibits low signature alignment (20%). No immediate forensic action required.
SIG-341F8A99,INT-0013,FUSED-INT-0013,StandardMotorcycleSnatch,0.2,Weak Match,0.148,1,3,ROUTINE RECORD: Interaction INT-0013 exhibits low signature alignment (20%). No immediate forensic action required.
SIG-B6720B0A,INT-0014,FUSED-INT-0014,StandardMotorcycleSnatch,0.2,Weak Match,0.146,1,3,ROUTINE RECORD: Interaction INT-0014 exhibits low signature alignment (20%). No immediate forensic action required.
SIG-A5F9AC4F,INT-0015,FUSED-INT-0015,StandardMotorcycleSnatch,0.2,Weak Match,0.146,1,3,ROUTINE RECORD: Interaction INT-0015 exhibits low signature alignment (20%). No immediate forensic action required.
SIG-2B9C8E3C,INT-0016,FUSED-INT-0016,StandardMotorcycleSnatch,0.2,Weak Match,0.146,1,3,ROUTINE RECORD: Interaction INT-0016 exhibits low signature alignment (20%). No immediate forensic action required.
SIG-C5D31225,INT-0017,FUSED-INT-0017,StandardMotorcycleSnatch,0.2,Weak Match,0.146,1,3,ROUTINE RECORD: Interaction INT-0017 exhibits low signature alignment (20%). No immediate forensic action required.
SIG-F08BEC3B,INT-0018,FUSED-INT-0018,StandardMotorcycleSnatch,0.4,Weak Match,0.2831,2,2,ROUTINE RECORD: Interaction INT-0018 exhibits low signature alignment (40%). No immediate forensic action required.
SIG-4C5A29C8,INT-0001,FUSED-INT-0001,StandardMotorcycleSnatch,0.2,Weak Match,0.1681,1,3,ROUTINE RECORD: Interaction INT-0001 exhibits low signature alignment (20%). No immediate forensic action required.
SIG-365E4176,INT-0002,FUSED-INT-0002,StandardMotorcycleSnatch,0.8,High Confidence Match,0.6634,3,1,FLAGGED FOR HIGH-PRIORITY FORENSIC REVIEW: Interaction INT-0002 exhibits strong signature alignment (80%). Export forensic video clip for investigation.
SIG-3694286B,INT-0003,FUSED-INT-0003,StandardMotorcycleSnatch,0.4,Weak Match,0.3076,2,2,ROUTINE RECORD: Interaction INT-0003 exhibits low signature alignment (40%). No immediate forensic action required.
SIG-4E95E17D,INT-0004,FUSED-INT-0004,StandardMotorcycleSnatch,0.4,Weak Match,0.3054,2,2,ROUTINE RECORD: Interaction INT-0004 exhibits low signature alignment (40%). No immediate forensic action required.
SIG-D87056A4,INT-0005,FUSED-INT-0005,StandardMotorcycleSnatch,0.2,Weak Match,0.1391,1,3,ROUTINE RECORD: Interaction INT-0005 exhibits low signature alignment (20%). No immediate forensic action required.
SIG-36D590B6,INT-0006,FUSED-INT-0006,StandardMotorcycleSnatch,0.2,Weak Match,0.1461,1,3,ROUTINE RECORD: Interaction INT-0006 exhibits low signature alignment (20%). No immediate forensic action required.
SIG-BBC3C59F,INT-0007,FUSED-INT-0007,StandardMotorcycleSnatch,0.2,Weak Match,0.1692,1,3,ROUTINE RECORD: Interaction INT-0007 exhibits low signature alignment (20%). No immediate forensic action required.
SIG-51E24FC4,INT-0008,FUSED-INT-0008,StandardMotorcycleSnatch,0.2,Weak Match,0.1809,1,3,ROUTINE RECORD: Interaction INT-0008 exhibits low signature alignment (20%). No immediate forensic action required.
SIG-395C2726,INT-0009,FUSED-INT-0009,StandardMotorcycleSnatch,0.2,Weak Match,0.1457,1,3,ROUTINE RECORD: Interaction INT-0009 exhibits low signature alignment (20%). No immediate forensic action required.
SIG-ACB860BF,INT-0010,FUSED-INT-0010,StandardMotorcycleSnatch,0.2,Weak Match,0.147,1,3,ROUTINE RECORD: Interaction INT-0010 exhibits low signature alignment (20%). No immediate forensic action required.
SIG-65B36293,INT-0011,FUSED-INT-0011,StandardMotorcycleSnatch,0.2,Weak Match,0.148,1,3,ROUTINE RECORD: Interaction INT-0011 exhibits low signature alignment (20%). No immediate forensic action required.
SIG-43CED807,INT-0012,FUSED-INT-0012,StandardMotorcycleSnatch,0.2,Weak Match,0.148,1,3,ROUTINE RECORD: Interaction INT-0012 exhibits low signature alignment (20%). No immediate forensic action required.
SIG-D2B2E7A7,INT-0013,FUSED-INT-0013,StandardMotorcycleSnatch,0.2,Weak Match,0.148,1,3,ROUTINE RECORD: Interaction INT-0013 exhibits low signature alignment (20%). No immediate forensic action required.
SIG-92D5761D,INT-0014,FUSED-INT-0014,StandardMotorcycleSnatch,0.2,Weak Match,0.146,1,3,ROUTINE RECORD: Interaction INT-0014 exhibits low signature alignment (20%). No immediate forensic action required.
SIG-903679ED,INT-0015,FUSED-INT-0015,StandardMotorcycleSnatch,0.2,Weak Match,0.146,1,3,ROUTINE RECORD: Interaction INT-0015 exhibits low signature alignment (20%). No immediate forensic action required.
SIG-BAB77507,INT-0016,FUSED-INT-0016,StandardMotorcycleSnatch,0.2,Weak Match,0.146,1,3,ROUTINE RECORD: Interaction INT-0016 exhibits low signature alignment (20%). No immediate forensic action required.
SIG-55A12BE9,INT-0017,FUSED-INT-0017,StandardMotorcycleSnatch,0.2,Weak Match,0.146,1,3,ROUTINE RECORD: Interaction INT-0017 exhibits low signature alignment (20%). No immediate forensic action required.
SIG-BEBFEFCA,INT-0018,FUSED-INT-0018,StandardMotorcycleSnatch,0.4,Weak Match,0.2831,2,2,ROUTINE RECORD: Interaction INT-0018 exhibits low signature alignment (40%). No immediate forensic action required.
SIG-4A371F33,INT-0001,FUSED-INT-0001,StandardMotorcycleSnatch,0.2,Weak Match,0.1681,1,3,ROUTINE RECORD: Interaction INT-0001 exhibits low signature alignment (20%). No immediate forensic action required.
SIG-473480A9,INT-0002,FUSED-INT-0002,StandardMotorcycleSnatch,0.8,High Confidence Match,0.6634,3,1,FLAGGED FOR HIGH-PRIORITY FORENSIC REVIEW: Interaction INT-0002 exhibits strong signature alignment (80%). Export forensic video clip for investigation.
SIG-45999D64,INT-0003,FUSED-INT-0003,StandardMotorcycleSnatch,0.4,Weak Match,0.3076,2,2,ROUTINE RECORD: Interaction INT-0003 exhibits low signature alignment (40%). No immediate forensic action required.
SIG-3190EF5D,INT-0004,FUSED-INT-0004,StandardMotorcycleSnatch,0.4,Weak Match,0.3053,2,2,ROUTINE RECORD: Interaction INT-0004 exhibits low signature alignment (40%). No immediate forensic action required.
SIG-00515060,INT-0005,FUSED-INT-0005,StandardMotorcycleSnatch,0.2,Weak Match,0.1391,1,3,ROUTINE RECORD: Interaction INT-0005 exhibits low signature alignment (20%). No immediate forensic action required.
SIG-3E76BEFC,INT-0006,FUSED-INT-0006,StandardMotorcycleSnatch,0.2,Weak Match,0.1461,1,3,ROUTINE RECORD: Interaction INT-0006 exhibits low signature alignment (20%). No immediate forensic action required.
SIG-BAA7C966,INT-0007,FUSED-INT-0007,StandardMotorcycleSnatch,0.2,Weak Match,0.1692,1,3,ROUTINE RECORD: Interaction INT-0007 exhibits low signature alignment (20%). No immediate forensic action required.
SIG-D947262A,INT-0008,FUSED-INT-0008,StandardMotorcycleSnatch,0.2,Weak Match,0.1809,1,3,ROUTINE RECORD: Interaction INT-0008 exhibits low signature alignment (20%). No immediate forensic action required.
SIG-0DCB2628,INT-0009,FUSED-INT-0009,StandardMotorcycleSnatch,0.2,Weak Match,0.1457,1,3,ROUTINE RECORD: Interaction INT-0009 exhibits low signature alignment (20%). No immediate forensic action required.
SIG-B422A15B,INT-0010,FUSED-INT-0010,StandardMotorcycleSnatch,0.2,Weak Match,0.147,1,3,ROUTINE RECORD: Interaction INT-0010 exhibits low signature alignment (20%). No immediate forensic action required.
SIG-124A7373,INT-0011,FUSED-INT-0011,StandardMotorcycleSnatch,0.2,Weak Match,0.148,1,3,ROUTINE RECORD: Interaction INT-0011 exhibits low signature alignment (20%). No immediate forensic action required.
SIG-F53E891C,INT-0012,FUSED-INT-0012,StandardMotorcycleSnatch,0.2,Weak Match,0.148,1,3,ROUTINE RECORD: Interaction INT-0012 exhibits low signature alignment (20%). No immediate forensic action required.
SIG-3E846F6B,INT-0013,FUSED-INT-0013,StandardMotorcycleSnatch,0.2,Weak Match,0.148,1,3,ROUTINE RECORD: Interaction INT-0013 exhibits low signature alignment (20%). No immediate forensic action required.
SIG-E8382FFD,INT-0014,FUSED-INT-0014,StandardMotorcycleSnatch,0.2,Weak Match,0.146,1,3,ROUTINE RECORD: Interaction INT-0014 exhibits low signature alignment (20%). No immediate forensic action required.
SIG-A767B81C,INT-0015,FUSED-INT-0015,StandardMotorcycleSnatch,0.2,Weak Match,0.146,1,3,ROUTINE RECORD: Interaction INT-0015 exhibits low signature alignment (20%). No immediate forensic action required.
SIG-E5FEFE28,INT-0016,FUSED-INT-0016,StandardMotorcycleSnatch,0.2,Weak Match,0.146,1,3,ROUTINE RECORD: Interaction INT-0016 exhibits low signature alignment (20%). No immediate forensic action required.
SIG-11F47F1F,INT-0017,FUSED-INT-0017,StandardMotorcycleSnatch,0.2,Weak Match,0.146,1,3,ROUTINE RECORD: Interaction INT-0017 exhibits low signature alignment (20%). No immediate forensic action required.
SIG-828DDF62,INT-0018,FUSED-INT-0018,StandardMotorcycleSnatch,0.4,Weak Match,0.2831,2,2,ROUTINE RECORD: Interaction INT-0018 exhibits low signature alignment (40%). No immediate forensic action required.
SIG-03BFED5D,INT-0001,FUSED-INT-0001,StandardMotorcycleSnatch,0.2,Weak Match,0.1681,1,3,ROUTINE RECORD: Interaction INT-0001 exhibits low signature alignment (20%). No immediate forensic action required.
SIG-697EB2E1,INT-0002,FUSED-INT-0002,StandardMotorcycleSnatch,0.8,High Confidence Match,0.6634,3,1,FLAGGED FOR HIGH-PRIORITY FORENSIC REVIEW: Interaction INT-0002 exhibits strong signature alignment (80%). Export forensic video clip for investigation.
SIG-D7340A67,INT-0003,FUSED-INT-0003,StandardMotorcycleSnatch,0.4,Weak Match,0.3076,2,2,ROUTINE RECORD: Interaction INT-0003 exhibits low signature alignment (40%). No immediate forensic action required.
SIG-33019679,INT-0004,FUSED-INT-0004,StandardMotorcycleSnatch,0.4,Weak Match,0.3053,2,2,ROUTINE RECORD: Interaction INT-0004 exhibits low signature alignment (40%). No immediate forensic action required.
SIG-4FFA2576,INT-0005,FUSED-INT-0005,StandardMotorcycleSnatch,0.2,Weak Match,0.1391,1,3,ROUTINE RECORD: Interaction INT-0005 exhibits low signature alignment (20%). No immediate forensic action required.
SIG-0290574F,INT-0006,FUSED-INT-0006,StandardMotorcycleSnatch,0.2,Weak Match,0.1461,1,3,ROUTINE RECORD: Interaction INT-0006 exhibits low signature alignment (20%). No immediate forensic action required.
SIG-76CFF4AC,INT-0007,FUSED-INT-0007,StandardMotorcycleSnatch,0.2,Weak Match,0.1692,1,3,ROUTINE RECORD: Interaction INT-0007 exhibits low signature alignment (20%). No immediate forensic action required.
SIG-619D12D1,INT-0008,FUSED-INT-0008,StandardMotorcycleSnatch,0.2,Weak Match,0.1809,1,3,ROUTINE RECORD: Interaction INT-0008 exhibits low signature alignment (20%). No immediate forensic action required.
SIG-CA1DB9F2,INT-0009,FUSED-INT-0009,StandardMotorcycleSnatch,0.2,Weak Match,0.1457,1,3,ROUTINE RECORD: Interaction INT-0009 exhibits low signature alignment (20%). No immediate forensic action required.
SIG-21CD4D52,INT-0010,FUSED-INT-0010,StandardMotorcycleSnatch,0.2,Weak Match,0.147,1,3,ROUTINE RECORD: Interaction INT-0010 exhibits low signature alignment (20%). No immediate forensic action required.
SIG-624A6D86,INT-0011,FUSED-INT-0011,StandardMotorcycleSnatch,0.2,Weak Match,0.148,1,3,ROUTINE RECORD: Interaction INT-0011 exhibits low signature alignment (20%). No immediate forensic action required.
SIG-435831A4,INT-0012,FUSED-INT-0012,StandardMotorcycleSnatch,0.2,Weak Match,0.148,1,3,ROUTINE RECORD: Interaction INT-0012 exhibits low signature alignment (20%). No immediate forensic action required.
SIG-D34730B1,INT-0013,FUSED-INT-0013,StandardMotorcycleSnatch,0.2,Weak Match,0.148,1,3,ROUTINE RECORD: Interaction INT-0013 exhibits low signature alignment (20%). No immediate forensic action required.
SIG-E4544322,INT-0014,FUSED-INT-0014,StandardMotorcycleSnatch,0.2,Weak Match,0.146,1,3,ROUTINE RECORD: Interaction INT-0014 exhibits low signature alignment (20%). No immediate forensic action required.
SIG-6E1C7C35,INT-0015,FUSED-INT-0015,StandardMotorcycleSnatch,0.2,Weak Match,0.146,1,3,ROUTINE RECORD: Interaction INT-0015 exhibits low signature alignment (20%). No immediate forensic action required.
SIG-B86FB241,INT-0016,FUSED-INT-0016,StandardMotorcycleSnatch,0.2,Weak Match,0.146,1,3,ROUTINE RECORD: Interaction INT-0016 exhibits low signature alignment (20%). No immediate forensic action required.
SIG-3499144D,INT-0017,FUSED-INT-0017,StandardMotorcycleSnatch,0.2,Weak Match,0.146,1,3,ROUTINE RECORD: Interaction INT-0017 exhibits low signature alignment (20%). No immediate forensic action required.
SIG-8D167CC6,INT-0018,FUSED-INT-0018,StandardMotorcycleSnatch,0.4,Weak Match,0.2831,2,2,ROUTINE RECORD: Interaction INT-0018 exhibits low signature alignment (40%). No immediate forensic action required.
SIG-039EE352,INT-0001,FUSED-INT-0001,StandardMotorcycleSnatch,0.2,Weak Match,0.1681,1,3,ROUTINE RECORD: Interaction INT-0001 exhibits low signature alignment (20%). No immediate forensic action required.
SIG-E3E1F0F5,INT-0002,FUSED-INT-0002,StandardMotorcycleSnatch,0.8,High Confidence Match,0.6634,3,1,FLAGGED FOR HIGH-PRIORITY FORENSIC REVIEW: Interaction INT-0002 exhibits strong signature alignment (80%). Export forensic video clip for investigation.
SIG-1FC20A7B,INT-0003,FUSED-INT-0003,StandardMotorcycleSnatch,0.4,Weak Match,0.3076,2,2,ROUTINE RECORD: Interaction INT-0003 exhibits low signature alignment (40%). No immediate forensic action required.
SIG-3785A4C4,INT-0004,FUSED-INT-0004,StandardMotorcycleSnatch,0.4,Weak Match,0.3052,2,2,ROUTINE RECORD: Interaction INT-0004 exhibits low signature alignment (40%). No immediate forensic action required.
SIG-7736C077,INT-0005,FUSED-INT-0005,StandardMotorcycleSnatch,0.2,Weak Match,0.1391,1,3,ROUTINE RECORD: Interaction INT-0005 exhibits low signature alignment (20%). No immediate forensic action required.
SIG-655D603D,INT-0006,FUSED-INT-0006,StandardMotorcycleSnatch,0.2,Weak Match,0.1461,1,3,ROUTINE RECORD: Interaction INT-0006 exhibits low signature alignment (20%). No immediate forensic action required.
SIG-5F59B649,INT-0007,FUSED-INT-0007,StandardMotorcycleSnatch,0.2,Weak Match,0.1692,1,3,ROUTINE RECORD: Interaction INT-0007 exhibits low signature alignment (20%). No immediate forensic action required.
SIG-0E45060D,INT-0008,FUSED-INT-0008,StandardMotorcycleSnatch,0.2,Weak Match,0.1809,1,3,ROUTINE RECORD: Interaction INT-0008 exhibits low signature alignment (20%). No immediate forensic action required.
SIG-67D8E201,INT-0009,FUSED-INT-0009,StandardMotorcycleSnatch,0.2,Weak Match,0.1457,1,3,ROUTINE RECORD: Interaction INT-0009 exhibits low signature alignment (20%). No immediate forensic action required.
SIG-EA2FA5A0,INT-0010,FUSED-INT-0010,StandardMotorcycleSnatch,0.2,Weak Match,0.147,1,3,ROUTINE RECORD: Interaction INT-0010 exhibits low signature alignment (20%). No immediate forensic action required.
SIG-07294D9A,INT-0011,FUSED-INT-0011,StandardMotorcycleSnatch,0.2,Weak Match,0.148,1,3,ROUTINE RECORD: Interaction INT-0011 exhibits low signature alignment (20%). No immediate forensic action required.
SIG-EE896365,INT-0012,FUSED-INT-0012,StandardMotorcycleSnatch,0.2,Weak Match,0.148,1,3,ROUTINE RECORD: Interaction INT-0012 exhibits low signature alignment (20%). No immediate forensic action required.
SIG-6D0FDACE,INT-0013,FUSED-INT-0013,StandardMotorcycleSnatch,0.2,Weak Match,0.148,1,3,ROUTINE RECORD: Interaction INT-0013 exhibits low signature alignment (20%). No immediate forensic action required.
SIG-3653439E,INT-0014,FUSED-INT-0014,StandardMotorcycleSnatch,0.2,Weak Match,0.146,1,3,ROUTINE RECORD: Interaction INT-0014 exhibits low signature alignment (20%). No immediate forensic action required.
SIG-11668F91,INT-0015,FUSED-INT-0015,StandardMotorcycleSnatch,0.2,Weak Match,0.146,1,3,ROUTINE RECORD: Interaction INT-0015 exhibits low signature alignment (20%). No immediate forensic action required.
SIG-91A559D5,INT-0016,FUSED-INT-0016,StandardMotorcycleSnatch,0.2,Weak Match,0.146,1,3,ROUTINE RECORD: Interaction INT-0016 exhibits low signature alignment (20%). No immediate forensic action required.
SIG-28EF8AEC,INT-0017,FUSED-INT-0017,StandardMotorcycleSnatch,0.2,Weak Match,0.146,1,3,ROUTINE RECORD: Interaction INT-0017 exhibits low signature alignment (20%). No immediate forensic action required.
SIG-328FBAA0,INT-0018,FUSED-INT-0018,StandardMotorcycleSnatch,0.4,Weak Match,0.2831,2,2,ROUTINE RECORD: Interaction INT-0018 exhibits low signature alignment (40%). No immediate forensic action required.
SIG-E26CFC6C,INT-0001,FUSED-INT-0001,StandardMotorcycleSnatch,0.2,Weak Match,0.1681,1,3,ROUTINE RECORD: Interaction INT-0001 exhibits low signature alignment (20%). No immediate forensic action required.
SIG-E4EE8E7E,INT-0002,FUSED-INT-0002,StandardMotorcycleSnatch,0.8,High Confidence Match,0.6634,3,1,FLAGGED FOR HIGH-PRIORITY FORENSIC REVIEW: Interaction INT-0002 exhibits strong signature alignment (80%). Export forensic video clip for investigation.
SIG-38B1BE82,INT-0003,FUSED-INT-0003,StandardMotorcycleSnatch,0.4,Weak Match,0.3076,2,2,ROUTINE RECORD: Interaction INT-0003 exhibits low signature alignment (40%). No immediate forensic action required.
SIG-158BB338,INT-0004,FUSED-INT-0004,StandardMotorcycleSnatch,0.4,Weak Match,0.3052,2,2,ROUTINE RECORD: Interaction INT-0004 exhibits low signature alignment (40%). No immediate forensic action required.
SIG-7A829A47,INT-0005,FUSED-INT-0005,StandardMotorcycleSnatch,0.2,Weak Match,0.1391,1,3,ROUTINE RECORD: Interaction INT-0005 exhibits low signature alignment (20%). No immediate forensic action required.
SIG-8D1AE79C,INT-0006,FUSED-INT-0006,StandardMotorcycleSnatch,0.2,Weak Match,0.1461,1,3,ROUTINE RECORD: Interaction INT-0006 exhibits low signature alignment (20%). No immediate forensic action required.
SIG-5E306960,INT-0007,FUSED-INT-0007,StandardMotorcycleSnatch,0.2,Weak Match,0.1692,1,3,ROUTINE RECORD: Interaction INT-0007 exhibits low signature alignment (20%). No immediate forensic action required.
SIG-B1272BEF,INT-0008,FUSED-INT-0008,StandardMotorcycleSnatch,0.2,Weak Match,0.1809,1,3,ROUTINE RECORD: Interaction INT-0008 exhibits low signature alignment (20%). No immediate forensic action required.
SIG-3663A00B,INT-0009,FUSED-INT-0009,StandardMotorcycleSnatch,0.2,Weak Match,0.1457,1,3,ROUTINE RECORD: Interaction INT-0009 exhibits low signature alignment (20%). No immediate forensic action required.
SIG-F87FC50B,INT-0010,FUSED-INT-0010,StandardMotorcycleSnatch,0.2,Weak Match,0.147,1,3,ROUTINE RECORD: Interaction INT-0010 exhibits low signature alignment (20%). No immediate forensic action required.
SIG-9800663E,INT-0011,FUSED-INT-0011,StandardMotorcycleSnatch,0.2,Weak Match,0.148,1,3,ROUTINE RECORD: Interaction INT-0011 exhibits low signature alignment (20%). No immediate forensic action required.
SIG-F4C6A94A,INT-0012,FUSED-INT-0012,StandardMotorcycleSnatch,0.2,Weak Match,0.148,1,3,ROUTINE RECORD: Interaction INT-0012 exhibits low signature alignment (20%). No immediate forensic action required.
SIG-4C3DA728,INT-0013,FUSED-INT-0013,StandardMotorcycleSnatch,0.2,Weak Match,0.148,1,3,ROUTINE RECORD: Interaction INT-0013 exhibits low signature alignment (20%). No immediate forensic action required.
SIG-74F44D67,INT-0014,FUSED-INT-0014,StandardMotorcycleSnatch,0.2,Weak Match,0.146,1,3,ROUTINE RECORD: Interaction INT-0014 exhibits low signature alignment (20%). No immediate forensic action required.
SIG-7E193351,INT-0015,FUSED-INT-0015,StandardMotorcycleSnatch,0.2,Weak Match,0.146,1,3,ROUTINE RECORD: Interaction INT-0015 exhibits low signature alignment (20%). No immediate forensic action required.
SIG-EE42D46C,INT-0016,FUSED-INT-0016,StandardMotorcycleSnatch,0.2,Weak Match,0.146,1,3,ROUTINE RECORD: Interaction INT-0016 exhibits low signature alignment (20%). No immediate forensic action required.
SIG-E87B6886,INT-0017,FUSED-INT-0017,StandardMotorcycleSnatch,0.2,Weak Match,0.146,1,3,ROUTINE RECORD: Interaction INT-0017 exhibits low signature alignment (20%). No immediate forensic action required.
SIG-4B024EE7,INT-0018,FUSED-INT-0018,StandardMotorcycleSnatch,0.4,Weak Match,0.2831,2,2,ROUTINE RECORD: Interaction INT-0018 exhibits low signature alignment (40%). No immediate forensic action required.
SIG-9EEB7EEB,INT-0001,FUSED-INT-0001,StandardMotorcycleSnatch,0.2,Weak Match,0.1681,1,3,ROUTINE RECORD: Interaction INT-0001 exhibits low signature alignment (20%). No immediate forensic action required.
SIG-81A29B08,INT-0002,FUSED-INT-0002,StandardMotorcycleSnatch,0.8,High Confidence Match,0.6634,3,1,FLAGGED FOR HIGH-PRIORITY FORENSIC REVIEW: Interaction INT-0002 exhibits strong signature alignment (80%). Export forensic video clip for investigation.
SIG-D3561DB4,INT-0003,FUSED-INT-0003,StandardMotorcycleSnatch,0.4,Weak Match,0.3076,2,2,ROUTINE RECORD: Interaction INT-0003 exhibits low signature alignment (40%). No immediate forensic action required.
SIG-72A9E79C,INT-0004,FUSED-INT-0004,StandardMotorcycleSnatch,0.4,Weak Match,0.3051,2,2,ROUTINE RECORD: Interaction INT-0004 exhibits low signature alignment (40%). No immediate forensic action required.
SIG-5045AAAF,INT-0005,FUSED-INT-0005,StandardMotorcycleSnatch,0.2,Weak Match,0.1391,1,3,ROUTINE RECORD: Interaction INT-0005 exhibits low signature alignment (20%). No immediate forensic action required.
SIG-5A0C0FCC,INT-0006,FUSED-INT-0006,StandardMotorcycleSnatch,0.2,Weak Match,0.1461,1,3,ROUTINE RECORD: Interaction INT-0006 exhibits low signature alignment (20%). No immediate forensic action required.
SIG-4614E527,INT-0007,FUSED-INT-0007,StandardMotorcycleSnatch,0.2,Weak Match,0.1692,1,3,ROUTINE RECORD: Interaction INT-0007 exhibits low signature alignment (20%). No immediate forensic action required.
SIG-F88EE47F,INT-0008,FUSED-INT-0008,StandardMotorcycleSnatch,0.2,Weak Match,0.1809,1,3,ROUTINE RECORD: Interaction INT-0008 exhibits low signature alignment (20%). No immediate forensic action required.
SIG-AE0BDD5A,INT-0009,FUSED-INT-0009,StandardMotorcycleSnatch,0.2,Weak Match,0.1457,1,3,ROUTINE RECORD: Interaction INT-0009 exhibits low signature alignment (20%). No immediate forensic action required.
SIG-FE628F77,INT-0010,FUSED-INT-0010,StandardMotorcycleSnatch,0.2,Weak Match,0.147,1,3,ROUTINE RECORD: Interaction INT-0010 exhibits low signature alignment (20%). No immediate forensic action required.
SIG-0E9F4C22,INT-0011,FUSED-INT-0011,StandardMotorcycleSnatch,0.2,Weak Match,0.148,1,3,ROUTINE RECORD: Interaction INT-0011 exhibits low signature alignment (20%). No immediate forensic action required.
SIG-36AF91EA,INT-0012,FUSED-INT-0012,StandardMotorcycleSnatch,0.2,Weak Match,0.148,1,3,ROUTINE RECORD: Interaction INT-0012 exhibits low signature alignment (20%). No immediate forensic action required.
SIG-D0423374,INT-0013,FUSED-INT-0013,StandardMotorcycleSnatch,0.2,Weak Match,0.148,1,3,ROUTINE RECORD: Interaction INT-0013 exhibits low signature alignment (20%). No immediate forensic action required.
SIG-E66E3A85,INT-0014,FUSED-INT-0014,StandardMotorcycleSnatch,0.2,Weak Match,0.146,1,3,ROUTINE RECORD: Interaction INT-0014 exhibits low signature alignment (20%). No immediate forensic action required.
SIG-3EE9EBAB,INT-0015,FUSED-INT-0015,StandardMotorcycleSnatch,0.2,Weak Match,0.146,1,3,ROUTINE RECORD: Interaction INT-0015 exhibits low signature alignment (20%). No immediate forensic action required.
SIG-54284B10,INT-0016,FUSED-INT-0016,StandardMotorcycleSnatch,0.2,Weak Match,0.146,1,3,ROUTINE RECORD: Interaction INT-0016 exhibits low signature alignment (20%). No immediate forensic action required.
SIG-F6C84E7F,INT-0017,FUSED-INT-0017,StandardMotorcycleSnatch,0.2,Weak Match,0.146,1,3,ROUTINE RECORD: Interaction INT-0017 exhibits low signature alignment (20%). No immediate forensic action required.
SIG-3570C5FE,INT-0018,FUSED-INT-0018,StandardMotorcycleSnatch,0.4,Weak Match,0.2831,2,2,ROUTINE RECORD: Interaction INT-0018 exhibits low signature alignment (40%). No immediate forensic action required.
SIG-F49CD092,INT-0001,FUSED-INT-0001,StandardMotorcycleSnatch,0.2,Weak Match,0.1681,1,3,ROUTINE RECORD: Interaction INT-0001 exhibits low signature alignment (20%). No immediate forensic action required.
SIG-A400332D,INT-0002,FUSED-INT-0002,StandardMotorcycleSnatch,0.8,High Confidence Match,0.6634,3,1,FLAGGED FOR HIGH-PRIORITY FORENSIC REVIEW: Interaction INT-0002 exhibits strong signature alignment (80%). Export forensic video clip for investigation.
SIG-8C31D8B9,INT-0003,FUSED-INT-0003,StandardMotorcycleSnatch,0.4,Weak Match,0.3076,2,2,ROUTINE RECORD: Interaction INT-0003 exhibits low signature alignment (40%). No immediate forensic action required.
SIG-C39D3762,INT-0004,FUSED-INT-0004,StandardMotorcycleSnatch,0.4,Weak Match,0.3051,2,2,ROUTINE RECORD: Interaction INT-0004 exhibits low signature alignment (40%). No immediate forensic action required.
SIG-A15E0803,INT-0005,FUSED-INT-0005,StandardMotorcycleSnatch,0.2,Weak Match,0.1391,1,3,ROUTINE RECORD: Interaction INT-0005 exhibits low signature alignment (20%). No immediate forensic action required.
SIG-4DCCE92D,INT-0006,FUSED-INT-0006,StandardMotorcycleSnatch,0.2,Weak Match,0.1461,1,3,ROUTINE RECORD: Interaction INT-0006 exhibits low signature alignment (20%). No immediate forensic action required.
SIG-8992E437,INT-0007,FUSED-INT-0007,StandardMotorcycleSnatch,0.2,Weak Match,0.1692,1,3,ROUTINE RECORD: Interaction INT-0007 exhibits low signature alignment (20%). No immediate forensic action required.
SIG-734A406E,INT-0008,FUSED-INT-0008,StandardMotorcycleSnatch,0.2,Weak Match,0.1809,1,3,ROUTINE RECORD: Interaction INT-0008 exhibits low signature alignment (20%). No immediate forensic action required.
SIG-FD2AB6C8,INT-0009,FUSED-INT-0009,StandardMotorcycleSnatch,0.2,Weak Match,0.1457,1,3,ROUTINE RECORD: Interaction INT-0009 exhibits low signature alignment (20%). No immediate forensic action required.
SIG-DEE48AED,INT-0010,FUSED-INT-0010,StandardMotorcycleSnatch,0.2,Weak Match,0.147,1,3,ROUTINE RECORD: Interaction INT-0010 exhibits low signature alignment (20%). No immediate forensic action required.
SIG-326ED0C4,INT-0011,FUSED-INT-0011,StandardMotorcycleSnatch,0.2,Weak Match,0.148,1,3,ROUTINE RECORD: Interaction INT-0011 exhibits low signature alignment (20%). No immediate forensic action required.
SIG-9B156568,INT-0012,FUSED-INT-0012,StandardMotorcycleSnatch,0.2,Weak Match,0.148,1,3,ROUTINE RECORD: Interaction INT-0012 exhibits low signature alignment (20%). No immediate forensic action required.
SIG-0D95AFAB,INT-0013,FUSED-INT-0013,StandardMotorcycleSnatch,0.2,Weak Match,0.148,1,3,ROUTINE RECORD: Interaction INT-0013 exhibits low signature alignment (20%). No immediate forensic action required.
SIG-E42E6441,INT-0014,FUSED-INT-0014,StandardMotorcycleSnatch,0.2,Weak Match,0.146,1,3,ROUTINE RECORD: Interaction INT-0014 exhibits low signature alignment (20%). No immediate forensic action required.
SIG-447FAFBC,INT-0015,FUSED-INT-0015,StandardMotorcycleSnatch,0.2,Weak Match,0.146,1,3,ROUTINE RECORD: Interaction INT-0015 exhibits low signature alignment (20%). No immediate forensic action required.
SIG-39EED273,INT-0016,FUSED-INT-0016,StandardMotorcycleSnatch,0.2,Weak Match,0.146,1,3,ROUTINE RECORD: Interaction INT-0016 exhibits low signature alignment (20%). No immediate forensic action required.
SIG-EF15A22F,INT-0017,FUSED-INT-0017,StandardMotorcycleSnatch,0.2,Weak Match,0.146,1,3,ROUTINE RECORD: Interaction INT-0017 exhibits low signature alignment (20%). No immediate forensic action required.
SIG-AB98CB5F,INT-0018,FUSED-INT-0018,StandardMotorcycleSnatch,0.4,Weak Match,0.2831,2,2,ROUTINE RECORD: Interaction INT-0018 exhibits low signature alignment (40%). No immediate forensic action required.
SIG-EEC9CC66,INT-0001,FUSED-INT-0001,StandardMotorcycleSnatch,0.2,Weak Match,0.1681,1,3,ROUTINE RECORD: Interaction INT-0001 exhibits low signature alignment (20%). No immediate forensic action required.
SIG-F9485C0B,INT-0002,FUSED-INT-0002,StandardMotorcycleSnatch,0.8,High Confidence Match,0.6634,3,1,FLAGGED FOR HIGH-PRIORITY FORENSIC REVIEW: Interaction INT-0002 exhibits strong signature alignment (80%). Export forensic video clip for investigation.
SIG-959B2BC9,INT-0003,FUSED-INT-0003,StandardMotorcycleSnatch,0.4,Weak Match,0.3076,2,2,ROUTINE RECORD: Interaction INT-0003 exhibits low signature alignment (40%). No immediate forensic action required.
SIG-A30059F5,INT-0004,FUSED-INT-0004,StandardMotorcycleSnatch,0.4,Weak Match,0.305,2,2,ROUTINE RECORD: Interaction INT-0004 exhibits low signature alignment (40%). No immediate forensic action required.
SIG-F3C85E89,INT-0005,FUSED-INT-0005,StandardMotorcycleSnatch,0.2,Weak Match,0.1391,1,3,ROUTINE RECORD: Interaction INT-0005 exhibits low signature alignment (20%). No immediate forensic action required.
SIG-16073E8F,INT-0006,FUSED-INT-0006,StandardMotorcycleSnatch,0.2,Weak Match,0.1461,1,3,ROUTINE RECORD: Interaction INT-0006 exhibits low signature alignment (20%). No immediate forensic action required.
SIG-D5D4DFA4,INT-0007,FUSED-INT-0007,StandardMotorcycleSnatch,0.2,Weak Match,0.1692,1,3,ROUTINE RECORD: Interaction INT-0007 exhibits low signature alignment (20%). No immediate forensic action required.
SIG-F51AD608,INT-0008,FUSED-INT-0008,StandardMotorcycleSnatch,0.2,Weak Match,0.1809,1,3,ROUTINE RECORD: Interaction INT-0008 exhibits low signature alignment (20%). No immediate forensic action required.
SIG-06C54730,INT-0009,FUSED-INT-0009,StandardMotorcycleSnatch,0.2,Weak Match,0.1457,1,3,ROUTINE RECORD: Interaction INT-0009 exhibits low signature alignment (20%). No immediate forensic action required.
SIG-B59ABA8A,INT-0010,FUSED-INT-0010,StandardMotorcycleSnatch,0.2,Weak Match,0.147,1,3,ROUTINE RECORD: Interaction INT-0010 exhibits low signature alignment (20%). No immediate forensic action required.
SIG-277C6478,INT-0011,FUSED-INT-0011,StandardMotorcycleSnatch,0.2,Weak Match,0.148,1,3,ROUTINE RECORD: Interaction INT-0011 exhibits low signature alignment (20%). No immediate forensic action required.
SIG-F49D153A,INT-0012,FUSED-INT-0012,StandardMotorcycleSnatch,0.2,Weak Match,0.148,1,3,ROUTINE RECORD: Interaction INT-0012 exhibits low signature alignment (20%). No immediate forensic action required.
SIG-9E013D28,INT-0013,FUSED-INT-0013,StandardMotorcycleSnatch,0.2,Weak Match,0.148,1,3,ROUTINE RECORD: Interaction INT-0013 exhibits low signature alignment (20%). No immediate forensic action required.
SIG-AC0F19C6,INT-0014,FUSED-INT-0014,StandardMotorcycleSnatch,0.2,Weak Match,0.146,1,3,ROUTINE RECORD: Interaction INT-0014 exhibits low signature alignment (20%). No immediate forensic action required.
SIG-F1FC5ED3,INT-0015,FUSED-INT-0015,StandardMotorcycleSnatch,0.2,Weak Match,0.146,1,3,ROUTINE RECORD: Interaction INT-0015 exhibits low signature alignment (20%). No immediate forensic action required.
SIG-FFC47F44,INT-0016,FUSED-INT-0016,StandardMotorcycleSnatch,0.2,Weak Match,0.146,1,3,ROUTINE RECORD: Interaction INT-0016 exhibits low signature alignment (20%). No immediate forensic action required.
SIG-3CDD2037,INT-0017,FUSED-INT-0017,StandardMotorcycleSnatch,0.2,Weak Match,0.146,1,3,ROUTINE RECORD: Interaction INT-0017 exhibits low signature alignment (20%). No immediate forensic action required.
SIG-D6F4199A,INT-0018,FUSED-INT-0018,StandardMotorcycleSnatch,0.4,Weak Match,0.2831,2,2,ROUTINE RECORD: Interaction INT-0018 exhibits low signature alignment (40%). No immediate forensic action required.
SIG-1654E7F8,INT-0001,FUSED-INT-0001,StandardMotorcycleSnatch,0.2,Weak Match,0.1681,1,3,ROUTINE RECORD: Interaction INT-0001 exhibits low signature alignment (20%). No immediate forensic action required.
SIG-6C4A2D71,INT-0002,FUSED-INT-0002,StandardMotorcycleSnatch,0.8,High Confidence Match,0.6634,3,1,FLAGGED FOR HIGH-PRIORITY FORENSIC REVIEW: Interaction INT-0002 exhibits strong signature alignment (80%). Export forensic video clip for investigation.
SIG-BF57E309,INT-0003,FUSED-INT-0003,StandardMotorcycleSnatch,0.4,Weak Match,0.3076,2,2,ROUTINE RECORD: Interaction INT-0003 exhibits low signature alignment (40%). No immediate forensic action required.
SIG-6B1CBA4D,INT-0004,FUSED-INT-0004,StandardMotorcycleSnatch,0.4,Weak Match,0.305,2,2,ROUTINE RECORD: Interaction INT-0004 exhibits low signature alignment (40%). No immediate forensic action required.
SIG-31A7BF36,INT-0005,FUSED-INT-0005,StandardMotorcycleSnatch,0.2,Weak Match,0.1391,1,3,ROUTINE RECORD: Interaction INT-0005 exhibits low signature alignment (20%). No immediate forensic action required.
SIG-CA44E9B2,INT-0006,FUSED-INT-0006,StandardMotorcycleSnatch,0.2,Weak Match,0.1461,1,3,ROUTINE RECORD: Interaction INT-0006 exhibits low signature alignment (20%). No immediate forensic action required.
SIG-F1F09A4A,INT-0007,FUSED-INT-0007,StandardMotorcycleSnatch,0.2,Weak Match,0.1692,1,3,ROUTINE RECORD: Interaction INT-0007 exhibits low signature alignment (20%). No immediate forensic action required.
SIG-6BB47F0F,INT-0008,FUSED-INT-0008,StandardMotorcycleSnatch,0.2,Weak Match,0.1809,1,3,ROUTINE RECORD: Interaction INT-0008 exhibits low signature alignment (20%). No immediate forensic action required.
SIG-6EF08448,INT-0009,FUSED-INT-0009,StandardMotorcycleSnatch,0.2,Weak Match,0.1457,1,3,ROUTINE RECORD: Interaction INT-0009 exhibits low signature alignment (20%). No immediate forensic action required.
SIG-A376C0FA,INT-0010,FUSED-INT-0010,StandardMotorcycleSnatch,0.2,Weak Match,0.147,1,3,ROUTINE RECORD: Interaction INT-0010 exhibits low signature alignment (20%). No immediate forensic action required.
SIG-36061549,INT-0011,FUSED-INT-0011,StandardMotorcycleSnatch,0.2,Weak Match,0.148,1,3,ROUTINE RECORD: Interaction INT-0011 exhibits low signature alignment (20%). No immediate forensic action required.
SIG-1C846DDC,INT-0012,FUSED-INT-0012,StandardMotorcycleSnatch,0.2,Weak Match,0.148,1,3,ROUTINE RECORD: Interaction INT-0012 exhibits low signature alignment (20%). No immediate forensic action required.
SIG-7D76B5BA,INT-0013,FUSED-INT-0013,StandardMotorcycleSnatch,0.2,Weak Match,0.148,1,3,ROUTINE RECORD: Interaction INT-0013 exhibits low signature alignment (20%). No immediate forensic action required.
SIG-597AF35F,INT-0014,FUSED-INT-0014,StandardMotorcycleSnatch,0.2,Weak Match,0.146,1,3,ROUTINE RECORD: Interaction INT-0014 exhibits low signature alignment (20%). No immediate forensic action required.
SIG-05E33FA5,INT-0015,FUSED-INT-0015,StandardMotorcycleSnatch,0.2,Weak Match,0.146,1,3,ROUTINE RECORD: Interaction INT-0015 exhibits low signature alignment (20%). No immediate forensic action required.
SIG-98E1B389,INT-0016,FUSED-INT-0016,StandardMotorcycleSnatch,0.2,Weak Match,0.146,1,3,ROUTINE RECORD: Interaction INT-0016 exhibits low signature alignment (20%). No immediate forensic action required.
SIG-1BC72790,INT-0017,FUSED-INT-0017,StandardMotorcycleSnatch,0.2,Weak Match,0.146,1,3,ROUTINE RECORD: Interaction INT-0017 exhibits low signature alignment (20%). No immediate forensic action required.
SIG-7BFE5553,INT-0018,FUSED-INT-0018,StandardMotorcycleSnatch,0.4,Weak Match,0.2831,2,2,ROUTINE RECORD: Interaction INT-0018 exhibits low signature alignment (40%). No immediate forensic action required.
SIG-2FCD1EE0,INT-0001,FUSED-INT-0001,StandardMotorcycleSnatch,0.2,Weak Match,0.1681,1,3,ROUTINE RECORD: Interaction INT-0001 exhibits low signature alignment (20%). No immediate forensic action required.
SIG-7117BC08,INT-0002,FUSED-INT-0002,StandardMotorcycleSnatch,0.8,High Confidence Match,0.6634,3,1,FLAGGED FOR HIGH-PRIORITY FORENSIC REVIEW: Interaction INT-0002 exhibits strong signature alignment (80%). Export forensic video clip for investigation.
SIG-59050ACF,INT-0003,FUSED-INT-0003,StandardMotorcycleSnatch,0.2,Weak Match,0.1538,1,3,ROUTINE RECORD: Interaction INT-0003 exhibits low signature alignment (20%). No immediate forensic action required.
SIG-E7922053,INT-0004,FUSED-INT-0004,StandardMotorcycleSnatch,0.2,Weak Match,0.1525,1,3,ROUTINE RECORD: Interaction INT-0004 exhibits low signature alignment (20%). No immediate forensic action required.
SIG-709EA827,INT-0005,FUSED-INT-0005,StandardMotorcycleSnatch,0.2,Weak Match,0.1391,1,3,ROUTINE RECORD: Interaction INT-0005 exhibits low signature alignment (20%). No immediate forensic action required.
SIG-16376011,INT-0006,FUSED-INT-0006,StandardMotorcycleSnatch,0.2,Weak Match,0.1461,1,3,ROUTINE RECORD: Interaction INT-0006 exhibits low signature alignment (20%). No immediate forensic action required.
SIG-14813C6B,INT-0007,FUSED-INT-0007,StandardMotorcycleSnatch,0.2,Weak Match,0.1692,1,3,ROUTINE RECORD: Interaction INT-0007 exhibits low signature alignment (20%). No immediate forensic action required.
SIG-B6EBE119,INT-0008,FUSED-INT-0008,StandardMotorcycleSnatch,0.2,Weak Match,0.1809,1,3,ROUTINE RECORD: Interaction INT-0008 exhibits low signature alignment (20%). No immediate forensic action required.
SIG-799F8660,INT-0009,FUSED-INT-0009,StandardMotorcycleSnatch,0.2,Weak Match,0.1457,1,3,ROUTINE RECORD: Interaction INT-0009 exhibits low signature alignment (20%). No immediate forensic action required.
SIG-7442A998,INT-0010,FUSED-INT-0010,StandardMotorcycleSnatch,0.2,Weak Match,0.147,1,3,ROUTINE RECORD: Interaction INT-0010 exhibits low signature alignment (20%). No immediate forensic action required.
SIG-3CF631C7,INT-0011,FUSED-INT-0011,StandardMotorcycleSnatch,0.2,Weak Match,0.148,1,3,ROUTINE RECORD: Interaction INT-0011 exhibits low signature alignment (20%). No immediate forensic action required.
SIG-EAF8E220,INT-0012,FUSED-INT-0012,StandardMotorcycleSnatch,0.2,Weak Match,0.148,1,3,ROUTINE RECORD: Interaction INT-0012 exhibits low signature alignment (20%). No immediate forensic action required.
SIG-45E4B9BA,INT-0013,FUSED-INT-0013,StandardMotorcycleSnatch,0.2,Weak Match,0.148,1,3,ROUTINE RECORD: Interaction INT-0013 exhibits low signature alignment (20%). No immediate forensic action required.
SIG-8A9872F5,INT-0014,FUSED-INT-0014,StandardMotorcycleSnatch,0.2,Weak Match,0.146,1,3,ROUTINE RECORD: Interaction INT-0014 exhibits low signature alignment (20%). No immediate forensic action required.
SIG-A82E5905,INT-0015,FUSED-INT-0015,StandardMotorcycleSnatch,0.2,Weak Match,0.146,1,3,ROUTINE RECORD: Interaction INT-0015 exhibits low signature alignment (20%). No immediate forensic action required.
SIG-70EFC42F,INT-0016,FUSED-INT-0016,StandardMotorcycleSnatch,0.2,Weak Match,0.146,1,3,ROUTINE RECORD: Interaction INT-0016 exhibits low signature alignment (20%). No immediate forensic action required.
SIG-4D18FCB4,INT-0017,FUSED-INT-0017,StandardMotorcycleSnatch,0.2,Weak Match,0.146,1,3,ROUTINE RECORD: Interaction INT-0017 exhibits low signature alignment (20%). No immediate forensic action required.
SIG-4573F361,INT-0018,FUSED-INT-0018,StandardMotorcycleSnatch,0.4,Weak Match,0.2831,2,2,ROUTINE RECORD: Interaction INT-0018 exhibits low signature alignment (40%). No immediate forensic action required.
SIG-8BA06AFB,INT-0001,FUSED-INT-0001,StandardMotorcycleSnatch,0.2,Weak Match,0.1681,1,3,ROUTINE RECORD: Interaction INT-0001 exhibits low signature alignment (20%). No immediate forensic action required.
SIG-8F1F7AE5,INT-0002,FUSED-INT-0002,StandardMotorcycleSnatch,0.8,High Confidence Match,0.6634,3,1,FLAGGED FOR HIGH-PRIORITY FORENSIC REVIEW: Interaction INT-0002 exhibits strong signature alignment (80%). Export forensic video clip for investigation.
SIG-DE4D513B,INT-0003,FUSED-INT-0003,StandardMotorcycleSnatch,0.4,Weak Match,0.3076,2,2,ROUTINE RECORD: Interaction INT-0003 exhibits low signature alignment (40%). No immediate forensic action required.
SIG-6C3ABDCA,INT-0004,FUSED-INT-0004,StandardMotorcycleSnatch,0.4,Weak Match,0.3049,2,2,ROUTINE RECORD: Interaction INT-0004 exhibits low signature alignment (40%). No immediate forensic action required.
SIG-08D7C90C,INT-0005,FUSED-INT-0005,StandardMotorcycleSnatch,0.2,Weak Match,0.1391,1,3,ROUTINE RECORD: Interaction INT-0005 exhibits low signature alignment (20%). No immediate forensic action required.
SIG-77541B82,INT-0006,FUSED-INT-0006,StandardMotorcycleSnatch,0.2,Weak Match,0.1461,1,3,ROUTINE RECORD: Interaction INT-0006 exhibits low signature alignment (20%). No immediate forensic action required.
SIG-7063948F,INT-0007,FUSED-INT-0007,StandardMotorcycleSnatch,0.2,Weak Match,0.1692,1,3,ROUTINE RECORD: Interaction INT-0007 exhibits low signature alignment (20%). No immediate forensic action required.
SIG-239C456B,INT-0008,FUSED-INT-0008,StandardMotorcycleSnatch,0.2,Weak Match,0.1809,1,3,ROUTINE RECORD: Interaction INT-0008 exhibits low signature alignment (20%). No immediate forensic action required.
SIG-E6878D26,INT-0009,FUSED-INT-0009,StandardMotorcycleSnatch,0.2,Weak Match,0.1457,1,3,ROUTINE RECORD: Interaction INT-0009 exhibits low signature alignment (20%). No immediate forensic action required.
SIG-8A94DE65,INT-0010,FUSED-INT-0010,StandardMotorcycleSnatch,0.2,Weak Match,0.147,1,3,ROUTINE RECORD: Interaction INT-0010 exhibits low signature alignment (20%). No immediate forensic action required.
SIG-8ACAF864,INT-0011,FUSED-INT-0011,StandardMotorcycleSnatch,0.2,Weak Match,0.148,1,3,ROUTINE RECORD: Interaction INT-0011 exhibits low signature alignment (20%). No immediate forensic action required.
SIG-77B356D5,INT-0012,FUSED-INT-0012,StandardMotorcycleSnatch,0.2,Weak Match,0.148,1,3,ROUTINE RECORD: Interaction INT-0012 exhibits low signature alignment (20%). No immediate forensic action required.
SIG-E9C6F32D,INT-0013,FUSED-INT-0013,StandardMotorcycleSnatch,0.2,Weak Match,0.148,1,3,ROUTINE RECORD: Interaction INT-0013 exhibits low signature alignment (20%). No immediate forensic action required.
SIG-4779F039,INT-0014,FUSED-INT-0014,StandardMotorcycleSnatch,0.2,Weak Match,0.146,1,3,ROUTINE RECORD: Interaction INT-0014 exhibits low signature alignment (20%). No immediate forensic action required.
SIG-445D1E01,INT-0015,FUSED-INT-0015,StandardMotorcycleSnatch,0.2,Weak Match,0.146,1,3,ROUTINE RECORD: Interaction INT-0015 exhibits low signature alignment (20%). No immediate forensic action required.
SIG-2AFD0EE6,INT-0016,FUSED-INT-0016,StandardMotorcycleSnatch,0.2,Weak Match,0.146,1,3,ROUTINE RECORD: Interaction INT-0016 exhibits low signature alignment (20%). No immediate forensic action required.
SIG-63EC567C,INT-0017,FUSED-INT-0017,StandardMotorcycleSnatch,0.2,Weak Match,0.146,1,3,ROUTINE RECORD: Interaction INT-0017 exhibits low signature alignment (20%). No immediate forensic action required.
SIG-CCCCEF46,INT-0018,FUSED-INT-0018,StandardMotorcycleSnatch,0.4,Weak Match,0.2831,2,2,ROUTINE RECORD: Interaction INT-0018 exhibits low signature alignment (40%). No immediate forensic action required.
SIG-2D650028,INT-0001,FUSED-INT-0001,StandardMotorcycleSnatch,0.2,Weak Match,0.1681,1,3,ROUTINE RECORD: Interaction INT-0001 exhibits low signature alignment (20%). No immediate forensic action required.
SIG-7F18DAC4,INT-0002,FUSED-INT-0002,StandardMotorcycleSnatch,0.8,High Confidence Match,0.6634,3,1,FLAGGED FOR HIGH-PRIORITY FORENSIC REVIEW: Interaction INT-0002 exhibits strong signature alignment (80%). Export forensic video clip for investigation.
SIG-C2A485BC,INT-0003,FUSED-INT-0003,StandardMotorcycleSnatch,0.4,Weak Match,0.3076,2,2,ROUTINE RECORD: Interaction INT-0003 exhibits low signature alignment (40%). No immediate forensic action required.
SIG-9F151E17,INT-0004,FUSED-INT-0004,StandardMotorcycleSnatch,0.4,Weak Match,0.3048,2,2,ROUTINE RECORD: Interaction INT-0004 exhibits low signature alignment (40%). No immediate forensic action required.
SIG-FE5BC13A,INT-0005,FUSED-INT-0005,StandardMotorcycleSnatch,0.2,Weak Match,0.1391,1,3,ROUTINE RECORD: Interaction INT-0005 exhibits low signature alignment (20%). No immediate forensic action required.
SIG-28410DC5,INT-0006,FUSED-INT-0006,StandardMotorcycleSnatch,0.2,Weak Match,0.1461,1,3,ROUTINE RECORD: Interaction INT-0006 exhibits low signature alignment (20%). No immediate forensic action required.
SIG-781031A8,INT-0007,FUSED-INT-0007,StandardMotorcycleSnatch,0.2,Weak Match,0.1692,1,3,ROUTINE RECORD: Interaction INT-0007 exhibits low signature alignment (20%). No immediate forensic action required.
SIG-6F82DA86,INT-0008,FUSED-INT-0008,StandardMotorcycleSnatch,0.2,Weak Match,0.1809,1,3,ROUTINE RECORD: Interaction INT-0008 exhibits low signature alignment (20%). No immediate forensic action required.
SIG-C5AF0A90,INT-0009,FUSED-INT-0009,StandardMotorcycleSnatch,0.2,Weak Match,0.1457,1,3,ROUTINE RECORD: Interaction INT-0009 exhibits low signature alignment (20%). No immediate forensic action required.
SIG-48787828,INT-0010,FUSED-INT-0010,StandardMotorcycleSnatch,0.2,Weak Match,0.147,1,3,ROUTINE RECORD: Interaction INT-0010 exhibits low signature alignment (20%). No immediate forensic action required.
SIG-D8B2C963,INT-0011,FUSED-INT-0011,StandardMotorcycleSnatch,0.2,Weak Match,0.148,1,3,ROUTINE RECORD: Interaction INT-0011 exhibits low signature alignment (20%). No immediate forensic action required.
SIG-13B8319A,INT-0012,FUSED-INT-0012,StandardMotorcycleSnatch,0.2,Weak Match,0.148,1,3,ROUTINE RECORD: Interaction INT-0012 exhibits low signature alignment (20%). No immediate forensic action required.
SIG-EA6B9C8E,INT-0013,FUSED-INT-0013,StandardMotorcycleSnatch,0.2,Weak Match,0.148,1,3,ROUTINE RECORD: Interaction INT-0013 exhibits low signature alignment (20%). No immediate forensic action required.
SIG-7886BD6C,INT-0014,FUSED-INT-0014,StandardMotorcycleSnatch,0.2,Weak Match,0.146,1,3,ROUTINE RECORD: Interaction INT-0014 exhibits low signature alignment (20%). No immediate forensic action required.
SIG-6D54AE77,INT-0015,FUSED-INT-0015,StandardMotorcycleSnatch,0.2,Weak Match,0.146,1,3,ROUTINE RECORD: Interaction INT-0015 exhibits low signature alignment (20%). No immediate forensic action required.
SIG-266A4F9C,INT-0016,FUSED-INT-0016,StandardMotorcycleSnatch,0.2,Weak Match,0.146,1,3,ROUTINE RECORD: Interaction INT-0016 exhibits low signature alignment (20%). No immediate forensic action required.
SIG-849832D3,INT-0017,FUSED-INT-0017,StandardMotorcycleSnatch,0.2,Weak Match,0.146,1,3,ROUTINE RECORD: Interaction INT-0017 exhibits low signature alignment (20%). No immediate forensic action required.
SIG-C279FB12,INT-0018,FUSED-INT-0018,StandardMotorcycleSnatch,0.4,Weak Match,0.2831,2,2,ROUTINE RECORD: Interaction INT-0018 exhibits low signature alignment (40%). No immediate forensic action required.
SIG-8B2A5FD7,INT-0001,FUSED-INT-0001,StandardMotorcycleSnatch,0.2,Weak Match,0.1681,1,3,ROUTINE RECORD: Interaction INT-0001 exhibits low signature alignment (20%). No immediate forensic action required.
SIG-DECC33E0,INT-0002,FUSED-INT-0002,StandardMotorcycleSnatch,0.8,High Confidence Match,0.6634,3,1,FLAGGED FOR HIGH-PRIORITY FORENSIC REVIEW: Interaction INT-0002 exhibits strong signature alignment (80%). Export forensic video clip for investigation.
SIG-223AD6F3,INT-0003,FUSED-INT-0003,StandardMotorcycleSnatch,0.4,Weak Match,0.3076,2,2,ROUTINE RECORD: Interaction INT-0003 exhibits low signature alignment (40%). No immediate forensic action required.
SIG-36C19AD6,INT-0004,FUSED-INT-0004,StandardMotorcycleSnatch,0.4,Weak Match,0.3048,2,2,ROUTINE RECORD: Interaction INT-0004 exhibits low signature alignment (40%). No immediate forensic action required.
SIG-72C90094,INT-0005,FUSED-INT-0005,StandardMotorcycleSnatch,0.2,Weak Match,0.1391,1,3,ROUTINE RECORD: Interaction INT-0005 exhibits low signature alignment (20%). No immediate forensic action required.
SIG-86B7BB9C,INT-0006,FUSED-INT-0006,StandardMotorcycleSnatch,0.2,Weak Match,0.1461,1,3,ROUTINE RECORD: Interaction INT-0006 exhibits low signature alignment (20%). No immediate forensic action required.
SIG-864EF748,INT-0007,FUSED-INT-0007,StandardMotorcycleSnatch,0.2,Weak Match,0.1692,1,3,ROUTINE RECORD: Interaction INT-0007 exhibits low signature alignment (20%). No immediate forensic action required.
SIG-23B53C94,INT-0008,FUSED-INT-0008,StandardMotorcycleSnatch,0.2,Weak Match,0.1809,1,3,ROUTINE RECORD: Interaction INT-0008 exhibits low signature alignment (20%). No immediate forensic action required.
SIG-28BD0767,INT-0009,FUSED-INT-0009,StandardMotorcycleSnatch,0.2,Weak Match,0.1457,1,3,ROUTINE RECORD: Interaction INT-0009 exhibits low signature alignment (20%). No immediate forensic action required.
SIG-E96AC8E4,INT-0010,FUSED-INT-0010,StandardMotorcycleSnatch,0.2,Weak Match,0.147,1,3,ROUTINE RECORD: Interaction INT-0010 exhibits low signature alignment (20%). No immediate forensic action required.
SIG-8BDD2639,INT-0011,FUSED-INT-0011,StandardMotorcycleSnatch,0.2,Weak Match,0.148,1,3,ROUTINE RECORD: Interaction INT-0011 exhibits low signature alignment (20%). No immediate forensic action required.
SIG-A248F2EF,INT-0012,FUSED-INT-0012,StandardMotorcycleSnatch,0.2,Weak Match,0.148,1,3,ROUTINE RECORD: Interaction INT-0012 exhibits low signature alignment (20%). No immediate forensic action required.
SIG-945E71BD,INT-0013,FUSED-INT-0013,StandardMotorcycleSnatch,0.2,Weak Match,0.148,1,3,ROUTINE RECORD: Interaction INT-0013 exhibits low signature alignment (20%). No immediate forensic action required.
SIG-11C613BB,INT-0014,FUSED-INT-0014,StandardMotorcycleSnatch,0.2,Weak Match,0.146,1,3,ROUTINE RECORD: Interaction INT-0014 exhibits low signature alignment (20%). No immediate forensic action required.
SIG-7B3C9B3E,INT-0015,FUSED-INT-0015,StandardMotorcycleSnatch,0.2,Weak Match,0.146,1,3,ROUTINE RECORD: Interaction INT-0015 exhibits low signature alignment (20%). No immediate forensic action required.
SIG-ED32502A,INT-0016,FUSED-INT-0016,StandardMotorcycleSnatch,0.2,Weak Match,0.146,1,3,ROUTINE RECORD: Interaction INT-0016 exhibits low signature alignment (20%). No immediate forensic action required.
SIG-BE579FFD,INT-0017,FUSED-INT-0017,StandardMotorcycleSnatch,0.2,Weak Match,0.146,1,3,ROUTINE RECORD: Interaction INT-0017 exhibits low signature alignment (20%). No immediate forensic action required.
SIG-DE9074ED,INT-0018,FUSED-INT-0018,StandardMotorcycleSnatch,0.4,Weak Match,0.2831,2,2,ROUTINE RECORD: Interaction INT-0018 exhibits low signature alignment (40%). No immediate forensic action required.
SIG-D4B0FFBD,INT-0001,FUSED-INT-0001,StandardMotorcycleSnatch,0.2,Weak Match,0.1681,1,3,ROUTINE RECORD: Interaction INT-0001 exhibits low signature alignment (20%). No immediate forensic action required.
SIG-93D62B25,INT-0002,FUSED-INT-0002,StandardMotorcycleSnatch,0.8,High Confidence Match,0.6634,3,1,FLAGGED FOR HIGH-PRIORITY FORENSIC REVIEW: Interaction INT-0002 exhibits strong signature alignment (80%). Export forensic video clip for investigation.
SIG-D597DC83,INT-0003,FUSED-INT-0003,StandardMotorcycleSnatch,0.4,Weak Match,0.3076,2,2,ROUTINE RECORD: Interaction INT-0003 exhibits low signature alignment (40%). No immediate forensic action required.
SIG-BCF4638A,INT-0004,FUSED-INT-0004,StandardMotorcycleSnatch,0.4,Weak Match,0.3047,2,2,ROUTINE RECORD: Interaction INT-0004 exhibits low signature alignment (40%). No immediate forensic action required.
SIG-448378CB,INT-0005,FUSED-INT-0005,StandardMotorcycleSnatch,0.2,Weak Match,0.1391,1,3,ROUTINE RECORD: Interaction INT-0005 exhibits low signature alignment (20%). No immediate forensic action required.
SIG-9AEAE0FC,INT-0006,FUSED-INT-0006,StandardMotorcycleSnatch,0.2,Weak Match,0.1461,1,3,ROUTINE RECORD: Interaction INT-0006 exhibits low signature alignment (20%). No immediate forensic action required.
SIG-1E76B02B,INT-0007,FUSED-INT-0007,StandardMotorcycleSnatch,0.2,Weak Match,0.1692,1,3,ROUTINE RECORD: Interaction INT-0007 exhibits low signature alignment (20%). No immediate forensic action required.
SIG-003F6AD3,INT-0008,FUSED-INT-0008,StandardMotorcycleSnatch,0.2,Weak Match,0.1809,1,3,ROUTINE RECORD: Interaction INT-0008 exhibits low signature alignment (20%). No immediate forensic action required.
SIG-B716114C,INT-0009,FUSED-INT-0009,StandardMotorcycleSnatch,0.2,Weak Match,0.1457,1,3,ROUTINE RECORD: Interaction INT-0009 exhibits low signature alignment (20%). No immediate forensic action required.
SIG-04B411D9,INT-0010,FUSED-INT-0010,StandardMotorcycleSnatch,0.2,Weak Match,0.147,1,3,ROUTINE RECORD: Interaction INT-0010 exhibits low signature alignment (20%). No immediate forensic action required.
SIG-79CBEA67,INT-0011,FUSED-INT-0011,StandardMotorcycleSnatch,0.2,Weak Match,0.148,1,3,ROUTINE RECORD: Interaction INT-0011 exhibits low signature alignment (20%). No immediate forensic action required.
SIG-07BB53A3,INT-0012,FUSED-INT-0012,StandardMotorcycleSnatch,0.2,Weak Match,0.148,1,3,ROUTINE RECORD: Interaction INT-0012 exhibits low signature alignment (20%). No immediate forensic action required.
SIG-65E3D075,INT-0013,FUSED-INT-0013,StandardMotorcycleSnatch,0.2,Weak Match,0.148,1,3,ROUTINE RECORD: Interaction INT-0013 exhibits low signature alignment (20%). No immediate forensic action required.
SIG-C6FA8AFB,INT-0014,FUSED-INT-0014,StandardMotorcycleSnatch,0.2,Weak Match,0.146,1,3,ROUTINE RECORD: Interaction INT-0014 exhibits low signature alignment (20%). No immediate forensic action required.
SIG-EC358DC6,INT-0015,FUSED-INT-0015,StandardMotorcycleSnatch,0.2,Weak Match,0.146,1,3,ROUTINE RECORD: Interaction INT-0015 exhibits low signature alignment (20%). No immediate forensic action required.
SIG-57ED85D1,INT-0016,FUSED-INT-0016,StandardMotorcycleSnatch,0.2,Weak Match,0.146,1,3,ROUTINE RECORD: Interaction INT-0016 exhibits low signature alignment (20%). No immediate forensic action required.
SIG-3B376F5B,INT-0017,FUSED-INT-0017,StandardMotorcycleSnatch,0.2,Weak Match,0.146,1,3,ROUTINE RECORD: Interaction INT-0017 exhibits low signature alignment (20%). No immediate forensic action required.
SIG-4E35D53D,INT-0018,FUSED-INT-0018,StandardMotorcycleSnatch,0.4,Weak Match,0.2831,2,2,ROUTINE RECORD: Interaction INT-0018 exhibits low signature alignment (40%). No immediate forensic action required.
SIG-5CC006BB,INT-0001,FUSED-INT-0001,StandardMotorcycleSnatch,0.2,Weak Match,0.1681,1,3,ROUTINE RECORD: Interaction INT-0001 exhibits low signature alignment (20%). No immediate forensic action required.
SIG-CAACE7B5,INT-0002,FUSED-INT-0002,StandardMotorcycleSnatch,0.8,High Confidence Match,0.6634,3,1,FLAGGED FOR HIGH-PRIORITY FORENSIC REVIEW: Interaction INT-0002 exhibits strong signature alignment (80%). Export forensic video clip for investigation.
SIG-2EA8FF69,INT-0003,FUSED-INT-0003,StandardMotorcycleSnatch,0.4,Weak Match,0.3076,2,2,ROUTINE RECORD: Interaction INT-0003 exhibits low signature alignment (40%). No immediate forensic action required.
SIG-D4D01284,INT-0004,FUSED-INT-0004,StandardMotorcycleSnatch,0.4,Weak Match,0.3046,2,2,ROUTINE RECORD: Interaction INT-0004 exhibits low signature alignment (40%). No immediate forensic action required.
SIG-3682F860,INT-0005,FUSED-INT-0005,StandardMotorcycleSnatch,0.2,Weak Match,0.1391,1,3,ROUTINE RECORD: Interaction INT-0005 exhibits low signature alignment (20%). No immediate forensic action required.
SIG-6867B6C7,INT-0006,FUSED-INT-0006,StandardMotorcycleSnatch,0.2,Weak Match,0.1461,1,3,ROUTINE RECORD: Interaction INT-0006 exhibits low signature alignment (20%). No immediate forensic action required.
SIG-176ED5BB,INT-0007,FUSED-INT-0007,StandardMotorcycleSnatch,0.2,Weak Match,0.1692,1,3,ROUTINE RECORD: Interaction INT-0007 exhibits low signature alignment (20%). No immediate forensic action required.
SIG-1F3EAB57,INT-0008,FUSED-INT-0008,StandardMotorcycleSnatch,0.2,Weak Match,0.1809,1,3,ROUTINE RECORD: Interaction INT-0008 exhibits low signature alignment (20%). No immediate forensic action required.
SIG-90C3BED9,INT-0009,FUSED-INT-0009,StandardMotorcycleSnatch,0.2,Weak Match,0.1457,1,3,ROUTINE RECORD: Interaction INT-0009 exhibits low signature alignment (20%). No immediate forensic action required.
SIG-6EBE3C7B,INT-0010,FUSED-INT-0010,StandardMotorcycleSnatch,0.2,Weak Match,0.147,1,3,ROUTINE RECORD: Interaction INT-0010 exhibits low signature alignment (20%). No immediate forensic action required.
SIG-62A9E688,INT-0011,FUSED-INT-0011,StandardMotorcycleSnatch,0.2,Weak Match,0.148,1,3,ROUTINE RECORD: Interaction INT-0011 exhibits low signature alignment (20%). No immediate forensic action required.
SIG-D629D663,INT-0012,FUSED-INT-0012,StandardMotorcycleSnatch,0.2,Weak Match,0.148,1,3,ROUTINE RECORD: Interaction INT-0012 exhibits low signature alignment (20%). No immediate forensic action required.
SIG-7F3977D6,INT-0013,FUSED-INT-0013,StandardMotorcycleSnatch,0.2,Weak Match,0.148,1,3,ROUTINE RECORD: Interaction INT-0013 exhibits low signature alignment (20%). No immediate forensic action required.
SIG-EE9D52F1,INT-0014,FUSED-INT-0014,StandardMotorcycleSnatch,0.2,Weak Match,0.146,1,3,ROUTINE RECORD: Interaction INT-0014 exhibits low signature alignment (20%). No immediate forensic action required.
SIG-B7B2A900,INT-0015,FUSED-INT-0015,StandardMotorcycleSnatch,0.2,Weak Match,0.146,1,3,ROUTINE RECORD: Interaction INT-0015 exhibits low signature alignment (20%). No immediate forensic action required.
SIG-E8E19480,INT-0016,FUSED-INT-0016,StandardMotorcycleSnatch,0.2,Weak Match,0.146,1,3,ROUTINE RECORD: Interaction INT-0016 exhibits low signature alignment (20%). No immediate forensic action required.
SIG-5BC4FCF6,INT-0017,FUSED-INT-0017,StandardMotorcycleSnatch,0.2,Weak Match,0.146,1,3,ROUTINE RECORD: Interaction INT-0017 exhibits low signature alignment (20%). No immediate forensic action required.
SIG-7812602B,INT-0018,FUSED-INT-0018,StandardMotorcycleSnatch,0.4,Weak Match,0.2831,2,2,ROUTINE RECORD: Interaction INT-0018 exhibits low signature alignment (40%). No immediate forensic action required.
SIG-70F89713,INT-0001,FUSED-INT-0001,StandardMotorcycleSnatch,0.2,Weak Match,0.1681,1,3,ROUTINE RECORD: Interaction INT-0001 exhibits low signature alignment (20%). No immediate forensic action required.
SIG-08AB02E6,INT-0002,FUSED-INT-0002,StandardMotorcycleSnatch,0.8,High Confidence Match,0.6634,3,1,FLAGGED FOR HIGH-PRIORITY FORENSIC REVIEW: Interaction INT-0002 exhibits strong signature alignment (80%). Export forensic video clip for investigation.
SIG-CA131B7F,INT-0003,FUSED-INT-0003,StandardMotorcycleSnatch,0.4,Weak Match,0.3076,2,2,ROUTINE RECORD: Interaction INT-0003 exhibits low signature alignment (40%). No immediate forensic action required.
SIG-EA96626F,INT-0004,FUSED-INT-0004,StandardMotorcycleSnatch,0.4,Weak Match,0.3046,2,2,ROUTINE RECORD: Interaction INT-0004 exhibits low signature alignment (40%). No immediate forensic action required.
SIG-2163333D,INT-0005,FUSED-INT-0005,StandardMotorcycleSnatch,0.2,Weak Match,0.1391,1,3,ROUTINE RECORD: Interaction INT-0005 exhibits low signature alignment (20%). No immediate forensic action required.
SIG-070567FD,INT-0006,FUSED-INT-0006,StandardMotorcycleSnatch,0.2,Weak Match,0.1461,1,3,ROUTINE RECORD: Interaction INT-0006 exhibits low signature alignment (20%). No immediate forensic action required.
SIG-27846795,INT-0007,FUSED-INT-0007,StandardMotorcycleSnatch,0.2,Weak Match,0.1692,1,3,ROUTINE RECORD: Interaction INT-0007 exhibits low signature alignment (20%). No immediate forensic action required.
SIG-ED1EFB70,INT-0008,FUSED-INT-0008,StandardMotorcycleSnatch,0.2,Weak Match,0.1809,1,3,ROUTINE RECORD: Interaction INT-0008 exhibits low signature alignment (20%). No immediate forensic action required.
SIG-CDB1EAD0,INT-0009,FUSED-INT-0009,StandardMotorcycleSnatch,0.2,Weak Match,0.1457,1,3,ROUTINE RECORD: Interaction INT-0009 exhibits low signature alignment (20%). No immediate forensic action required.
SIG-FB60AD64,INT-0010,FUSED-INT-0010,StandardMotorcycleSnatch,0.2,Weak Match,0.147,1,3,ROUTINE RECORD: Interaction INT-0010 exhibits low signature alignment (20%). No immediate forensic action required.
SIG-EA06BF2F,INT-0011,FUSED-INT-0011,StandardMotorcycleSnatch,0.2,Weak Match,0.148,1,3,ROUTINE RECORD: Interaction INT-0011 exhibits low signature alignment (20%). No immediate forensic action required.
SIG-003B91F5,INT-0012,FUSED-INT-0012,StandardMotorcycleSnatch,0.2,Weak Match,0.148,1,3,ROUTINE RECORD: Interaction INT-0012 exhibits low signature alignment (20%). No immediate forensic action required.
SIG-C60E367C,INT-0013,FUSED-INT-0013,StandardMotorcycleSnatch,0.2,Weak Match,0.148,1,3,ROUTINE RECORD: Interaction INT-0013 exhibits low signature alignment (20%). No immediate forensic action required.
SIG-426F8D54,INT-0014,FUSED-INT-0014,StandardMotorcycleSnatch,0.2,Weak Match,0.146,1,3,ROUTINE RECORD: Interaction INT-0014 exhibits low signature alignment (20%). No immediate forensic action required.
SIG-256DD150,INT-0015,FUSED-INT-0015,StandardMotorcycleSnatch,0.2,Weak Match,0.146,1,3,ROUTINE RECORD: Interaction INT-0015 exhibits low signature alignment (20%). No immediate forensic action required.
SIG-54E06290,INT-0016,FUSED-INT-0016,StandardMotorcycleSnatch,0.2,Weak Match,0.146,1,3,ROUTINE RECORD: Interaction INT-0016 exhibits low signature alignment (20%). No immediate forensic action required.
SIG-2A367A00,INT-0017,FUSED-INT-0017,StandardMotorcycleSnatch,0.2,Weak Match,0.146,1,3,ROUTINE RECORD: Interaction INT-0017 exhibits low signature alignment (20%). No immediate forensic action required.
SIG-E39DFF8E,INT-0018,FUSED-INT-0018,StandardMotorcycleSnatch,0.4,Weak Match,0.2831,2,2,ROUTINE RECORD: Interaction INT-0018 exhibits low signature alignment (40%). No immediate forensic action required.
SIG-ADF86A73,INT-0001,FUSED-INT-0001,StandardMotorcycleSnatch,0.2,Weak Match,0.1681,1,3,ROUTINE RECORD: Interaction INT-0001 exhibits low signature alignment (20%). No immediate forensic action required.
SIG-DDAE9CD4,INT-0002,FUSED-INT-0002,StandardMotorcycleSnatch,0.8,High Confidence Match,0.6634,3,1,FLAGGED FOR HIGH-PRIORITY FORENSIC REVIEW: Interaction INT-0002 exhibits strong signature alignment (80%). Export forensic video clip for investigation.
SIG-359A3925,INT-0003,FUSED-INT-0003,StandardMotorcycleSnatch,0.2,Weak Match,0.1538,1,3,ROUTINE RECORD: Interaction INT-0003 exhibits low signature alignment (20%). No immediate forensic action required.
SIG-2168B1C5,INT-0004,FUSED-INT-0004,StandardMotorcycleSnatch,0.2,Weak Match,0.1523,1,3,ROUTINE RECORD: Interaction INT-0004 exhibits low signature alignment (20%). No immediate forensic action required.
SIG-FFAFB299,INT-0005,FUSED-INT-0005,StandardMotorcycleSnatch,0.2,Weak Match,0.1391,1,3,ROUTINE RECORD: Interaction INT-0005 exhibits low signature alignment (20%). No immediate forensic action required.
SIG-B41E2029,INT-0006,FUSED-INT-0006,StandardMotorcycleSnatch,0.2,Weak Match,0.1461,1,3,ROUTINE RECORD: Interaction INT-0006 exhibits low signature alignment (20%). No immediate forensic action required.
SIG-AE10DF07,INT-0007,FUSED-INT-0007,StandardMotorcycleSnatch,0.2,Weak Match,0.1692,1,3,ROUTINE RECORD: Interaction INT-0007 exhibits low signature alignment (20%). No immediate forensic action required.
SIG-AC915BC3,INT-0008,FUSED-INT-0008,StandardMotorcycleSnatch,0.2,Weak Match,0.1809,1,3,ROUTINE RECORD: Interaction INT-0008 exhibits low signature alignment (20%). No immediate forensic action required.
SIG-1A599EC0,INT-0009,FUSED-INT-0009,StandardMotorcycleSnatch,0.2,Weak Match,0.1457,1,3,ROUTINE RECORD: Interaction INT-0009 exhibits low signature alignment (20%). No immediate forensic action required.
SIG-0E70E5AD,INT-0010,FUSED-INT-0010,StandardMotorcycleSnatch,0.2,Weak Match,0.147,1,3,ROUTINE RECORD: Interaction INT-0010 exhibits low signature alignment (20%). No immediate forensic action required.
SIG-972BD4CF,INT-0011,FUSED-INT-0011,StandardMotorcycleSnatch,0.2,Weak Match,0.148,1,3,ROUTINE RECORD: Interaction INT-0011 exhibits low signature alignment (20%). No immediate forensic action required.
SIG-13B06914,INT-0012,FUSED-INT-0012,StandardMotorcycleSnatch,0.2,Weak Match,0.148,1,3,ROUTINE RECORD: Interaction INT-0012 exhibits low signature alignment (20%). No immediate forensic action required.
SIG-07C235F8,INT-0013,FUSED-INT-0013,StandardMotorcycleSnatch,0.2,Weak Match,0.148,1,3,ROUTINE RECORD: Interaction INT-0013 exhibits low signature alignment (20%). No immediate forensic action required.
SIG-9109565F,INT-0014,FUSED-INT-0014,StandardMotorcycleSnatch,0.2,Weak Match,0.146,1,3,ROUTINE RECORD: Interaction INT-0014 exhibits low signature alignment (20%). No immediate forensic action required.
SIG-5E2884DC,INT-0015,FUSED-INT-0015,StandardMotorcycleSnatch,0.2,Weak Match,0.146,1,3,ROUTINE RECORD: Interaction INT-0015 exhibits low signature alignment (20%). No immediate forensic action required.
SIG-FF9BF07F,INT-0016,FUSED-INT-0016,StandardMotorcycleSnatch,0.2,Weak Match,0.146,1,3,ROUTINE RECORD: Interaction INT-0016 exhibits low signature alignment (20%). No immediate forensic action required.
SIG-6FB8DA33,INT-0017,FUSED-INT-0017,StandardMotorcycleSnatch,0.2,Weak Match,0.146,1,3,ROUTINE RECORD: Interaction INT-0017 exhibits low signature alignment (20%). No immediate forensic action required.
SIG-FFFB454B,INT-0018,FUSED-INT-0018,StandardMotorcycleSnatch,0.4,Weak Match,0.2831,2,2,ROUTINE RECORD: Interaction INT-0018 exhibits low signature alignment (40%). No immediate forensic action required.
SIG-10D0C6EF,INT-0001,FUSED-INT-0001,StandardMotorcycleSnatch,0.2,Weak Match,0.1681,1,3,ROUTINE RECORD: Interaction INT-0001 exhibits low signature alignment (20%). No immediate forensic action required.
SIG-286F7792,INT-0002,FUSED-INT-0002,StandardMotorcycleSnatch,0.8,High Confidence Match,0.6634,3,1,FLAGGED FOR HIGH-PRIORITY FORENSIC REVIEW: Interaction INT-0002 exhibits strong signature alignment (80%). Export forensic video clip for investigation.
SIG-CCDCB9A1,INT-0003,FUSED-INT-0003,StandardMotorcycleSnatch,0.4,Weak Match,0.3076,2,2,ROUTINE RECORD: Interaction INT-0003 exhibits low signature alignment (40%). No immediate forensic action required.
SIG-404BFFFD,INT-0004,FUSED-INT-0004,StandardMotorcycleSnatch,0.4,Weak Match,0.3045,2,2,ROUTINE RECORD: Interaction INT-0004 exhibits low signature alignment (40%). No immediate forensic action required.
SIG-B46F962D,INT-0005,FUSED-INT-0005,StandardMotorcycleSnatch,0.2,Weak Match,0.1391,1,3,ROUTINE RECORD: Interaction INT-0005 exhibits low signature alignment (20%). No immediate forensic action required.
SIG-A71FAEDC,INT-0006,FUSED-INT-0006,StandardMotorcycleSnatch,0.2,Weak Match,0.1461,1,3,ROUTINE RECORD: Interaction INT-0006 exhibits low signature alignment (20%). No immediate forensic action required.
SIG-69B629E4,INT-0007,FUSED-INT-0007,StandardMotorcycleSnatch,0.2,Weak Match,0.1692,1,3,ROUTINE RECORD: Interaction INT-0007 exhibits low signature alignment (20%). No immediate forensic action required.
SIG-7631D2A6,INT-0008,FUSED-INT-0008,StandardMotorcycleSnatch,0.2,Weak Match,0.1809,1,3,ROUTINE RECORD: Interaction INT-0008 exhibits low signature alignment (20%). No immediate forensic action required.
SIG-014DA4E2,INT-0009,FUSED-INT-0009,StandardMotorcycleSnatch,0.2,Weak Match,0.1457,1,3,ROUTINE RECORD: Interaction INT-0009 exhibits low signature alignment (20%). No immediate forensic action required.
SIG-053CE4F8,INT-0010,FUSED-INT-0010,StandardMotorcycleSnatch,0.2,Weak Match,0.147,1,3,ROUTINE RECORD: Interaction INT-0010 exhibits low signature alignment (20%). No immediate forensic action required.
SIG-277DC204,INT-0011,FUSED-INT-0011,StandardMotorcycleSnatch,0.2,Weak Match,0.148,1,3,ROUTINE RECORD: Interaction INT-0011 exhibits low signature alignment (20%). No immediate forensic action required.
SIG-5307A751,INT-0012,FUSED-INT-0012,StandardMotorcycleSnatch,0.2,Weak Match,0.148,1,3,ROUTINE RECORD: Interaction INT-0012 exhibits low signature alignment (20%). No immediate forensic action required.
SIG-3B75E9C0,INT-0013,FUSED-INT-0013,StandardMotorcycleSnatch,0.2,Weak Match,0.148,1,3,ROUTINE RECORD: Interaction INT-0013 exhibits low signature alignment (20%). No immediate forensic action required.
SIG-2D8E47D0,INT-0014,FUSED-INT-0014,StandardMotorcycleSnatch,0.2,Weak Match,0.146,1,3,ROUTINE RECORD: Interaction INT-0014 exhibits low signature alignment (20%). No immediate forensic action required.
SIG-70ADD76F,INT-0015,FUSED-INT-0015,StandardMotorcycleSnatch,0.2,Weak Match,0.146,1,3,ROUTINE RECORD: Interaction INT-0015 exhibits low signature alignment (20%). No immediate forensic action required.
SIG-130F280D,INT-0016,FUSED-INT-0016,StandardMotorcycleSnatch,0.2,Weak Match,0.146,1,3,ROUTINE RECORD: Interaction INT-0016 exhibits low signature alignment (20%). No immediate forensic action required.
SIG-A81406DA,INT-0017,FUSED-INT-0017,StandardMotorcycleSnatch,0.2,Weak Match,0.146,1,3,ROUTINE RECORD: Interaction INT-0017 exhibits low signature alignment (20%). No immediate forensic action required.
SIG-4436A3B0,INT-0018,FUSED-INT-0018,StandardMotorcycleSnatch,0.4,Weak Match,0.2831,2,2,ROUTINE RECORD: Interaction INT-0018 exhibits low signature alignment (40%). No immediate forensic action required.
SIG-5E7743EC,INT-0001,FUSED-INT-0001,StandardMotorcycleSnatch,0.2,Weak Match,0.1681,1,3,ROUTINE RECORD: Interaction INT-0001 exhibits low signature alignment (20%). No immediate forensic action required.
SIG-E2A4B18E,INT-0002,FUSED-INT-0002,StandardMotorcycleSnatch,0.8,High Confidence Match,0.6634,3,1,FLAGGED FOR HIGH-PRIORITY FORENSIC REVIEW: Interaction INT-0002 exhibits strong signature alignment (80%). Export forensic video clip for investigation.
SIG-A4725AA0,INT-0003,FUSED-INT-0003,StandardMotorcycleSnatch,0.2,Weak Match,0.1538,1,3,ROUTINE RECORD: Interaction INT-0003 exhibits low signature alignment (20%). No immediate forensic action required.
SIG-39C2AC14,INT-0004,FUSED-INT-0004,StandardMotorcycleSnatch,0.2,Weak Match,0.1522,1,3,ROUTINE RECORD: Interaction INT-0004 exhibits low signature alignment (20%). No immediate forensic action required.
SIG-3DFC5B57,INT-0005,FUSED-INT-0005,StandardMotorcycleSnatch,0.2,Weak Match,0.1391,1,3,ROUTINE RECORD: Interaction INT-0005 exhibits low signature alignment (20%). No immediate forensic action required.
SIG-AE143E8D,INT-0006,FUSED-INT-0006,StandardMotorcycleSnatch,0.2,Weak Match,0.1461,1,3,ROUTINE RECORD: Interaction INT-0006 exhibits low signature alignment (20%). No immediate forensic action required.
SIG-F1B039A5,INT-0007,FUSED-INT-0007,StandardMotorcycleSnatch,0.2,Weak Match,0.1692,1,3,ROUTINE RECORD: Interaction INT-0007 exhibits low signature alignment (20%). No immediate forensic action required.
SIG-04A6783C,INT-0008,FUSED-INT-0008,StandardMotorcycleSnatch,0.2,Weak Match,0.1809,1,3,ROUTINE RECORD: Interaction INT-0008 exhibits low signature alignment (20%). No immediate forensic action required.
SIG-DF4FD07C,INT-0009,FUSED-INT-0009,StandardMotorcycleSnatch,0.2,Weak Match,0.1457,1,3,ROUTINE RECORD: Interaction INT-0009 exhibits low signature alignment (20%). No immediate forensic action required.
SIG-A49C0C06,INT-0010,FUSED-INT-0010,StandardMotorcycleSnatch,0.2,Weak Match,0.147,1,3,ROUTINE RECORD: Interaction INT-0010 exhibits low signature alignment (20%). No immediate forensic action required.
SIG-42EA833B,INT-0011,FUSED-INT-0011,StandardMotorcycleSnatch,0.2,Weak Match,0.148,1,3,ROUTINE RECORD: Interaction INT-0011 exhibits low signature alignment (20%). No immediate forensic action required.
SIG-464098CB,INT-0012,FUSED-INT-0012,StandardMotorcycleSnatch,0.2,Weak Match,0.148,1,3,ROUTINE RECORD: Interaction INT-0012 exhibits low signature alignment (20%). No immediate forensic action required.
SIG-ACCA91E3,INT-0013,FUSED-INT-0013,StandardMotorcycleSnatch,0.2,Weak Match,0.148,1,3,ROUTINE RECORD: Interaction INT-0013 exhibits low signature alignment (20%). No immediate forensic action required.
SIG-A90F8890,INT-0014,FUSED-INT-0014,StandardMotorcycleSnatch,0.2,Weak Match,0.146,1,3,ROUTINE RECORD: Interaction INT-0014 exhibits low signature alignment (20%). No immediate forensic action required.
SIG-66C74F1E,INT-0015,FUSED-INT-0015,StandardMotorcycleSnatch,0.2,Weak Match,0.146,1,3,ROUTINE RECORD: Interaction INT-0015 exhibits low signature alignment (20%). No immediate forensic action required.
SIG-7A0DBBE1,INT-0016,FUSED-INT-0016,StandardMotorcycleSnatch,0.2,Weak Match,0.146,1,3,ROUTINE RECORD: Interaction INT-0016 exhibits low signature alignment (20%). No immediate forensic action required.
SIG-E9ABEC81,INT-0017,FUSED-INT-0017,StandardMotorcycleSnatch,0.2,Weak Match,0.146,1,3,ROUTINE RECORD: Interaction INT-0017 exhibits low signature alignment (20%). No immediate forensic action required.
SIG-F11C5093,INT-0018,FUSED-INT-0018,StandardMotorcycleSnatch,0.2,Weak Match,0.1415,1,3,ROUTINE RECORD: Interaction INT-0018 exhibits low signature alignment (20%). No immediate forensic action required.
SIG-F8697CEA,INT-0001,FUSED-INT-0001,StandardMotorcycleSnatch,0.2,Weak Match,0.1681,1,3,ROUTINE RECORD: Interaction INT-0001 exhibits low signature alignment (20%). No immediate forensic action required.
SIG-D4897959,INT-0002,FUSED-INT-0002,StandardMotorcycleSnatch,0.8,High Confidence Match,0.6634,3,1,FLAGGED FOR HIGH-PRIORITY FORENSIC REVIEW: Interaction INT-0002 exhibits strong signature alignment (80%). Export forensic video clip for investigation.
SIG-B680DAE6,INT-0003,FUSED-INT-0003,StandardMotorcycleSnatch,0.2,Weak Match,0.1538,1,3,ROUTINE RECORD: Interaction INT-0003 exhibits low signature alignment (20%). No immediate forensic action required.
SIG-E6174680,INT-0004,FUSED-INT-0004,StandardMotorcycleSnatch,0.2,Weak Match,0.1522,1,3,ROUTINE RECORD: Interaction INT-0004 exhibits low signature alignment (20%). No immediate forensic action required.
SIG-AB6EB202,INT-0005,FUSED-INT-0005,StandardMotorcycleSnatch,0.2,Weak Match,0.1391,1,3,ROUTINE RECORD: Interaction INT-0005 exhibits low signature alignment (20%). No immediate forensic action required.
SIG-D2556A50,INT-0006,FUSED-INT-0006,StandardMotorcycleSnatch,0.2,Weak Match,0.1461,1,3,ROUTINE RECORD: Interaction INT-0006 exhibits low signature alignment (20%). No immediate forensic action required.
SIG-9D64FD8C,INT-0007,FUSED-INT-0007,StandardMotorcycleSnatch,0.2,Weak Match,0.1692,1,3,ROUTINE RECORD: Interaction INT-0007 exhibits low signature alignment (20%). No immediate forensic action required.
SIG-FB8DDC3C,INT-0008,FUSED-INT-0008,StandardMotorcycleSnatch,0.2,Weak Match,0.1809,1,3,ROUTINE RECORD: Interaction INT-0008 exhibits low signature alignment (20%). No immediate forensic action required.
SIG-889CC437,INT-0009,FUSED-INT-0009,StandardMotorcycleSnatch,0.2,Weak Match,0.1457,1,3,ROUTINE RECORD: Interaction INT-0009 exhibits low signature alignment (20%). No immediate forensic action required.
SIG-A6D99165,INT-0010,FUSED-INT-0010,StandardMotorcycleSnatch,0.2,Weak Match,0.147,1,3,ROUTINE RECORD: Interaction INT-0010 exhibits low signature alignment (20%). No immediate forensic action required.
SIG-D443FB30,INT-0011,FUSED-INT-0011,StandardMotorcycleSnatch,0.2,Weak Match,0.148,1,3,ROUTINE RECORD: Interaction INT-0011 exhibits low signature alignment (20%). No immediate forensic action required.
SIG-1FB9A717,INT-0012,FUSED-INT-0012,StandardMotorcycleSnatch,0.2,Weak Match,0.148,1,3,ROUTINE RECORD: Interaction INT-0012 exhibits low signature alignment (20%). No immediate forensic action required.
SIG-12219904,INT-0013,FUSED-INT-0013,StandardMotorcycleSnatch,0.2,Weak Match,0.148,1,3,ROUTINE RECORD: Interaction INT-0013 exhibits low signature alignment (20%). No immediate forensic action required.
SIG-E721678C,INT-0014,FUSED-INT-0014,StandardMotorcycleSnatch,0.2,Weak Match,0.146,1,3,ROUTINE RECORD: Interaction INT-0014 exhibits low signature alignment (20%). No immediate forensic action required.
SIG-8345D3AF,INT-0015,FUSED-INT-0015,StandardMotorcycleSnatch,0.2,Weak Match,0.146,1,3,ROUTINE RECORD: Interaction INT-0015 exhibits low signature alignment (20%). No immediate forensic action required.
SIG-58260316,INT-0016,FUSED-INT-0016,StandardMotorcycleSnatch,0.2,Weak Match,0.146,1,3,ROUTINE RECORD: Interaction INT-0016 exhibits low signature alignment (20%). No immediate forensic action required.
SIG-4B2B90B3,INT-0017,FUSED-INT-0017,StandardMotorcycleSnatch,0.2,Weak Match,0.146,1,3,ROUTINE RECORD: Interaction INT-0017 exhibits low signature alignment (20%). No immediate forensic action required.
SIG-3BF0E1A2,INT-0018,FUSED-INT-0018,StandardMotorcycleSnatch,0.2,Weak Match,0.1415,1,3,ROUTINE RECORD: Interaction INT-0018 exhibits low signature alignment (20%). No immediate forensic action required.
SIG-4144C3DA,INT-0001,FUSED-INT-0001,StandardMotorcycleSnatch,0.2,Weak Match,0.1681,1,3,ROUTINE RECORD: Interaction INT-0001 exhibits low signature alignment (20%). No immediate forensic action required.
SIG-776AFD9E,INT-0002,FUSED-INT-0002,StandardMotorcycleSnatch,0.8,High Confidence Match,0.6634,3,1,FLAGGED FOR HIGH-PRIORITY FORENSIC REVIEW: Interaction INT-0002 exhibits strong signature alignment (80%). Export forensic video clip for investigation.
SIG-47F2B0EF,INT-0003,FUSED-INT-0003,StandardMotorcycleSnatch,0.2,Weak Match,0.1538,1,3,ROUTINE RECORD: Interaction INT-0003 exhibits low signature alignment (20%). No immediate forensic action required.
SIG-6808C07F,INT-0004,FUSED-INT-0004,StandardMotorcycleSnatch,0.2,Weak Match,0.1521,1,3,ROUTINE RECORD: Interaction INT-0004 exhibits low signature alignment (20%). No immediate forensic action required.
SIG-8B156AB9,INT-0005,FUSED-INT-0005,StandardMotorcycleSnatch,0.2,Weak Match,0.1391,1,3,ROUTINE RECORD: Interaction INT-0005 exhibits low signature alignment (20%). No immediate forensic action required.
SIG-46800F23,INT-0006,FUSED-INT-0006,StandardMotorcycleSnatch,0.2,Weak Match,0.1461,1,3,ROUTINE RECORD: Interaction INT-0006 exhibits low signature alignment (20%). No immediate forensic action required.
SIG-D5499765,INT-0007,FUSED-INT-0007,StandardMotorcycleSnatch,0.2,Weak Match,0.1692,1,3,ROUTINE RECORD: Interaction INT-0007 exhibits low signature alignment (20%). No immediate forensic action required.
SIG-CC2BFBBA,INT-0008,FUSED-INT-0008,StandardMotorcycleSnatch,0.2,Weak Match,0.1809,1,3,ROUTINE RECORD: Interaction INT-0008 exhibits low signature alignment (20%). No immediate forensic action required.
SIG-AFB64ABF,INT-0009,FUSED-INT-0009,StandardMotorcycleSnatch,0.2,Weak Match,0.1457,1,3,ROUTINE RECORD: Interaction INT-0009 exhibits low signature alignment (20%). No immediate forensic action required.
SIG-759FCCFB,INT-0010,FUSED-INT-0010,StandardMotorcycleSnatch,0.2,Weak Match,0.147,1,3,ROUTINE RECORD: Interaction INT-0010 exhibits low signature alignment (20%). No immediate forensic action required.
SIG-8451EDBD,INT-0011,FUSED-INT-0011,StandardMotorcycleSnatch,0.2,Weak Match,0.148,1,3,ROUTINE RECORD: Interaction INT-0011 exhibits low signature alignment (20%). No immediate forensic action required.
SIG-F774E1E3,INT-0012,FUSED-INT-0012,StandardMotorcycleSnatch,0.2,Weak Match,0.148,1,3,ROUTINE RECORD: Interaction INT-0012 exhibits low signature alignment (20%). No immediate forensic action required.
SIG-6F4E554E,INT-0013,FUSED-INT-0013,StandardMotorcycleSnatch,0.2,Weak Match,0.148,1,3,ROUTINE RECORD: Interaction INT-0013 exhibits low signature alignment (20%). No immediate forensic action required.
SIG-AA286732,INT-0014,FUSED-INT-0014,StandardMotorcycleSnatch,0.2,Weak Match,0.146,1,3,ROUTINE RECORD: Interaction INT-0014 exhibits low signature alignment (20%). No immediate forensic action required.
SIG-227E25F3,INT-0015,FUSED-INT-0015,StandardMotorcycleSnatch,0.2,Weak Match,0.146,1,3,ROUTINE RECORD: Interaction INT-0015 exhibits low signature alignment (20%). No immediate forensic action required.
SIG-2E18D3B9,INT-0016,FUSED-INT-0016,StandardMotorcycleSnatch,0.2,Weak Match,0.146,1,3,ROUTINE RECORD: Interaction INT-0016 exhibits low signature alignment (20%). No immediate forensic action required.
SIG-FF743C31,INT-0017,FUSED-INT-0017,StandardMotorcycleSnatch,0.2,Weak Match,0.146,1,3,ROUTINE RECORD: Interaction INT-0017 exhibits low signature alignment (20%). No immediate forensic action required.
SIG-061766CF,INT-0018,FUSED-INT-0018,StandardMotorcycleSnatch,0.2,Weak Match,0.1415,1,3,ROUTINE RECORD: Interaction INT-0018 exhibits low signature alignment (20%). No immediate forensic action required.
SIG-C55F07D0,INT-0001,FUSED-INT-0001,StandardMotorcycleSnatch,0.2,Weak Match,0.1681,1,3,ROUTINE RECORD: Interaction INT-0001 exhibits low signature alignment (20%). No immediate forensic action required.
SIG-F5F6CBEE,INT-0002,FUSED-INT-0002,StandardMotorcycleSnatch,0.8,High Confidence Match,0.6634,3,1,FLAGGED FOR HIGH-PRIORITY FORENSIC REVIEW: Interaction INT-0002 exhibits strong signature alignment (80%). Export forensic video clip for investigation.
SIG-C16AFBA9,INT-0003,FUSED-INT-0003,StandardMotorcycleSnatch,0.2,Weak Match,0.1538,1,3,ROUTINE RECORD: Interaction INT-0003 exhibits low signature alignment (20%). No immediate forensic action required.
SIG-C27EB054,INT-0004,FUSED-INT-0004,StandardMotorcycleSnatch,0.2,Weak Match,0.1521,1,3,ROUTINE RECORD: Interaction INT-0004 exhibits low signature alignment (20%). No immediate forensic action required.
SIG-94594CE8,INT-0005,FUSED-INT-0005,StandardMotorcycleSnatch,0.2,Weak Match,0.1391,1,3,ROUTINE RECORD: Interaction INT-0005 exhibits low signature alignment (20%). No immediate forensic action required.
SIG-8C024497,INT-0006,FUSED-INT-0006,StandardMotorcycleSnatch,0.2,Weak Match,0.1461,1,3,ROUTINE RECORD: Interaction INT-0006 exhibits low signature alignment (20%). No immediate forensic action required.
SIG-8CEEC778,INT-0007,FUSED-INT-0007,StandardMotorcycleSnatch,0.2,Weak Match,0.1692,1,3,ROUTINE RECORD: Interaction INT-0007 exhibits low signature alignment (20%). No immediate forensic action required.
SIG-1501D987,INT-0008,FUSED-INT-0008,StandardMotorcycleSnatch,0.2,Weak Match,0.1809,1,3,ROUTINE RECORD: Interaction INT-0008 exhibits low signature alignment (20%). No immediate forensic action required.
SIG-84EFE16A,INT-0009,FUSED-INT-0009,StandardMotorcycleSnatch,0.2,Weak Match,0.1457,1,3,ROUTINE RECORD: Interaction INT-0009 exhibits low signature alignment (20%). No immediate forensic action required.
SIG-2F126D85,INT-0010,FUSED-INT-0010,StandardMotorcycleSnatch,0.2,Weak Match,0.147,1,3,ROUTINE RECORD: Interaction INT-0010 exhibits low signature alignment (20%). No immediate forensic action required.
SIG-B29EAD95,INT-0011,FUSED-INT-0011,StandardMotorcycleSnatch,0.2,Weak Match,0.148,1,3,ROUTINE RECORD: Interaction INT-0011 exhibits low signature alignment (20%). No immediate forensic action required.
SIG-FE4369E3,INT-0012,FUSED-INT-0012,StandardMotorcycleSnatch,0.2,Weak Match,0.148,1,3,ROUTINE RECORD: Interaction INT-0012 exhibits low signature alignment (20%). No immediate forensic action required.
SIG-E90F5358,INT-0013,FUSED-INT-0013,StandardMotorcycleSnatch,0.2,Weak Match,0.148,1,3,ROUTINE RECORD: Interaction INT-0013 exhibits low signature alignment (20%). No immediate forensic action required.
SIG-51C28E91,INT-0014,FUSED-INT-0014,StandardMotorcycleSnatch,0.2,Weak Match,0.146,1,3,ROUTINE RECORD: Interaction INT-0014 exhibits low signature alignment (20%). No immediate forensic action required.
SIG-3A4E2B66,INT-0015,FUSED-INT-0015,StandardMotorcycleSnatch,0.2,Weak Match,0.146,1,3,ROUTINE RECORD: Interaction INT-0015 exhibits low signature alignment (20%). No immediate forensic action required.
SIG-22429556,INT-0016,FUSED-INT-0016,StandardMotorcycleSnatch,0.2,Weak Match,0.146,1,3,ROUTINE RECORD: Interaction INT-0016 exhibits low signature alignment (20%). No immediate forensic action required.
SIG-73131B4E,INT-0017,FUSED-INT-0017,StandardMotorcycleSnatch,0.2,Weak Match,0.146,1,3,ROUTINE RECORD: Interaction INT-0017 exhibits low signature alignment (20%). No immediate forensic action required.
SIG-E3B4A1C6,INT-0018,FUSED-INT-0018,StandardMotorcycleSnatch,0.2,Weak Match,0.1415,1,3,ROUTINE RECORD: Interaction INT-0018 exhibits low signature alignment (20%). No immediate forensic action required.
SIG-160BBFD8,INT-0001,FUSED-INT-0001,StandardMotorcycleSnatch,0.2,Weak Match,0.1681,1,3,ROUTINE RECORD: Interaction INT-0001 exhibits low signature alignment (20%). No immediate forensic action required.
SIG-197EE488,INT-0002,FUSED-INT-0002,StandardMotorcycleSnatch,0.8,High Confidence Match,0.6634,3,1,FLAGGED FOR HIGH-PRIORITY FORENSIC REVIEW: Interaction INT-0002 exhibits strong signature alignment (80%). Export forensic video clip for investigation.
SIG-DE41D86E,INT-0003,FUSED-INT-0003,StandardMotorcycleSnatch,0.2,Weak Match,0.1538,1,3,ROUTINE RECORD: Interaction INT-0003 exhibits low signature alignment (20%). No immediate forensic action required.
SIG-0FA42F5A,INT-0004,FUSED-INT-0004,StandardMotorcycleSnatch,0.2,Weak Match,0.1521,1,3,ROUTINE RECORD: Interaction INT-0004 exhibits low signature alignment (20%). No immediate forensic action required.
SIG-4C3E5976,INT-0005,FUSED-INT-0005,StandardMotorcycleSnatch,0.2,Weak Match,0.1391,1,3,ROUTINE RECORD: Interaction INT-0005 exhibits low signature alignment (20%). No immediate forensic action required.
SIG-2B2C0C90,INT-0006,FUSED-INT-0006,StandardMotorcycleSnatch,0.2,Weak Match,0.1461,1,3,ROUTINE RECORD: Interaction INT-0006 exhibits low signature alignment (20%). No immediate forensic action required.
SIG-5B655FA9,INT-0007,FUSED-INT-0007,StandardMotorcycleSnatch,0.2,Weak Match,0.1692,1,3,ROUTINE RECORD: Interaction INT-0007 exhibits low signature alignment (20%). No immediate forensic action required.
SIG-89E70FBD,INT-0008,FUSED-INT-0008,StandardMotorcycleSnatch,0.2,Weak Match,0.1809,1,3,ROUTINE RECORD: Interaction INT-0008 exhibits low signature alignment (20%). No immediate forensic action required.
SIG-B910138F,INT-0009,FUSED-INT-0009,StandardMotorcycleSnatch,0.2,Weak Match,0.1457,1,3,ROUTINE RECORD: Interaction INT-0009 exhibits low signature alignment (20%). No immediate forensic action required.
SIG-24A47A0C,INT-0010,FUSED-INT-0010,StandardMotorcycleSnatch,0.2,Weak Match,0.147,1,3,ROUTINE RECORD: Interaction INT-0010 exhibits low signature alignment (20%). No immediate forensic action required.
SIG-4E98B6A4,INT-0011,FUSED-INT-0011,StandardMotorcycleSnatch,0.2,Weak Match,0.148,1,3,ROUTINE RECORD: Interaction INT-0011 exhibits low signature alignment (20%). No immediate forensic action required.
SIG-8077A264,INT-0012,FUSED-INT-0012,StandardMotorcycleSnatch,0.2,Weak Match,0.148,1,3,ROUTINE RECORD: Interaction INT-0012 exhibits low signature alignment (20%). No immediate forensic action required.
SIG-4D04279C,INT-0013,FUSED-INT-0013,StandardMotorcycleSnatch,0.2,Weak Match,0.148,1,3,ROUTINE RECORD: Interaction INT-0013 exhibits low signature alignment (20%). No immediate forensic action required.
SIG-F49A4E9D,INT-0014,FUSED-INT-0014,StandardMotorcycleSnatch,0.2,Weak Match,0.146,1,3,ROUTINE RECORD: Interaction INT-0014 exhibits low signature alignment (20%). No immediate forensic action required.
SIG-3F8DDE10,INT-0015,FUSED-INT-0015,StandardMotorcycleSnatch,0.2,Weak Match,0.146,1,3,ROUTINE RECORD: Interaction INT-0015 exhibits low signature alignment (20%). No immediate forensic action required.
SIG-32E2EBFF,INT-0016,FUSED-INT-0016,StandardMotorcycleSnatch,0.2,Weak Match,0.146,1,3,ROUTINE RECORD: Interaction INT-0016 exhibits low signature alignment (20%). No immediate forensic action required.
SIG-D80E18F7,INT-0017,FUSED-INT-0017,StandardMotorcycleSnatch,0.2,Weak Match,0.146,1,3,ROUTINE RECORD: Interaction INT-0017 exhibits low signature alignment (20%). No immediate forensic action required.
SIG-DF934C68,INT-0018,FUSED-INT-0018,StandardMotorcycleSnatch,0.2,Weak Match,0.1415,1,3,ROUTINE RECORD: Interaction INT-0018 exhibits low signature alignment (20%). No immediate forensic action required.
SIG-AE64877B,INT-0001,FUSED-INT-0001,StandardMotorcycleSnatch,0.2,Weak Match,0.1681,1,3,ROUTINE RECORD: Interaction INT-0001 exhibits low signature alignment (20%). No immediate forensic action required.
SIG-964173EE,INT-0002,FUSED-INT-0002,StandardMotorcycleSnatch,0.8,High Confidence Match,0.6634,3,1,FLAGGED FOR HIGH-PRIORITY FORENSIC REVIEW: Interaction INT-0002 exhibits strong signature alignment (80%). Export forensic video clip for investigation.
SIG-762E15D2,INT-0003,FUSED-INT-0003,StandardMotorcycleSnatch,0.2,Weak Match,0.1538,1,3,ROUTINE RECORD: Interaction INT-0003 exhibits low signature alignment (20%). No immediate forensic action required.
SIG-33E8E3E1,INT-0004,FUSED-INT-0004,StandardMotorcycleSnatch,0.2,Weak Match,0.1521,1,3,ROUTINE RECORD: Interaction INT-0004 exhibits low signature alignment (20%). No immediate forensic action required.
SIG-8CD89738,INT-0005,FUSED-INT-0005,StandardMotorcycleSnatch,0.2,Weak Match,0.1391,1,3,ROUTINE RECORD: Interaction INT-0005 exhibits low signature alignment (20%). No immediate forensic action required.
SIG-4F05F0CF,INT-0006,FUSED-INT-0006,StandardMotorcycleSnatch,0.2,Weak Match,0.1461,1,3,ROUTINE RECORD: Interaction INT-0006 exhibits low signature alignment (20%). No immediate forensic action required.
SIG-E348B094,INT-0007,FUSED-INT-0007,StandardMotorcycleSnatch,0.2,Weak Match,0.1692,1,3,ROUTINE RECORD: Interaction INT-0007 exhibits low signature alignment (20%). No immediate forensic action required.
SIG-D076F9CA,INT-0008,FUSED-INT-0008,StandardMotorcycleSnatch,0.2,Weak Match,0.1809,1,3,ROUTINE RECORD: Interaction INT-0008 exhibits low signature alignment (20%). No immediate forensic action required.
SIG-F4174BA4,INT-0009,FUSED-INT-0009,StandardMotorcycleSnatch,0.2,Weak Match,0.1457,1,3,ROUTINE RECORD: Interaction INT-0009 exhibits low signature alignment (20%). No immediate forensic action required.
SIG-C333E506,INT-0010,FUSED-INT-0010,StandardMotorcycleSnatch,0.2,Weak Match,0.147,1,3,ROUTINE RECORD: Interaction INT-0010 exhibits low signature alignment (20%). No immediate forensic action required.
SIG-7E83C26B,INT-0011,FUSED-INT-0011,StandardMotorcycleSnatch,0.2,Weak Match,0.148,1,3,ROUTINE RECORD: Interaction INT-0011 exhibits low signature alignment (20%). No immediate forensic action required.
SIG-CE35B806,INT-0012,FUSED-INT-0012,StandardMotorcycleSnatch,0.2,Weak Match,0.148,1,3,ROUTINE RECORD: Interaction INT-0012 exhibits low signature alignment (20%). No immediate forensic action required.
SIG-310ED6F9,INT-0013,FUSED-INT-0013,StandardMotorcycleSnatch,0.2,Weak Match,0.148,1,3,ROUTINE RECORD: Interaction INT-0013 exhibits low signature alignment (20%). No immediate forensic action required.
SIG-99599AFE,INT-0014,FUSED-INT-0014,StandardMotorcycleSnatch,0.2,Weak Match,0.146,1,3,ROUTINE RECORD: Interaction INT-0014 exhibits low signature alignment (20%). No immediate forensic action required.
SIG-F3B7737F,INT-0015,FUSED-INT-0015,StandardMotorcycleSnatch,0.2,Weak Match,0.146,1,3,ROUTINE RECORD: Interaction INT-0015 exhibits low signature alignment (20%). No immediate forensic action required.
SIG-A21C7826,INT-0016,FUSED-INT-0016,StandardMotorcycleSnatch,0.2,Weak Match,0.146,1,3,ROUTINE RECORD: Interaction INT-0016 exhibits low signature alignment (20%). No immediate forensic action required.
SIG-DA2B0A06,INT-0017,FUSED-INT-0017,StandardMotorcycleSnatch,0.2,Weak Match,0.146,1,3,ROUTINE RECORD: Interaction INT-0017 exhibits low signature alignment (20%). No immediate forensic action required.
SIG-D900647D,INT-0018,FUSED-INT-0018,StandardMotorcycleSnatch,0.2,Weak Match,0.1415,1,3,ROUTINE RECORD: Interaction INT-0018 exhibits low signature alignment (20%). No immediate forensic action required.
SIG-1B3EF972,INT-0001,FUSED-INT-0001,StandardMotorcycleSnatch,0.2,Weak Match,0.1681,1,3,ROUTINE RECORD: Interaction INT-0001 exhibits low signature alignment (20%). No immediate forensic action required.
SIG-FAECA336,INT-0002,FUSED-INT-0002,StandardMotorcycleSnatch,0.8,High Confidence Match,0.6634,3,1,FLAGGED FOR HIGH-PRIORITY FORENSIC REVIEW: Interaction INT-0002 exhibits strong signature alignment (80%). Export forensic video clip for investigation.
SIG-C1A1E908,INT-0003,FUSED-INT-0003,StandardMotorcycleSnatch,0.2,Weak Match,0.1538,1,3,ROUTINE RECORD: Interaction INT-0003 exhibits low signature alignment (20%). No immediate forensic action required.
SIG-6E9B274A,INT-0004,FUSED-INT-0004,StandardMotorcycleSnatch,0.2,Weak Match,0.1521,1,3,ROUTINE RECORD: Interaction INT-0004 exhibits low signature alignment (20%). No immediate forensic action required.
SIG-A94096EC,INT-0005,FUSED-INT-0005,StandardMotorcycleSnatch,0.2,Weak Match,0.1391,1,3,ROUTINE RECORD: Interaction INT-0005 exhibits low signature alignment (20%). No immediate forensic action required.
SIG-76766AFC,INT-0006,FUSED-INT-0006,StandardMotorcycleSnatch,0.2,Weak Match,0.1461,1,3,ROUTINE RECORD: Interaction INT-0006 exhibits low signature alignment (20%). No immediate forensic action required.
SIG-D707018C,INT-0007,FUSED-INT-0007,StandardMotorcycleSnatch,0.2,Weak Match,0.1692,1,3,ROUTINE RECORD: Interaction INT-0007 exhibits low signature alignment (20%). No immediate forensic action required.
SIG-02956100,INT-0008,FUSED-INT-0008,StandardMotorcycleSnatch,0.2,Weak Match,0.1809,1,3,ROUTINE RECORD: Interaction INT-0008 exhibits low signature alignment (20%). No immediate forensic action required.
SIG-C341F57D,INT-0009,FUSED-INT-0009,StandardMotorcycleSnatch,0.2,Weak Match,0.1457,1,3,ROUTINE RECORD: Interaction INT-0009 exhibits low signature alignment (20%). No immediate forensic action required.
SIG-1BC47B9A,INT-0010,FUSED-INT-0010,StandardMotorcycleSnatch,0.2,Weak Match,0.147,1,3,ROUTINE RECORD: Interaction INT-0010 exhibits low signature alignment (20%). No immediate forensic action required.
SIG-D76E9479,INT-0011,FUSED-INT-0011,StandardMotorcycleSnatch,0.2,Weak Match,0.148,1,3,ROUTINE RECORD: Interaction INT-0011 exhibits low signature alignment (20%). No immediate forensic action required.
SIG-52856942,INT-0012,FUSED-INT-0012,StandardMotorcycleSnatch,0.2,Weak Match,0.148,1,3,ROUTINE RECORD: Interaction INT-0012 exhibits low signature alignment (20%). No immediate forensic action required.
SIG-2854EF2F,INT-0013,FUSED-INT-0013,StandardMotorcycleSnatch,0.2,Weak Match,0.148,1,3,ROUTINE RECORD: Interaction INT-0013 exhibits low signature alignment (20%). No immediate forensic action required.
SIG-564666B3,INT-0014,FUSED-INT-0014,StandardMotorcycleSnatch,0.2,Weak Match,0.146,1,3,ROUTINE RECORD: Interaction INT-0014 exhibits low signature alignment (20%). No immediate forensic action required.
SIG-39E61D15,INT-0015,FUSED-INT-0015,StandardMotorcycleSnatch,0.2,Weak Match,0.146,1,3,ROUTINE RECORD: Interaction INT-0015 exhibits low signature alignment (20%). No immediate forensic action required.
SIG-01446DED,INT-0016,FUSED-INT-0016,StandardMotorcycleSnatch,0.2,Weak Match,0.146,1,3,ROUTINE RECORD: Interaction INT-0016 exhibits low signature alignment (20%). No immediate forensic action required.
SIG-666C6F2E,INT-0017,FUSED-INT-0017,StandardMotorcycleSnatch,0.2,Weak Match,0.146,1,3,ROUTINE RECORD: Interaction INT-0017 exhibits low signature alignment (20%). No immediate forensic action required.
SIG-0C99E0DB,INT-0018,FUSED-INT-0018,StandardMotorcycleSnatch,0.2,Weak Match,0.1415,1,3,ROUTINE RECORD: Interaction INT-0018 exhibits low signature alignment (20%). No immediate forensic action required.
SIG-251E8A49,INT-0001,FUSED-INT-0001,StandardMotorcycleSnatch,0.2,Weak Match,0.1681,1,3,ROUTINE RECORD: Interaction INT-0001 exhibits low signature alignment (20%). No immediate forensic action required.
SIG-4569B8FE,INT-0002,FUSED-INT-0002,StandardMotorcycleSnatch,0.8,High Confidence Match,0.6634,3,1,FLAGGED FOR HIGH-PRIORITY FORENSIC REVIEW: Interaction INT-0002 exhibits strong signature alignment (80%). Export forensic video clip for investigation.
SIG-D2AC4863,INT-0003,FUSED-INT-0003,StandardMotorcycleSnatch,0.2,Weak Match,0.1538,1,3,ROUTINE RECORD: Interaction INT-0003 exhibits low signature alignment (20%). No immediate forensic action required.
SIG-1B50A080,INT-0004,FUSED-INT-0004,StandardMotorcycleSnatch,0.2,Weak Match,0.152,1,3,ROUTINE RECORD: Interaction INT-0004 exhibits low signature alignment (20%). No immediate forensic action required.
SIG-B39884F1,INT-0005,FUSED-INT-0005,StandardMotorcycleSnatch,0.2,Weak Match,0.1391,1,3,ROUTINE RECORD: Interaction INT-0005 exhibits low signature alignment (20%). No immediate forensic action required.
SIG-BBDB5299,INT-0006,FUSED-INT-0006,StandardMotorcycleSnatch,0.2,Weak Match,0.1461,1,3,ROUTINE RECORD: Interaction INT-0006 exhibits low signature alignment (20%). No immediate forensic action required.
SIG-9F91D4A7,INT-0007,FUSED-INT-0007,StandardMotorcycleSnatch,0.2,Weak Match,0.1692,1,3,ROUTINE RECORD: Interaction INT-0007 exhibits low signature alignment (20%). No immediate forensic action required.
SIG-EC5A94D7,INT-0008,FUSED-INT-0008,StandardMotorcycleSnatch,0.2,Weak Match,0.1809,1,3,ROUTINE RECORD: Interaction INT-0008 exhibits low signature alignment (20%). No immediate forensic action required.
SIG-D07794CF,INT-0009,FUSED-INT-0009,StandardMotorcycleSnatch,0.2,Weak Match,0.1457,1,3,ROUTINE RECORD: Interaction INT-0009 exhibits low signature alignment (20%). No immediate forensic action required.
SIG-138E5386,INT-0010,FUSED-INT-0010,StandardMotorcycleSnatch,0.2,Weak Match,0.147,1,3,ROUTINE RECORD: Interaction INT-0010 exhibits low signature alignment (20%). No immediate forensic action required.
SIG-CC2D35A3,INT-0011,FUSED-INT-0011,StandardMotorcycleSnatch,0.2,Weak Match,0.148,1,3,ROUTINE RECORD: Interaction INT-0011 exhibits low signature alignment (20%). No immediate forensic action required.
SIG-EA4E56B6,INT-0012,FUSED-INT-0012,StandardMotorcycleSnatch,0.2,Weak Match,0.148,1,3,ROUTINE RECORD: Interaction INT-0012 exhibits low signature alignment (20%). No immediate forensic action required.
SIG-0016B8BD,INT-0013,FUSED-INT-0013,StandardMotorcycleSnatch,0.2,Weak Match,0.148,1,3,ROUTINE RECORD: Interaction INT-0013 exhibits low signature alignment (20%). No immediate forensic action required.
SIG-0C3DD16C,INT-0014,FUSED-INT-0014,StandardMotorcycleSnatch,0.2,Weak Match,0.146,1,3,ROUTINE RECORD: Interaction INT-0014 exhibits low signature alignment (20%). No immediate forensic action required.
SIG-0D92967B,INT-0015,FUSED-INT-0015,StandardMotorcycleSnatch,0.2,Weak Match,0.146,1,3,ROUTINE RECORD: Interaction INT-0015 exhibits low signature alignment (20%). No immediate forensic action required.
SIG-7D599586,INT-0016,FUSED-INT-0016,StandardMotorcycleSnatch,0.2,Weak Match,0.146,1,3,ROUTINE RECORD: Interaction INT-0016 exhibits low signature alignment (20%). No immediate forensic action required.
SIG-F777CD88,INT-0017,FUSED-INT-0017,StandardMotorcycleSnatch,0.2,Weak Match,0.146,1,3,ROUTINE RECORD: Interaction INT-0017 exhibits low signature alignment (20%). No immediate forensic action required.
SIG-EC387CCA,INT-0018,FUSED-INT-0018,StandardMotorcycleSnatch,0.4,Weak Match,0.2831,2,2,ROUTINE RECORD: Interaction INT-0018 exhibits low signature alignment (40%). No immediate forensic action required.
SIG-4D3F6E15,INT-0019,FUSED-INT-0019,StandardMotorcycleSnatch,0.0,No Match,0.0,0,4,ROUTINE RECORD: Interaction INT-0019 exhibits low signature alignment (0%). No immediate forensic action required.
SIG-9231D443,INT-0001,FUSED-INT-0001,StandardMotorcycleSnatch,0.2,Weak Match,0.1681,1,3,ROUTINE RECORD: Interaction INT-0001 exhibits low signature alignment (20%). No immediate forensic action required.
SIG-33EC8386,INT-0002,FUSED-INT-0002,StandardMotorcycleSnatch,0.8,High Confidence Match,0.6634,3,1,FLAGGED FOR HIGH-PRIORITY FORENSIC REVIEW: Interaction INT-0002 exhibits strong signature alignment (80%). Export forensic video clip for investigation.
SIG-4F39D78B,INT-0003,FUSED-INT-0003,StandardMotorcycleSnatch,0.2,Weak Match,0.1538,1,3,ROUTINE RECORD: Interaction INT-0003 exhibits low signature alignment (20%). No immediate forensic action required.
SIG-7488CE88,INT-0004,FUSED-INT-0004,StandardMotorcycleSnatch,0.2,Weak Match,0.152,1,3,ROUTINE RECORD: Interaction INT-0004 exhibits low signature alignment (20%). No immediate forensic action required.
SIG-68A03A0B,INT-0005,FUSED-INT-0005,StandardMotorcycleSnatch,0.2,Weak Match,0.1391,1,3,ROUTINE RECORD: Interaction INT-0005 exhibits low signature alignment (20%). No immediate forensic action required.
SIG-3AB07B27,INT-0006,FUSED-INT-0006,StandardMotorcycleSnatch,0.2,Weak Match,0.1461,1,3,ROUTINE RECORD: Interaction INT-0006 exhibits low signature alignment (20%). No immediate forensic action required.
SIG-43172569,INT-0007,FUSED-INT-0007,StandardMotorcycleSnatch,0.2,Weak Match,0.1692,1,3,ROUTINE RECORD: Interaction INT-0007 exhibits low signature alignment (20%). No immediate forensic action required.
SIG-FBD62355,INT-0008,FUSED-INT-0008,StandardMotorcycleSnatch,0.2,Weak Match,0.1809,1,3,ROUTINE RECORD: Interaction INT-0008 exhibits low signature alignment (20%). No immediate forensic action required.
SIG-DA33EB68,INT-0009,FUSED-INT-0009,StandardMotorcycleSnatch,0.2,Weak Match,0.1457,1,3,ROUTINE RECORD: Interaction INT-0009 exhibits low signature alignment (20%). No immediate forensic action required.
SIG-B1343140,INT-0010,FUSED-INT-0010,StandardMotorcycleSnatch,0.2,Weak Match,0.147,1,3,ROUTINE RECORD: Interaction INT-0010 exhibits low signature alignment (20%). No immediate forensic action required.
SIG-B81251C3,INT-0011,FUSED-INT-0011,StandardMotorcycleSnatch,0.2,Weak Match,0.148,1,3,ROUTINE RECORD: Interaction INT-0011 exhibits low signature alignment (20%). No immediate forensic action required.
SIG-312D217A,INT-0012,FUSED-INT-0012,StandardMotorcycleSnatch,0.2,Weak Match,0.148,1,3,ROUTINE RECORD: Interaction INT-0012 exhibits low signature alignment (20%). No immediate forensic action required.
SIG-A8085C63,INT-0013,FUSED-INT-0013,StandardMotorcycleSnatch,0.2,Weak Match,0.148,1,3,ROUTINE RECORD: Interaction INT-0013 exhibits low signature alignment (20%). No immediate forensic action required.
SIG-DCB674CA,INT-0014,FUSED-INT-0014,StandardMotorcycleSnatch,0.2,Weak Match,0.146,1,3,ROUTINE RECORD: Interaction INT-0014 exhibits low signature alignment (20%). No immediate forensic action required.
SIG-816D0F01,INT-0015,FUSED-INT-0015,StandardMotorcycleSnatch,0.2,Weak Match,0.146,1,3,ROUTINE RECORD: Interaction INT-0015 exhibits low signature alignment (20%). No immediate forensic action required.
SIG-5DEB1311,INT-0016,FUSED-INT-0016,StandardMotorcycleSnatch,0.2,Weak Match,0.146,1,3,ROUTINE RECORD: Interaction INT-0016 exhibits low signature alignment (20%). No immediate forensic action required.
SIG-FA27738E,INT-0017,FUSED-INT-0017,StandardMotorcycleSnatch,0.2,Weak Match,0.146,1,3,ROUTINE RECORD: Interaction INT-0017 exhibits low signature alignment (20%). No immediate forensic action required.
SIG-F1192F9D,INT-0018,FUSED-INT-0018,StandardMotorcycleSnatch,0.2,Weak Match,0.1415,1,3,ROUTINE RECORD: Interaction INT-0018 exhibits low signature alignment (20%). No immediate forensic action required.
SIG-9249D586,INT-0019,FUSED-INT-0019,StandardMotorcycleSnatch,0.0,No Match,0.0,0,4,ROUTINE RECORD: Interaction INT-0019 exhibits low signature alignment (0%). No immediate forensic action required.
SIG-02873D35,INT-0001,FUSED-INT-0001,StandardMotorcycleSnatch,0.2,Weak Match,0.1681,1,3,ROUTINE RECORD: Interaction INT-0001 exhibits low signature alignment (20%). No immediate forensic action required.
SIG-0EB80E90,INT-0002,FUSED-INT-0002,StandardMotorcycleSnatch,0.8,High Confidence Match,0.6634,3,1,FLAGGED FOR HIGH-PRIORITY FORENSIC REVIEW: Interaction INT-0002 exhibits strong signature alignment (80%). Export forensic video clip for investigation.
SIG-EDFA7BC4,INT-0003,FUSED-INT-0003,StandardMotorcycleSnatch,0.2,Weak Match,0.1538,1,3,ROUTINE RECORD: Interaction INT-0003 exhibits low signature alignment (20%). No immediate forensic action required.
SIG-21DD9425,INT-0004,FUSED-INT-0004,StandardMotorcycleSnatch,0.2,Weak Match,0.152,1,3,ROUTINE RECORD: Interaction INT-0004 exhibits low signature alignment (20%). No immediate forensic action required.
SIG-B0ED0C70,INT-0005,FUSED-INT-0005,StandardMotorcycleSnatch,0.2,Weak Match,0.1391,1,3,ROUTINE RECORD: Interaction INT-0005 exhibits low signature alignment (20%). No immediate forensic action required.
SIG-45692AC7,INT-0006,FUSED-INT-0006,StandardMotorcycleSnatch,0.2,Weak Match,0.1461,1,3,ROUTINE RECORD: Interaction INT-0006 exhibits low signature alignment (20%). No immediate forensic action required.
SIG-D0F9B6F2,INT-0007,FUSED-INT-0007,StandardMotorcycleSnatch,0.2,Weak Match,0.1692,1,3,ROUTINE RECORD: Interaction INT-0007 exhibits low signature alignment (20%). No immediate forensic action required.
SIG-AF1D3393,INT-0008,FUSED-INT-0008,StandardMotorcycleSnatch,0.2,Weak Match,0.1809,1,3,ROUTINE RECORD: Interaction INT-0008 exhibits low signature alignment (20%). No immediate forensic action required.
SIG-7A48208F,INT-0009,FUSED-INT-0009,StandardMotorcycleSnatch,0.2,Weak Match,0.1457,1,3,ROUTINE RECORD: Interaction INT-0009 exhibits low signature alignment (20%). No immediate forensic action required.
SIG-DECC72CA,INT-0010,FUSED-INT-0010,StandardMotorcycleSnatch,0.2,Weak Match,0.147,1,3,ROUTINE RECORD: Interaction INT-0010 exhibits low signature alignment (20%). No immediate forensic action required.
SIG-DE019F69,INT-0011,FUSED-INT-0011,StandardMotorcycleSnatch,0.2,Weak Match,0.148,1,3,ROUTINE RECORD: Interaction INT-0011 exhibits low signature alignment (20%). No immediate forensic action required.
SIG-ADA54636,INT-0012,FUSED-INT-0012,StandardMotorcycleSnatch,0.2,Weak Match,0.148,1,3,ROUTINE RECORD: Interaction INT-0012 exhibits low signature alignment (20%). No immediate forensic action required.
SIG-92C8F716,INT-0013,FUSED-INT-0013,StandardMotorcycleSnatch,0.2,Weak Match,0.148,1,3,ROUTINE RECORD: Interaction INT-0013 exhibits low signature alignment (20%). No immediate forensic action required.
SIG-DC2B6086,INT-0014,FUSED-INT-0014,StandardMotorcycleSnatch,0.2,Weak Match,0.146,1,3,ROUTINE RECORD: Interaction INT-0014 exhibits low signature alignment (20%). No immediate forensic action required.
SIG-2E0FD03B,INT-0015,FUSED-INT-0015,StandardMotorcycleSnatch,0.2,Weak Match,0.146,1,3,ROUTINE RECORD: Interaction INT-0015 exhibits low signature alignment (20%). No immediate forensic action required.
SIG-77B56E36,INT-0016,FUSED-INT-0016,StandardMotorcycleSnatch,0.2,Weak Match,0.146,1,3,ROUTINE RECORD: Interaction INT-0016 exhibits low signature alignment (20%). No immediate forensic action required.
SIG-DBC954D6,INT-0017,FUSED-INT-0017,StandardMotorcycleSnatch,0.2,Weak Match,0.146,1,3,ROUTINE RECORD: Interaction INT-0017 exhibits low signature alignment (20%). No immediate forensic action required.
SIG-755C1CB0,INT-0018,FUSED-INT-0018,StandardMotorcycleSnatch,0.4,Weak Match,0.2831,2,2,ROUTINE RECORD: Interaction INT-0018 exhibits low signature alignment (40%). No immediate forensic action required.
SIG-78126AD4,INT-0019,FUSED-INT-0019,StandardMotorcycleSnatch,0.2,Weak Match,0.169,1,3,ROUTINE RECORD: Interaction INT-0019 exhibits low signature alignment (20%). No immediate forensic action required.
SIG-2618AC03,INT-0001,FUSED-INT-0001,StandardMotorcycleSnatch,0.2,Weak Match,0.1681,1,3,ROUTINE RECORD: Interaction INT-0001 exhibits low signature alignment (20%). No immediate forensic action required.
SIG-CB8ADF9F,INT-0002,FUSED-INT-0002,StandardMotorcycleSnatch,0.8,High Confidence Match,0.6634,3,1,FLAGGED FOR HIGH-PRIORITY FORENSIC REVIEW: Interaction INT-0002 exhibits strong signature alignment (80%). Export forensic video clip for investigation.
SIG-7EAAE7C2,INT-0003,FUSED-INT-0003,StandardMotorcycleSnatch,0.2,Weak Match,0.1538,1,3,ROUTINE RECORD: Interaction INT-0003 exhibits low signature alignment (20%). No immediate forensic action required.
SIG-F681183F,INT-0004,FUSED-INT-0004,StandardMotorcycleSnatch,0.2,Weak Match,0.152,1,3,ROUTINE RECORD: Interaction INT-0004 exhibits low signature alignment (20%). No immediate forensic action required.
SIG-CF5691DB,INT-0005,FUSED-INT-0005,StandardMotorcycleSnatch,0.2,Weak Match,0.1391,1,3,ROUTINE RECORD: Interaction INT-0005 exhibits low signature alignment (20%). No immediate forensic action required.
SIG-C860525A,INT-0006,FUSED-INT-0006,StandardMotorcycleSnatch,0.2,Weak Match,0.1461,1,3,ROUTINE RECORD: Interaction INT-0006 exhibits low signature alignment (20%). No immediate forensic action required.
SIG-EFF73103,INT-0007,FUSED-INT-0007,StandardMotorcycleSnatch,0.2,Weak Match,0.1692,1,3,ROUTINE RECORD: Interaction INT-0007 exhibits low signature alignment (20%). No immediate forensic action required.
SIG-99F04A74,INT-0008,FUSED-INT-0008,StandardMotorcycleSnatch,0.2,Weak Match,0.1809,1,3,ROUTINE RECORD: Interaction INT-0008 exhibits low signature alignment (20%). No immediate forensic action required.
SIG-97045854,INT-0009,FUSED-INT-0009,StandardMotorcycleSnatch,0.2,Weak Match,0.1457,1,3,ROUTINE RECORD: Interaction INT-0009 exhibits low signature alignment (20%). No immediate forensic action required.
SIG-AE5E83D1,INT-0010,FUSED-INT-0010,StandardMotorcycleSnatch,0.2,Weak Match,0.147,1,3,ROUTINE RECORD: Interaction INT-0010 exhibits low signature alignment (20%). No immediate forensic action required.
SIG-DB070E38,INT-0011,FUSED-INT-0011,StandardMotorcycleSnatch,0.2,Weak Match,0.148,1,3,ROUTINE RECORD: Interaction INT-0011 exhibits low signature alignment (20%). No immediate forensic action required.
SIG-41D80529,INT-0012,FUSED-INT-0012,StandardMotorcycleSnatch,0.2,Weak Match,0.148,1,3,ROUTINE RECORD: Interaction INT-0012 exhibits low signature alignment (20%). No immediate forensic action required.
SIG-ABB75E34,INT-0013,FUSED-INT-0013,StandardMotorcycleSnatch,0.2,Weak Match,0.148,1,3,ROUTINE RECORD: Interaction INT-0013 exhibits low signature alignment (20%). No immediate forensic action required.
SIG-0CC21A62,INT-0014,FUSED-INT-0014,StandardMotorcycleSnatch,0.2,Weak Match,0.146,1,3,ROUTINE RECORD: Interaction INT-0014 exhibits low signature alignment (20%). No immediate forensic action required.
SIG-8CD9296C,INT-0015,FUSED-INT-0015,StandardMotorcycleSnatch,0.2,Weak Match,0.146,1,3,ROUTINE RECORD: Interaction INT-0015 exhibits low signature alignment (20%). No immediate forensic action required.
SIG-28EF5FAD,INT-0016,FUSED-INT-0016,StandardMotorcycleSnatch,0.2,Weak Match,0.146,1,3,ROUTINE RECORD: Interaction INT-0016 exhibits low signature alignment (20%). No immediate forensic action required.
SIG-D70485FC,INT-0017,FUSED-INT-0017,StandardMotorcycleSnatch,0.2,Weak Match,0.146,1,3,ROUTINE RECORD: Interaction INT-0017 exhibits low signature alignment (20%). No immediate forensic action required.
SIG-FA994BE9,INT-0018,FUSED-INT-0018,StandardMotorcycleSnatch,0.2,Weak Match,0.1415,1,3,ROUTINE RECORD: Interaction INT-0018 exhibits low signature alignment (20%). No immediate forensic action required.
SIG-28C5A0BF,INT-0019,FUSED-INT-0019,StandardMotorcycleSnatch,0.2,Weak Match,0.1696,1,3,ROUTINE RECORD: Interaction INT-0019 exhibits low signature alignment (20%). No immediate forensic action required.
SIG-65F32BBE,INT-0001,FUSED-INT-0001,StandardMotorcycleSnatch,0.2,Weak Match,0.1681,1,3,ROUTINE RECORD: Interaction INT-0001 exhibits low signature alignment (20%). No immediate forensic action required.
SIG-25C231A2,INT-0002,FUSED-INT-0002,StandardMotorcycleSnatch,0.8,High Confidence Match,0.6634,3,1,FLAGGED FOR HIGH-PRIORITY FORENSIC REVIEW: Interaction INT-0002 exhibits strong signature alignment (80%). Export forensic video clip for investigation.
SIG-826BBF1B,INT-0003,FUSED-INT-0003,StandardMotorcycleSnatch,0.2,Weak Match,0.1538,1,3,ROUTINE RECORD: Interaction INT-0003 exhibits low signature alignment (20%). No immediate forensic action required.
SIG-D1D1EEEA,INT-0004,FUSED-INT-0004,StandardMotorcycleSnatch,0.2,Weak Match,0.152,1,3,ROUTINE RECORD: Interaction INT-0004 exhibits low signature alignment (20%). No immediate forensic action required.
SIG-DFA74149,INT-0005,FUSED-INT-0005,StandardMotorcycleSnatch,0.2,Weak Match,0.1391,1,3,ROUTINE RECORD: Interaction INT-0005 exhibits low signature alignment (20%). No immediate forensic action required.
SIG-1C47B1D3,INT-0006,FUSED-INT-0006,StandardMotorcycleSnatch,0.2,Weak Match,0.1461,1,3,ROUTINE RECORD: Interaction INT-0006 exhibits low signature alignment (20%). No immediate forensic action required.
SIG-AFE2B532,INT-0007,FUSED-INT-0007,StandardMotorcycleSnatch,0.2,Weak Match,0.1692,1,3,ROUTINE RECORD: Interaction INT-0007 exhibits low signature alignment (20%). No immediate forensic action required.
SIG-07E3A358,INT-0008,FUSED-INT-0008,StandardMotorcycleSnatch,0.2,Weak Match,0.1809,1,3,ROUTINE RECORD: Interaction INT-0008 exhibits low signature alignment (20%). No immediate forensic action required.
SIG-22FB88E6,INT-0009,FUSED-INT-0009,StandardMotorcycleSnatch,0.2,Weak Match,0.1457,1,3,ROUTINE RECORD: Interaction INT-0009 exhibits low signature alignment (20%). No immediate forensic action required.
SIG-640477A1,INT-0010,FUSED-INT-0010,StandardMotorcycleSnatch,0.2,Weak Match,0.147,1,3,ROUTINE RECORD: Interaction INT-0010 exhibits low signature alignment (20%). No immediate forensic action required.
SIG-E7765D3B,INT-0011,FUSED-INT-0011,StandardMotorcycleSnatch,0.2,Weak Match,0.148,1,3,ROUTINE RECORD: Interaction INT-0011 exhibits low signature alignment (20%). No immediate forensic action required.
SIG-8DBF3DAF,INT-0012,FUSED-INT-0012,StandardMotorcycleSnatch,0.2,Weak Match,0.148,1,3,ROUTINE RECORD: Interaction INT-0012 exhibits low signature alignment (20%). No immediate forensic action required.
SIG-F5678C01,INT-0013,FUSED-INT-0013,StandardMotorcycleSnatch,0.2,Weak Match,0.148,1,3,ROUTINE RECORD: Interaction INT-0013 exhibits low signature alignment (20%). No immediate forensic action required.
SIG-51AA748B,INT-0014,FUSED-INT-0014,StandardMotorcycleSnatch,0.2,Weak Match,0.146,1,3,ROUTINE RECORD: Interaction INT-0014 exhibits low signature alignment (20%). No immediate forensic action required.
SIG-E9EA19F2,INT-0015,FUSED-INT-0015,StandardMotorcycleSnatch,0.2,Weak Match,0.146,1,3,ROUTINE RECORD: Interaction INT-0015 exhibits low signature alignment (20%). No immediate forensic action required.
SIG-3B70140A,INT-0016,FUSED-INT-0016,StandardMotorcycleSnatch,0.2,Weak Match,0.146,1,3,ROUTINE RECORD: Interaction INT-0016 exhibits low signature alignment (20%). No immediate forensic action required.
SIG-3D9A2FF2,INT-0017,FUSED-INT-0017,StandardMotorcycleSnatch,0.2,Weak Match,0.146,1,3,ROUTINE RECORD: Interaction INT-0017 exhibits low signature alignment (20%). No immediate forensic action required.
SIG-F44908BB,INT-0018,FUSED-INT-0018,StandardMotorcycleSnatch,0.2,Weak Match,0.1415,1,3,ROUTINE RECORD: Interaction INT-0018 exhibits low signature alignment (20%). No immediate forensic action required.
SIG-FD3891BC,INT-0019,FUSED-INT-0019,StandardMotorcycleSnatch,0.2,Weak Match,0.1693,1,3,ROUTINE RECORD: Interaction INT-0019 exhibits low signature alignment (20%). No immediate forensic action required.
SIG-6C9CE81E,INT-0001,FUSED-INT-0001,StandardMotorcycleSnatch,0.2,Weak Match,0.1681,1,3,ROUTINE RECORD: Interaction INT-0001 exhibits low signature alignment (20%). No immediate forensic action required.
SIG-79207EEE,INT-0002,FUSED-INT-0002,StandardMotorcycleSnatch,0.8,High Confidence Match,0.6634,3,1,FLAGGED FOR HIGH-PRIORITY FORENSIC REVIEW: Interaction INT-0002 exhibits strong signature alignment (80%). Export forensic video clip for investigation.
SIG-59427F49,INT-0003,FUSED-INT-0003,StandardMotorcycleSnatch,0.2,Weak Match,0.1538,1,3,ROUTINE RECORD: Interaction INT-0003 exhibits low signature alignment (20%). No immediate forensic action required.
SIG-B0A1C26A,INT-0004,FUSED-INT-0004,StandardMotorcycleSnatch,0.2,Weak Match,0.1519,1,3,ROUTINE RECORD: Interaction INT-0004 exhibits low signature alignment (20%). No immediate forensic action required.
SIG-1AF5C571,INT-0005,FUSED-INT-0005,StandardMotorcycleSnatch,0.2,Weak Match,0.1391,1,3,ROUTINE RECORD: Interaction INT-0005 exhibits low signature alignment (20%). No immediate forensic action required.
SIG-96C02A29,INT-0006,FUSED-INT-0006,StandardMotorcycleSnatch,0.2,Weak Match,0.1461,1,3,ROUTINE RECORD: Interaction INT-0006 exhibits low signature alignment (20%). No immediate forensic action required.
SIG-E79A9694,INT-0007,FUSED-INT-0007,StandardMotorcycleSnatch,0.2,Weak Match,0.1692,1,3,ROUTINE RECORD: Interaction INT-0007 exhibits low signature alignment (20%). No immediate forensic action required.
SIG-EE30453B,INT-0008,FUSED-INT-0008,StandardMotorcycleSnatch,0.2,Weak Match,0.1809,1,3,ROUTINE RECORD: Interaction INT-0008 exhibits low signature alignment (20%). No immediate forensic action required.
SIG-495285AF,INT-0009,FUSED-INT-0009,StandardMotorcycleSnatch,0.2,Weak Match,0.1457,1,3,ROUTINE RECORD: Interaction INT-0009 exhibits low signature alignment (20%). No immediate forensic action required.
SIG-DD371901,INT-0010,FUSED-INT-0010,StandardMotorcycleSnatch,0.2,Weak Match,0.147,1,3,ROUTINE RECORD: Interaction INT-0010 exhibits low signature alignment (20%). No immediate forensic action required.
SIG-4EAC6E40,INT-0011,FUSED-INT-0011,StandardMotorcycleSnatch,0.2,Weak Match,0.148,1,3,ROUTINE RECORD: Interaction INT-0011 exhibits low signature alignment (20%). No immediate forensic action required.
SIG-722CCD83,INT-0012,FUSED-INT-0012,StandardMotorcycleSnatch,0.2,Weak Match,0.148,1,3,ROUTINE RECORD: Interaction INT-0012 exhibits low signature alignment (20%). No immediate forensic action required.
SIG-1510E360,INT-0013,FUSED-INT-0013,StandardMotorcycleSnatch,0.2,Weak Match,0.148,1,3,ROUTINE RECORD: Interaction INT-0013 exhibits low signature alignment (20%). No immediate forensic action required.
SIG-3B6ABDE1,INT-0014,FUSED-INT-0014,StandardMotorcycleSnatch,0.2,Weak Match,0.146,1,3,ROUTINE RECORD: Interaction INT-0014 exhibits low signature alignment (20%). No immediate forensic action required.
SIG-ED7D597D,INT-0015,FUSED-INT-0015,StandardMotorcycleSnatch,0.2,Weak Match,0.146,1,3,ROUTINE RECORD: Interaction INT-0015 exhibits low signature alignment (20%). No immediate forensic action required.
SIG-97EF804D,INT-0016,FUSED-INT-0016,StandardMotorcycleSnatch,0.2,Weak Match,0.146,1,3,ROUTINE RECORD: Interaction INT-0016 exhibits low signature alignment (20%). No immediate forensic action required.
SIG-26D0A1A1,INT-0017,FUSED-INT-0017,StandardMotorcycleSnatch,0.2,Weak Match,0.146,1,3,ROUTINE RECORD: Interaction INT-0017 exhibits low signature alignment (20%). No immediate forensic action required.
SIG-A0D10A39,INT-0018,FUSED-INT-0018,StandardMotorcycleSnatch,0.2,Weak Match,0.1415,1,3,ROUTINE RECORD: Interaction INT-0018 exhibits low signature alignment (20%). No immediate forensic action required.
SIG-0B9A53A5,INT-0019,FUSED-INT-0019,StandardMotorcycleSnatch,0.4,Weak Match,0.3356,2,2,ROUTINE RECORD: Interaction INT-0019 exhibits low signature alignment (40%). No immediate forensic action required.
SIG-74153635,INT-0001,FUSED-INT-0001,StandardMotorcycleSnatch,0.2,Weak Match,0.1681,1,3,ROUTINE RECORD: Interaction INT-0001 exhibits low signature alignment (20%). No immediate forensic action required.
SIG-4C4D7483,INT-0002,FUSED-INT-0002,StandardMotorcycleSnatch,0.8,High Confidence Match,0.6634,3,1,FLAGGED FOR HIGH-PRIORITY FORENSIC REVIEW: Interaction INT-0002 exhibits strong signature alignment (80%). Export forensic video clip for investigation.
SIG-CC30B629,INT-0003,FUSED-INT-0003,StandardMotorcycleSnatch,0.2,Weak Match,0.1538,1,3,ROUTINE RECORD: Interaction INT-0003 exhibits low signature alignment (20%). No immediate forensic action required.
SIG-50C6AB5A,INT-0004,FUSED-INT-0004,StandardMotorcycleSnatch,0.2,Weak Match,0.1519,1,3,ROUTINE RECORD: Interaction INT-0004 exhibits low signature alignment (20%). No immediate forensic action required.
SIG-B4FFC364,INT-0005,FUSED-INT-0005,StandardMotorcycleSnatch,0.2,Weak Match,0.1391,1,3,ROUTINE RECORD: Interaction INT-0005 exhibits low signature alignment (20%). No immediate forensic action required.
SIG-6E72F954,INT-0006,FUSED-INT-0006,StandardMotorcycleSnatch,0.2,Weak Match,0.1461,1,3,ROUTINE RECORD: Interaction INT-0006 exhibits low signature alignment (20%). No immediate forensic action required.
SIG-CE98A1A8,INT-0007,FUSED-INT-0007,StandardMotorcycleSnatch,0.2,Weak Match,0.1692,1,3,ROUTINE RECORD: Interaction INT-0007 exhibits low signature alignment (20%). No immediate forensic action required.
SIG-F288712E,INT-0008,FUSED-INT-0008,StandardMotorcycleSnatch,0.2,Weak Match,0.1809,1,3,ROUTINE RECORD: Interaction INT-0008 exhibits low signature alignment (20%). No immediate forensic action required.
SIG-0EB4AE24,INT-0009,FUSED-INT-0009,StandardMotorcycleSnatch,0.2,Weak Match,0.1457,1,3,ROUTINE RECORD: Interaction INT-0009 exhibits low signature alignment (20%). No immediate forensic action required.
SIG-54673A4B,INT-0010,FUSED-INT-0010,StandardMotorcycleSnatch,0.2,Weak Match,0.147,1,3,ROUTINE RECORD: Interaction INT-0010 exhibits low signature alignment (20%). No immediate forensic action required.
SIG-5A6B5065,INT-0011,FUSED-INT-0011,StandardMotorcycleSnatch,0.2,Weak Match,0.148,1,3,ROUTINE RECORD: Interaction INT-0011 exhibits low signature alignment (20%). No immediate forensic action required.
SIG-92F731CB,INT-0012,FUSED-INT-0012,StandardMotorcycleSnatch,0.2,Weak Match,0.148,1,3,ROUTINE RECORD: Interaction INT-0012 exhibits low signature alignment (20%). No immediate forensic action required.
SIG-97ABD041,INT-0013,FUSED-INT-0013,StandardMotorcycleSnatch,0.2,Weak Match,0.148,1,3,ROUTINE RECORD: Interaction INT-0013 exhibits low signature alignment (20%). No immediate forensic action required.
SIG-33784BAA,INT-0014,FUSED-INT-0014,StandardMotorcycleSnatch,0.2,Weak Match,0.146,1,3,ROUTINE RECORD: Interaction INT-0014 exhibits low signature alignment (20%). No immediate forensic action required.
SIG-2AC29497,INT-0015,FUSED-INT-0015,StandardMotorcycleSnatch,0.2,Weak Match,0.146,1,3,ROUTINE RECORD: Interaction INT-0015 exhibits low signature alignment (20%). No immediate forensic action required.
SIG-B229FCA7,INT-0016,FUSED-INT-0016,StandardMotorcycleSnatch,0.2,Weak Match,0.146,1,3,ROUTINE RECORD: Interaction INT-0016 exhibits low signature alignment (20%). No immediate forensic action required.
SIG-24D534FD,INT-0017,FUSED-INT-0017,StandardMotorcycleSnatch,0.2,Weak Match,0.146,1,3,ROUTINE RECORD: Interaction INT-0017 exhibits low signature alignment (20%). No immediate forensic action required.
SIG-CE61DB84,INT-0018,FUSED-INT-0018,StandardMotorcycleSnatch,0.2,Weak Match,0.1415,1,3,ROUTINE RECORD: Interaction INT-0018 exhibits low signature alignment (20%). No immediate forensic action required.
SIG-62B2F819,INT-0019,FUSED-INT-0019,StandardMotorcycleSnatch,0.4,Weak Match,0.3324,2,2,ROUTINE RECORD: Interaction INT-0019 exhibits low signature alignment (40%). No immediate forensic action required.
SIG-2D34B2A0,INT-0001,FUSED-INT-0001,StandardMotorcycleSnatch,0.2,Weak Match,0.1681,1,3,ROUTINE RECORD: Interaction INT-0001 exhibits low signature alignment (20%). No immediate forensic action required.
SIG-6748B124,INT-0002,FUSED-INT-0002,StandardMotorcycleSnatch,0.8,High Confidence Match,0.6634,3,1,FLAGGED FOR HIGH-PRIORITY FORENSIC REVIEW: Interaction INT-0002 exhibits strong signature alignment (80%). Export forensic video clip for investigation.
SIG-070E1267,INT-0003,FUSED-INT-0003,StandardMotorcycleSnatch,0.2,Weak Match,0.1538,1,3,ROUTINE RECORD: Interaction INT-0003 exhibits low signature alignment (20%). No immediate forensic action required.
SIG-741E60FA,INT-0004,FUSED-INT-0004,StandardMotorcycleSnatch,0.2,Weak Match,0.1519,1,3,ROUTINE RECORD: Interaction INT-0004 exhibits low signature alignment (20%). No immediate forensic action required.
SIG-FCD348F9,INT-0005,FUSED-INT-0005,StandardMotorcycleSnatch,0.2,Weak Match,0.1391,1,3,ROUTINE RECORD: Interaction INT-0005 exhibits low signature alignment (20%). No immediate forensic action required.
SIG-5B5A00FB,INT-0006,FUSED-INT-0006,StandardMotorcycleSnatch,0.2,Weak Match,0.1461,1,3,ROUTINE RECORD: Interaction INT-0006 exhibits low signature alignment (20%). No immediate forensic action required.
SIG-803CDC2F,INT-0007,FUSED-INT-0007,StandardMotorcycleSnatch,0.2,Weak Match,0.1692,1,3,ROUTINE RECORD: Interaction INT-0007 exhibits low signature alignment (20%). No immediate forensic action required.
SIG-9ABA67E3,INT-0008,FUSED-INT-0008,StandardMotorcycleSnatch,0.2,Weak Match,0.1809,1,3,ROUTINE RECORD: Interaction INT-0008 exhibits low signature alignment (20%). No immediate forensic action required.
SIG-8DB9FA7E,INT-0009,FUSED-INT-0009,StandardMotorcycleSnatch,0.2,Weak Match,0.1457,1,3,ROUTINE RECORD: Interaction INT-0009 exhibits low signature alignment (20%). No immediate forensic action required.
SIG-6BD31135,INT-0010,FUSED-INT-0010,StandardMotorcycleSnatch,0.2,Weak Match,0.147,1,3,ROUTINE RECORD: Interaction INT-0010 exhibits low signature alignment (20%). No immediate forensic action required.
SIG-C5E86729,INT-0011,FUSED-INT-0011,StandardMotorcycleSnatch,0.2,Weak Match,0.148,1,3,ROUTINE RECORD: Interaction INT-0011 exhibits low signature alignment (20%). No immediate forensic action required.
SIG-4E7F9993,INT-0012,FUSED-INT-0012,StandardMotorcycleSnatch,0.2,Weak Match,0.148,1,3,ROUTINE RECORD: Interaction INT-0012 exhibits low signature alignment (20%). No immediate forensic action required.
SIG-A3DD8B1C,INT-0013,FUSED-INT-0013,StandardMotorcycleSnatch,0.2,Weak Match,0.148,1,3,ROUTINE RECORD: Interaction INT-0013 exhibits low signature alignment (20%). No immediate forensic action required.
SIG-22E28968,INT-0014,FUSED-INT-0014,StandardMotorcycleSnatch,0.2,Weak Match,0.146,1,3,ROUTINE RECORD: Interaction INT-0014 exhibits low signature alignment (20%). No immediate forensic action required.
SIG-722C7608,INT-0015,FUSED-INT-0015,StandardMotorcycleSnatch,0.2,Weak Match,0.146,1,3,ROUTINE RECORD: Interaction INT-0015 exhibits low signature alignment (20%). No immediate forensic action required.
SIG-AF0AA9DA,INT-0016,FUSED-INT-0016,StandardMotorcycleSnatch,0.2,Weak Match,0.146,1,3,ROUTINE RECORD: Interaction INT-0016 exhibits low signature alignment (20%). No immediate forensic action required.
SIG-6D96BF4E,INT-0017,FUSED-INT-0017,StandardMotorcycleSnatch,0.2,Weak Match,0.146,1,3,ROUTINE RECORD: Interaction INT-0017 exhibits low signature alignment (20%). No immediate forensic action required.
SIG-E1FA8C93,INT-0018,FUSED-INT-0018,StandardMotorcycleSnatch,0.2,Weak Match,0.1415,1,3,ROUTINE RECORD: Interaction INT-0018 exhibits low signature alignment (20%). No immediate forensic action required.
SIG-8AA4B985,INT-0019,FUSED-INT-0019,StandardMotorcycleSnatch,0.2,Weak Match,0.1627,1,3,ROUTINE RECORD: Interaction INT-0019 exhibits low signature alignment (20%). No immediate forensic action required.
SIG-AF39BDC4,INT-0001,FUSED-INT-0001,StandardMotorcycleSnatch,0.2,Weak Match,0.1681,1,3,ROUTINE RECORD: Interaction INT-0001 exhibits low signature alignment (20%). No immediate forensic action required.
SIG-E12187D5,INT-0002,FUSED-INT-0002,StandardMotorcycleSnatch,0.8,High Confidence Match,0.6634,3,1,FLAGGED FOR HIGH-PRIORITY FORENSIC REVIEW: Interaction INT-0002 exhibits strong signature alignment (80%). Export forensic video clip for investigation.
SIG-F93D172F,INT-0003,FUSED-INT-0003,StandardMotorcycleSnatch,0.2,Weak Match,0.1538,1,3,ROUTINE RECORD: Interaction INT-0003 exhibits low signature alignment (20%). No immediate forensic action required.
SIG-83C3CAC8,INT-0004,FUSED-INT-0004,StandardMotorcycleSnatch,0.2,Weak Match,0.1519,1,3,ROUTINE RECORD: Interaction INT-0004 exhibits low signature alignment (20%). No immediate forensic action required.
SIG-663E67DF,INT-0005,FUSED-INT-0005,StandardMotorcycleSnatch,0.2,Weak Match,0.1391,1,3,ROUTINE RECORD: Interaction INT-0005 exhibits low signature alignment (20%). No immediate forensic action required.
SIG-E41559CF,INT-0006,FUSED-INT-0006,StandardMotorcycleSnatch,0.2,Weak Match,0.1461,1,3,ROUTINE RECORD: Interaction INT-0006 exhibits low signature alignment (20%). No immediate forensic action required.
SIG-57B8DFAA,INT-0007,FUSED-INT-0007,StandardMotorcycleSnatch,0.2,Weak Match,0.1692,1,3,ROUTINE RECORD: Interaction INT-0007 exhibits low signature alignment (20%). No immediate forensic action required.
SIG-AB1A834C,INT-0008,FUSED-INT-0008,StandardMotorcycleSnatch,0.2,Weak Match,0.1809,1,3,ROUTINE RECORD: Interaction INT-0008 exhibits low signature alignment (20%). No immediate forensic action required.
SIG-4E7BA318,INT-0009,FUSED-INT-0009,StandardMotorcycleSnatch,0.2,Weak Match,0.1457,1,3,ROUTINE RECORD: Interaction INT-0009 exhibits low signature alignment (20%). No immediate forensic action required.
SIG-C9DCFABC,INT-0010,FUSED-INT-0010,StandardMotorcycleSnatch,0.2,Weak Match,0.147,1,3,ROUTINE RECORD: Interaction INT-0010 exhibits low signature alignment (20%). No immediate forensic action required.
SIG-ED872DCC,INT-0011,FUSED-INT-0011,StandardMotorcycleSnatch,0.2,Weak Match,0.148,1,3,ROUTINE RECORD: Interaction INT-0011 exhibits low signature alignment (20%). No immediate forensic action required.
SIG-3219FDA5,INT-0012,FUSED-INT-0012,StandardMotorcycleSnatch,0.2,Weak Match,0.148,1,3,ROUTINE RECORD: Interaction INT-0012 exhibits low signature alignment (20%). No immediate forensic action required.
SIG-0CEE4EF4,INT-0013,FUSED-INT-0013,StandardMotorcycleSnatch,0.2,Weak Match,0.148,1,3,ROUTINE RECORD: Interaction INT-0013 exhibits low signature alignment (20%). No immediate forensic action required.
SIG-D3D0B080,INT-0014,FUSED-INT-0014,StandardMotorcycleSnatch,0.2,Weak Match,0.146,1,3,ROUTINE RECORD: Interaction INT-0014 exhibits low signature alignment (20%). No immediate forensic action required.
SIG-1D48D951,INT-0015,FUSED-INT-0015,StandardMotorcycleSnatch,0.2,Weak Match,0.146,1,3,ROUTINE RECORD: Interaction INT-0015 exhibits low signature alignment (20%). No immediate forensic action required.
SIG-E922DC03,INT-0016,FUSED-INT-0016,StandardMotorcycleSnatch,0.2,Weak Match,0.146,1,3,ROUTINE RECORD: Interaction INT-0016 exhibits low signature alignment (20%). No immediate forensic action required.
SIG-DA0A3726,INT-0017,FUSED-INT-0017,StandardMotorcycleSnatch,0.2,Weak Match,0.146,1,3,ROUTINE RECORD: Interaction INT-0017 exhibits low signature alignment (20%). No immediate forensic action required.
SIG-6785AF1C,INT-0018,FUSED-INT-0018,StandardMotorcycleSnatch,0.2,Weak Match,0.1415,1,3,ROUTINE RECORD: Interaction INT-0018 exhibits low signature alignment (20%). No immediate forensic action required.
SIG-06EA5A2D,INT-0019,FUSED-INT-0019,StandardMotorcycleSnatch,0.2,Weak Match,0.1629,1,3,ROUTINE RECORD: Interaction INT-0019 exhibits low signature alignment (20%). No immediate forensic action required.
SIG-E6933A2B,INT-0001,FUSED-INT-0001,StandardMotorcycleSnatch,0.2,Weak Match,0.1681,1,3,ROUTINE RECORD: Interaction INT-0001 exhibits low signature alignment (20%). No immediate forensic action required.
SIG-9D1EDB5E,INT-0002,FUSED-INT-0002,StandardMotorcycleSnatch,0.8,High Confidence Match,0.6634,3,1,FLAGGED FOR HIGH-PRIORITY FORENSIC REVIEW: Interaction INT-0002 exhibits strong signature alignment (80%). Export forensic video clip for investigation.
SIG-41FBCE53,INT-0003,FUSED-INT-0003,StandardMotorcycleSnatch,0.2,Weak Match,0.1538,1,3,ROUTINE RECORD: Interaction INT-0003 exhibits low signature alignment (20%). No immediate forensic action required.
SIG-FF2A6210,INT-0004,FUSED-INT-0004,StandardMotorcycleSnatch,0.2,Weak Match,0.1519,1,3,ROUTINE RECORD: Interaction INT-0004 exhibits low signature alignment (20%). No immediate forensic action required.
SIG-F5D43121,INT-0005,FUSED-INT-0005,StandardMotorcycleSnatch,0.2,Weak Match,0.1391,1,3,ROUTINE RECORD: Interaction INT-0005 exhibits low signature alignment (20%). No immediate forensic action required.
SIG-33589183,INT-0006,FUSED-INT-0006,StandardMotorcycleSnatch,0.2,Weak Match,0.1461,1,3,ROUTINE RECORD: Interaction INT-0006 exhibits low signature alignment (20%). No immediate forensic action required.
SIG-435262B4,INT-0007,FUSED-INT-0007,StandardMotorcycleSnatch,0.2,Weak Match,0.1692,1,3,ROUTINE RECORD: Interaction INT-0007 exhibits low signature alignment (20%). No immediate forensic action required.
SIG-295B8D0F,INT-0008,FUSED-INT-0008,StandardMotorcycleSnatch,0.2,Weak Match,0.1809,1,3,ROUTINE RECORD: Interaction INT-0008 exhibits low signature alignment (20%). No immediate forensic action required.
SIG-A04C57D0,INT-0009,FUSED-INT-0009,StandardMotorcycleSnatch,0.2,Weak Match,0.1457,1,3,ROUTINE RECORD: Interaction INT-0009 exhibits low signature alignment (20%). No immediate forensic action required.
SIG-899D54FD,INT-0010,FUSED-INT-0010,StandardMotorcycleSnatch,0.2,Weak Match,0.147,1,3,ROUTINE RECORD: Interaction INT-0010 exhibits low signature alignment (20%). No immediate forensic action required.
SIG-FD0D8389,INT-0011,FUSED-INT-0011,StandardMotorcycleSnatch,0.2,Weak Match,0.148,1,3,ROUTINE RECORD: Interaction INT-0011 exhibits low signature alignment (20%). No immediate forensic action required.
SIG-DD8548E2,INT-0012,FUSED-INT-0012,StandardMotorcycleSnatch,0.2,Weak Match,0.148,1,3,ROUTINE RECORD: Interaction INT-0012 exhibits low signature alignment (20%). No immediate forensic action required.
SIG-093E8900,INT-0013,FUSED-INT-0013,StandardMotorcycleSnatch,0.2,Weak Match,0.148,1,3,ROUTINE RECORD: Interaction INT-0013 exhibits low signature alignment (20%). No immediate forensic action required.
SIG-FF57291B,INT-0014,FUSED-INT-0014,StandardMotorcycleSnatch,0.2,Weak Match,0.146,1,3,ROUTINE RECORD: Interaction INT-0014 exhibits low signature alignment (20%). No immediate forensic action required.
SIG-75DF3802,INT-0015,FUSED-INT-0015,StandardMotorcycleSnatch,0.2,Weak Match,0.146,1,3,ROUTINE RECORD: Interaction INT-0015 exhibits low signature alignment (20%). No immediate forensic action required.
SIG-EE0DB4AF,INT-0016,FUSED-INT-0016,StandardMotorcycleSnatch,0.2,Weak Match,0.146,1,3,ROUTINE RECORD: Interaction INT-0016 exhibits low signature alignment (20%). No immediate forensic action required.
SIG-A1FEDDEA,INT-0017,FUSED-INT-0017,StandardMotorcycleSnatch,0.2,Weak Match,0.146,1,3,ROUTINE RECORD: Interaction INT-0017 exhibits low signature alignment (20%). No immediate forensic action required.
SIG-1ECA3AAD,INT-0018,FUSED-INT-0018,StandardMotorcycleSnatch,0.2,Weak Match,0.1415,1,3,ROUTINE RECORD: Interaction INT-0018 exhibits low signature alignment (20%). No immediate forensic action required.
SIG-31513A2E,INT-0019,FUSED-INT-0019,StandardMotorcycleSnatch,0.2,Weak Match,0.1593,1,3,ROUTINE RECORD: Interaction INT-0019 exhibits low signature alignment (20%). No immediate forensic action required.
SIG-33D39731,INT-0020,FUSED-INT-0020,StandardMotorcycleSnatch,0.2,Weak Match,0.144,1,3,ROUTINE RECORD: Interaction INT-0020 exhibits low signature alignment (20%). No immediate forensic action required.
SIG-50338570,INT-0001,FUSED-INT-0001,StandardMotorcycleSnatch,0.2,Weak Match,0.1681,1,3,ROUTINE RECORD: Interaction INT-0001 exhibits low signature alignment (20%). No immediate forensic action required.
SIG-B8E1EA85,INT-0002,FUSED-INT-0002,StandardMotorcycleSnatch,0.8,High Confidence Match,0.6634,3,1,FLAGGED FOR HIGH-PRIORITY FORENSIC REVIEW: Interaction INT-0002 exhibits strong signature alignment (80%). Export forensic video clip for investigation.
SIG-C1B6DA77,INT-0003,FUSED-INT-0003,StandardMotorcycleSnatch,0.2,Weak Match,0.1538,1,3,ROUTINE RECORD: Interaction INT-0003 exhibits low signature alignment (20%). No immediate forensic action required.
SIG-C764E08F,INT-0004,FUSED-INT-0004,StandardMotorcycleSnatch,0.2,Weak Match,0.1518,1,3,ROUTINE RECORD: Interaction INT-0004 exhibits low signature alignment (20%). No immediate forensic action required.
SIG-1D686789,INT-0005,FUSED-INT-0005,StandardMotorcycleSnatch,0.2,Weak Match,0.1391,1,3,ROUTINE RECORD: Interaction INT-0005 exhibits low signature alignment (20%). No immediate forensic action required.
SIG-DA188EAD,INT-0006,FUSED-INT-0006,StandardMotorcycleSnatch,0.2,Weak Match,0.1461,1,3,ROUTINE RECORD: Interaction INT-0006 exhibits low signature alignment (20%). No immediate forensic action required.
SIG-8738F5BA,INT-0007,FUSED-INT-0007,StandardMotorcycleSnatch,0.2,Weak Match,0.1692,1,3,ROUTINE RECORD: Interaction INT-0007 exhibits low signature alignment (20%). No immediate forensic action required.
SIG-1577B14C,INT-0008,FUSED-INT-0008,StandardMotorcycleSnatch,0.2,Weak Match,0.1809,1,3,ROUTINE RECORD: Interaction INT-0008 exhibits low signature alignment (20%). No immediate forensic action required.
SIG-704A2C1E,INT-0009,FUSED-INT-0009,StandardMotorcycleSnatch,0.2,Weak Match,0.1457,1,3,ROUTINE RECORD: Interaction INT-0009 exhibits low signature alignment (20%). No immediate forensic action required.
SIG-1E0E8A57,INT-0010,FUSED-INT-0010,StandardMotorcycleSnatch,0.2,Weak Match,0.147,1,3,ROUTINE RECORD: Interaction INT-0010 exhibits low signature alignment (20%). No immediate forensic action required.
SIG-DBBF42D0,INT-0011,FUSED-INT-0011,StandardMotorcycleSnatch,0.2,Weak Match,0.148,1,3,ROUTINE RECORD: Interaction INT-0011 exhibits low signature alignment (20%). No immediate forensic action required.
SIG-B69FCCD3,INT-0012,FUSED-INT-0012,StandardMotorcycleSnatch,0.2,Weak Match,0.148,1,3,ROUTINE RECORD: Interaction INT-0012 exhibits low signature alignment (20%). No immediate forensic action required.
SIG-E119DAAC,INT-0013,FUSED-INT-0013,StandardMotorcycleSnatch,0.2,Weak Match,0.148,1,3,ROUTINE RECORD: Interaction INT-0013 exhibits low signature alignment (20%). No immediate forensic action required.
SIG-70E109AA,INT-0014,FUSED-INT-0014,StandardMotorcycleSnatch,0.2,Weak Match,0.146,1,3,ROUTINE RECORD: Interaction INT-0014 exhibits low signature alignment (20%). No immediate forensic action required.
SIG-3A467D66,INT-0015,FUSED-INT-0015,StandardMotorcycleSnatch,0.2,Weak Match,0.146,1,3,ROUTINE RECORD: Interaction INT-0015 exhibits low signature alignment (20%). No immediate forensic action required.
SIG-68F40B20,INT-0016,FUSED-INT-0016,StandardMotorcycleSnatch,0.2,Weak Match,0.146,1,3,ROUTINE RECORD: Interaction INT-0016 exhibits low signature alignment (20%). No immediate forensic action required.
SIG-D9A97F97,INT-0017,FUSED-INT-0017,StandardMotorcycleSnatch,0.2,Weak Match,0.146,1,3,ROUTINE RECORD: Interaction INT-0017 exhibits low signature alignment (20%). No immediate forensic action required.
SIG-B84ED757,INT-0018,FUSED-INT-0018,StandardMotorcycleSnatch,0.2,Weak Match,0.1415,1,3,ROUTINE RECORD: Interaction INT-0018 exhibits low signature alignment (20%). No immediate forensic action required.
SIG-9CAF4B35,INT-0019,FUSED-INT-0019,StandardMotorcycleSnatch,0.2,Weak Match,0.1564,1,3,ROUTINE RECORD: Interaction INT-0019 exhibits low signature alignment (20%). No immediate forensic action required.
SIG-1B5DA0C0,INT-0020,FUSED-INT-0020,StandardMotorcycleSnatch,0.2,Weak Match,0.144,1,3,ROUTINE RECORD: Interaction INT-0020 exhibits low signature alignment (20%). No immediate forensic action required.
SIG-264D4794,INT-0001,FUSED-INT-0001,StandardMotorcycleSnatch,0.2,Weak Match,0.1681,1,3,ROUTINE RECORD: Interaction INT-0001 exhibits low signature alignment (20%). No immediate forensic action required.
SIG-1602A705,INT-0002,FUSED-INT-0002,StandardMotorcycleSnatch,0.8,High Confidence Match,0.6634,3,1,FLAGGED FOR HIGH-PRIORITY FORENSIC REVIEW: Interaction INT-0002 exhibits strong signature alignment (80%). Export forensic video clip for investigation.
SIG-F3636EA3,INT-0003,FUSED-INT-0003,StandardMotorcycleSnatch,0.2,Weak Match,0.1538,1,3,ROUTINE RECORD: Interaction INT-0003 exhibits low signature alignment (20%). No immediate forensic action required.
SIG-9832F9B9,INT-0004,FUSED-INT-0004,StandardMotorcycleSnatch,0.2,Weak Match,0.1518,1,3,ROUTINE RECORD: Interaction INT-0004 exhibits low signature alignment (20%). No immediate forensic action required.
SIG-8426BE8F,INT-0005,FUSED-INT-0005,StandardMotorcycleSnatch,0.2,Weak Match,0.1391,1,3,ROUTINE RECORD: Interaction INT-0005 exhibits low signature alignment (20%). No immediate forensic action required.
SIG-ECB1983C,INT-0006,FUSED-INT-0006,StandardMotorcycleSnatch,0.2,Weak Match,0.1461,1,3,ROUTINE RECORD: Interaction INT-0006 exhibits low signature alignment (20%). No immediate forensic action required.
SIG-A979FF33,INT-0007,FUSED-INT-0007,StandardMotorcycleSnatch,0.2,Weak Match,0.1692,1,3,ROUTINE RECORD: Interaction INT-0007 exhibits low signature alignment (20%). No immediate forensic action required.
SIG-CE8B85D3,INT-0008,FUSED-INT-0008,StandardMotorcycleSnatch,0.2,Weak Match,0.1809,1,3,ROUTINE RECORD: Interaction INT-0008 exhibits low signature alignment (20%). No immediate forensic action required.
SIG-3968C7A2,INT-0009,FUSED-INT-0009,StandardMotorcycleSnatch,0.2,Weak Match,0.1457,1,3,ROUTINE RECORD: Interaction INT-0009 exhibits low signature alignment (20%). No immediate forensic action required.
SIG-470A34C1,INT-0010,FUSED-INT-0010,StandardMotorcycleSnatch,0.2,Weak Match,0.147,1,3,ROUTINE RECORD: Interaction INT-0010 exhibits low signature alignment (20%). No immediate forensic action required.
SIG-D11384D9,INT-0011,FUSED-INT-0011,StandardMotorcycleSnatch,0.2,Weak Match,0.148,1,3,ROUTINE RECORD: Interaction INT-0011 exhibits low signature alignment (20%). No immediate forensic action required.
SIG-8328962D,INT-0012,FUSED-INT-0012,StandardMotorcycleSnatch,0.2,Weak Match,0.148,1,3,ROUTINE RECORD: Interaction INT-0012 exhibits low signature alignment (20%). No immediate forensic action required.
SIG-22B2B01B,INT-0013,FUSED-INT-0013,StandardMotorcycleSnatch,0.2,Weak Match,0.148,1,3,ROUTINE RECORD: Interaction INT-0013 exhibits low signature alignment (20%). No immediate forensic action required.
SIG-767F4B58,INT-0014,FUSED-INT-0014,StandardMotorcycleSnatch,0.2,Weak Match,0.146,1,3,ROUTINE RECORD: Interaction INT-0014 exhibits low signature alignment (20%). No immediate forensic action required.
SIG-17C2844C,INT-0015,FUSED-INT-0015,StandardMotorcycleSnatch,0.2,Weak Match,0.146,1,3,ROUTINE RECORD: Interaction INT-0015 exhibits low signature alignment (20%). No immediate forensic action required.
SIG-A0E84FDA,INT-0016,FUSED-INT-0016,StandardMotorcycleSnatch,0.2,Weak Match,0.146,1,3,ROUTINE RECORD: Interaction INT-0016 exhibits low signature alignment (20%). No immediate forensic action required.
SIG-34670CAC,INT-0017,FUSED-INT-0017,StandardMotorcycleSnatch,0.2,Weak Match,0.146,1,3,ROUTINE RECORD: Interaction INT-0017 exhibits low signature alignment (20%). No immediate forensic action required.
SIG-7A9A3438,INT-0018,FUSED-INT-0018,StandardMotorcycleSnatch,0.2,Weak Match,0.1415,1,3,ROUTINE RECORD: Interaction INT-0018 exhibits low signature alignment (20%). No immediate forensic action required.
SIG-F13209F7,INT-0019,FUSED-INT-0019,StandardMotorcycleSnatch,0.2,Weak Match,0.1542,1,3,ROUTINE RECORD: Interaction INT-0019 exhibits low signature alignment (20%). No immediate forensic action required.
SIG-8147FB60,INT-0020,FUSED-INT-0020,StandardMotorcycleSnatch,0.4,Weak Match,0.2704,2,2,ROUTINE RECORD: Interaction INT-0020 exhibits low signature alignment (40%). No immediate forensic action required.
SIG-D8A3E459,INT-0001,FUSED-INT-0001,StandardMotorcycleSnatch,0.2,Weak Match,0.1681,1,3,ROUTINE RECORD: Interaction INT-0001 exhibits low signature alignment (20%). No immediate forensic action required.
SIG-2D70E84F,INT-0002,FUSED-INT-0002,StandardMotorcycleSnatch,0.8,High Confidence Match,0.6634,3,1,FLAGGED FOR HIGH-PRIORITY FORENSIC REVIEW: Interaction INT-0002 exhibits strong signature alignment (80%). Export forensic video clip for investigation.
SIG-1CA6B576,INT-0003,FUSED-INT-0003,StandardMotorcycleSnatch,0.2,Weak Match,0.1538,1,3,ROUTINE RECORD: Interaction INT-0003 exhibits low signature alignment (20%). No immediate forensic action required.
SIG-6060053D,INT-0004,FUSED-INT-0004,StandardMotorcycleSnatch,0.2,Weak Match,0.1518,1,3,ROUTINE RECORD: Interaction INT-0004 exhibits low signature alignment (20%). No immediate forensic action required.
SIG-8E85EC97,INT-0005,FUSED-INT-0005,StandardMotorcycleSnatch,0.2,Weak Match,0.1391,1,3,ROUTINE RECORD: Interaction INT-0005 exhibits low signature alignment (20%). No immediate forensic action required.
SIG-B33B93B4,INT-0006,FUSED-INT-0006,StandardMotorcycleSnatch,0.2,Weak Match,0.1461,1,3,ROUTINE RECORD: Interaction INT-0006 exhibits low signature alignment (20%). No immediate forensic action required.
SIG-5B2AE03F,INT-0007,FUSED-INT-0007,StandardMotorcycleSnatch,0.2,Weak Match,0.1692,1,3,ROUTINE RECORD: Interaction INT-0007 exhibits low signature alignment (20%). No immediate forensic action required.
SIG-857ADC59,INT-0008,FUSED-INT-0008,StandardMotorcycleSnatch,0.2,Weak Match,0.1809,1,3,ROUTINE RECORD: Interaction INT-0008 exhibits low signature alignment (20%). No immediate forensic action required.
SIG-27688161,INT-0009,FUSED-INT-0009,StandardMotorcycleSnatch,0.2,Weak Match,0.1457,1,3,ROUTINE RECORD: Interaction INT-0009 exhibits low signature alignment (20%). No immediate forensic action required.
SIG-0B15062D,INT-0010,FUSED-INT-0010,StandardMotorcycleSnatch,0.2,Weak Match,0.147,1,3,ROUTINE RECORD: Interaction INT-0010 exhibits low signature alignment (20%). No immediate forensic action required.
SIG-4ED2E34A,INT-0011,FUSED-INT-0011,StandardMotorcycleSnatch,0.2,Weak Match,0.148,1,3,ROUTINE RECORD: Interaction INT-0011 exhibits low signature alignment (20%). No immediate forensic action required.
SIG-CA21112F,INT-0012,FUSED-INT-0012,StandardMotorcycleSnatch,0.2,Weak Match,0.148,1,3,ROUTINE RECORD: Interaction INT-0012 exhibits low signature alignment (20%). No immediate forensic action required.
SIG-F48C9332,INT-0013,FUSED-INT-0013,StandardMotorcycleSnatch,0.2,Weak Match,0.148,1,3,ROUTINE RECORD: Interaction INT-0013 exhibits low signature alignment (20%). No immediate forensic action required.
SIG-90A5B499,INT-0014,FUSED-INT-0014,StandardMotorcycleSnatch,0.2,Weak Match,0.146,1,3,ROUTINE RECORD: Interaction INT-0014 exhibits low signature alignment (20%). No immediate forensic action required.
SIG-ECFBB5B2,INT-0015,FUSED-INT-0015,StandardMotorcycleSnatch,0.2,Weak Match,0.146,1,3,ROUTINE RECORD: Interaction INT-0015 exhibits low signature alignment (20%). No immediate forensic action required.
SIG-2B5090F0,INT-0016,FUSED-INT-0016,StandardMotorcycleSnatch,0.2,Weak Match,0.146,1,3,ROUTINE RECORD: Interaction INT-0016 exhibits low signature alignment (20%). No immediate forensic action required.
SIG-A857D2FF,INT-0017,FUSED-INT-0017,StandardMotorcycleSnatch,0.2,Weak Match,0.146,1,3,ROUTINE RECORD: Interaction INT-0017 exhibits low signature alignment (20%). No immediate forensic action required.
SIG-9D93D46F,INT-0018,FUSED-INT-0018,StandardMotorcycleSnatch,0.4,Weak Match,0.2831,2,2,ROUTINE RECORD: Interaction INT-0018 exhibits low signature alignment (40%). No immediate forensic action required.
SIG-0DA20CFD,INT-0019,FUSED-INT-0019,StandardMotorcycleSnatch,0.4,Weak Match,0.3084,2,2,ROUTINE RECORD: Interaction INT-0019 exhibits low signature alignment (40%). No immediate forensic action required.
SIG-7DDD31B5,INT-0020,FUSED-INT-0020,StandardMotorcycleSnatch,0.4,Weak Match,0.279,2,2,ROUTINE RECORD: Interaction INT-0020 exhibits low signature alignment (40%). No immediate forensic action required.
SIG-7EF2BF25,INT-0001,FUSED-INT-0001,StandardMotorcycleSnatch,0.2,Weak Match,0.1681,1,3,ROUTINE RECORD: Interaction INT-0001 exhibits low signature alignment (20%). No immediate forensic action required.
SIG-CC314CA1,INT-0002,FUSED-INT-0002,StandardMotorcycleSnatch,0.8,High Confidence Match,0.6634,3,1,FLAGGED FOR HIGH-PRIORITY FORENSIC REVIEW: Interaction INT-0002 exhibits strong signature alignment (80%). Export forensic video clip for investigation.
SIG-8713B260,INT-0003,FUSED-INT-0003,StandardMotorcycleSnatch,0.2,Weak Match,0.1538,1,3,ROUTINE RECORD: Interaction INT-0003 exhibits low signature alignment (20%). No immediate forensic action required.
SIG-725D4FA5,INT-0004,FUSED-INT-0004,StandardMotorcycleSnatch,0.2,Weak Match,0.1518,1,3,ROUTINE RECORD: Interaction INT-0004 exhibits low signature alignment (20%). No immediate forensic action required.
SIG-C33D6A8D,INT-0005,FUSED-INT-0005,StandardMotorcycleSnatch,0.2,Weak Match,0.1391,1,3,ROUTINE RECORD: Interaction INT-0005 exhibits low signature alignment (20%). No immediate forensic action required.
SIG-E2BC105F,INT-0006,FUSED-INT-0006,StandardMotorcycleSnatch,0.2,Weak Match,0.1461,1,3,ROUTINE RECORD: Interaction INT-0006 exhibits low signature alignment (20%). No immediate forensic action required.
SIG-0ECD20C6,INT-0007,FUSED-INT-0007,StandardMotorcycleSnatch,0.2,Weak Match,0.1692,1,3,ROUTINE RECORD: Interaction INT-0007 exhibits low signature alignment (20%). No immediate forensic action required.
SIG-F6212D3F,INT-0008,FUSED-INT-0008,StandardMotorcycleSnatch,0.2,Weak Match,0.1809,1,3,ROUTINE RECORD: Interaction INT-0008 exhibits low signature alignment (20%). No immediate forensic action required.
SIG-440D4796,INT-0009,FUSED-INT-0009,StandardMotorcycleSnatch,0.2,Weak Match,0.1457,1,3,ROUTINE RECORD: Interaction INT-0009 exhibits low signature alignment (20%). No immediate forensic action required.
SIG-647292CC,INT-0010,FUSED-INT-0010,StandardMotorcycleSnatch,0.2,Weak Match,0.147,1,3,ROUTINE RECORD: Interaction INT-0010 exhibits low signature alignment (20%). No immediate forensic action required.
SIG-1811BCAB,INT-0011,FUSED-INT-0011,StandardMotorcycleSnatch,0.2,Weak Match,0.148,1,3,ROUTINE RECORD: Interaction INT-0011 exhibits low signature alignment (20%). No immediate forensic action required.
SIG-94A3E553,INT-0012,FUSED-INT-0012,StandardMotorcycleSnatch,0.2,Weak Match,0.148,1,3,ROUTINE RECORD: Interaction INT-0012 exhibits low signature alignment (20%). No immediate forensic action required.
SIG-D1A1316E,INT-0013,FUSED-INT-0013,StandardMotorcycleSnatch,0.2,Weak Match,0.148,1,3,ROUTINE RECORD: Interaction INT-0013 exhibits low signature alignment (20%). No immediate forensic action required.
SIG-29CC6405,INT-0014,FUSED-INT-0014,StandardMotorcycleSnatch,0.2,Weak Match,0.146,1,3,ROUTINE RECORD: Interaction INT-0014 exhibits low signature alignment (20%). No immediate forensic action required.
SIG-32D274F9,INT-0015,FUSED-INT-0015,StandardMotorcycleSnatch,0.2,Weak Match,0.146,1,3,ROUTINE RECORD: Interaction INT-0015 exhibits low signature alignment (20%). No immediate forensic action required.
SIG-34C6981F,INT-0016,FUSED-INT-0016,StandardMotorcycleSnatch,0.2,Weak Match,0.146,1,3,ROUTINE RECORD: Interaction INT-0016 exhibits low signature alignment (20%). No immediate forensic action required.
SIG-CA48D599,INT-0017,FUSED-INT-0017,StandardMotorcycleSnatch,0.2,Weak Match,0.146,1,3,ROUTINE RECORD: Interaction INT-0017 exhibits low signature alignment (20%). No immediate forensic action required.
SIG-F0AA72EA,INT-0018,FUSED-INT-0018,StandardMotorcycleSnatch,0.4,Weak Match,0.2831,2,2,ROUTINE RECORD: Interaction INT-0018 exhibits low signature alignment (40%). No immediate forensic action required.
SIG-2E586C6E,INT-0019,FUSED-INT-0019,StandardMotorcycleSnatch,0.4,Weak Match,0.3084,2,2,ROUTINE RECORD: Interaction INT-0019 exhibits low signature alignment (40%). No immediate forensic action required.
SIG-3F5C3B32,INT-0020,FUSED-INT-0020,StandardMotorcycleSnatch,0.4,Weak Match,0.2794,2,2,ROUTINE RECORD: Interaction INT-0020 exhibits low signature alignment (40%). No immediate forensic action required.
SIG-323BB93A,INT-0001,FUSED-INT-0001,StandardMotorcycleSnatch,0.2,Weak Match,0.1681,1,3,ROUTINE RECORD: Interaction INT-0001 exhibits low signature alignment (20%). No immediate forensic action required.
SIG-5686B9DA,INT-0002,FUSED-INT-0002,StandardMotorcycleSnatch,0.8,High Confidence Match,0.6634,3,1,FLAGGED FOR HIGH-PRIORITY FORENSIC REVIEW: Interaction INT-0002 exhibits strong signature alignment (80%). Export forensic video clip for investigation.
SIG-AFD7DA85,INT-0003,FUSED-INT-0003,StandardMotorcycleSnatch,0.2,Weak Match,0.1538,1,3,ROUTINE RECORD: Interaction INT-0003 exhibits low signature alignment (20%). No immediate forensic action required.
SIG-AA0191CC,INT-0004,FUSED-INT-0004,StandardMotorcycleSnatch,0.2,Weak Match,0.1517,1,3,ROUTINE RECORD: Interaction INT-0004 exhibits low signature alignment (20%). No immediate forensic action required.
SIG-2A394FDE,INT-0005,FUSED-INT-0005,StandardMotorcycleSnatch,0.2,Weak Match,0.1391,1,3,ROUTINE RECORD: Interaction INT-0005 exhibits low signature alignment (20%). No immediate forensic action required.
SIG-FC8E3B39,INT-0006,FUSED-INT-0006,StandardMotorcycleSnatch,0.2,Weak Match,0.1461,1,3,ROUTINE RECORD: Interaction INT-0006 exhibits low signature alignment (20%). No immediate forensic action required.
SIG-D0D25958,INT-0007,FUSED-INT-0007,StandardMotorcycleSnatch,0.2,Weak Match,0.1692,1,3,ROUTINE RECORD: Interaction INT-0007 exhibits low signature alignment (20%). No immediate forensic action required.
SIG-BF7CDB72,INT-0008,FUSED-INT-0008,StandardMotorcycleSnatch,0.2,Weak Match,0.1809,1,3,ROUTINE RECORD: Interaction INT-0008 exhibits low signature alignment (20%). No immediate forensic action required.
SIG-F43B011B,INT-0009,FUSED-INT-0009,StandardMotorcycleSnatch,0.2,Weak Match,0.1457,1,3,ROUTINE RECORD: Interaction INT-0009 exhibits low signature alignment (20%). No immediate forensic action required.
SIG-E5B18863,INT-0010,FUSED-INT-0010,StandardMotorcycleSnatch,0.2,Weak Match,0.147,1,3,ROUTINE RECORD: Interaction INT-0010 exhibits low signature alignment (20%). No immediate forensic action required.
SIG-23D12FE3,INT-0011,FUSED-INT-0011,StandardMotorcycleSnatch,0.2,Weak Match,0.148,1,3,ROUTINE RECORD: Interaction INT-0011 exhibits low signature alignment (20%). No immediate forensic action required.
SIG-83E41029,INT-0012,FUSED-INT-0012,StandardMotorcycleSnatch,0.2,Weak Match,0.148,1,3,ROUTINE RECORD: Interaction INT-0012 exhibits low signature alignment (20%). No immediate forensic action required.
SIG-E155DCBE,INT-0013,FUSED-INT-0013,StandardMotorcycleSnatch,0.2,Weak Match,0.148,1,3,ROUTINE RECORD: Interaction INT-0013 exhibits low signature alignment (20%). No immediate forensic action required.
SIG-4F5629B5,INT-0014,FUSED-INT-0014,StandardMotorcycleSnatch,0.2,Weak Match,0.146,1,3,ROUTINE RECORD: Interaction INT-0014 exhibits low signature alignment (20%). No immediate forensic action required.
SIG-8D2690CF,INT-0015,FUSED-INT-0015,StandardMotorcycleSnatch,0.2,Weak Match,0.146,1,3,ROUTINE RECORD: Interaction INT-0015 exhibits low signature alignment (20%). No immediate forensic action required.
SIG-D8DC8604,INT-0016,FUSED-INT-0016,StandardMotorcycleSnatch,0.2,Weak Match,0.146,1,3,ROUTINE RECORD: Interaction INT-0016 exhibits low signature alignment (20%). No immediate forensic action required.
SIG-D74A6BB6,INT-0017,FUSED-INT-0017,StandardMotorcycleSnatch,0.2,Weak Match,0.146,1,3,ROUTINE RECORD: Interaction INT-0017 exhibits low signature alignment (20%). No immediate forensic action required.
SIG-063F9D01,INT-0018,FUSED-INT-0018,StandardMotorcycleSnatch,0.4,Weak Match,0.2831,2,2,ROUTINE RECORD: Interaction INT-0018 exhibits low signature alignment (40%). No immediate forensic action required.
SIG-D2DB4BCD,INT-0019,FUSED-INT-0019,StandardMotorcycleSnatch,0.4,Weak Match,0.3084,2,2,ROUTINE RECORD: Interaction INT-0019 exhibits low signature alignment (40%). No immediate forensic action required.
SIG-60AD918A,INT-0020,FUSED-INT-0020,StandardMotorcycleSnatch,0.4,Weak Match,0.278,2,2,ROUTINE RECORD: Interaction INT-0020 exhibits low signature alignment (40%). No immediate forensic action required.
SIG-3CFF1988,INT-0001,FUSED-INT-0001,StandardMotorcycleSnatch,0.2,Weak Match,0.1681,1,3,ROUTINE RECORD: Interaction INT-0001 exhibits low signature alignment (20%). No immediate forensic action required.
SIG-A90C88CE,INT-0002,FUSED-INT-0002,StandardMotorcycleSnatch,0.8,High Confidence Match,0.6634,3,1,FLAGGED FOR HIGH-PRIORITY FORENSIC REVIEW: Interaction INT-0002 exhibits strong signature alignment (80%). Export forensic video clip for investigation.
SIG-1E1F9A82,INT-0003,FUSED-INT-0003,StandardMotorcycleSnatch,0.2,Weak Match,0.1538,1,3,ROUTINE RECORD: Interaction INT-0003 exhibits low signature alignment (20%). No immediate forensic action required.
SIG-B0552368,INT-0004,FUSED-INT-0004,StandardMotorcycleSnatch,0.2,Weak Match,0.1517,1,3,ROUTINE RECORD: Interaction INT-0004 exhibits low signature alignment (20%). No immediate forensic action required.
SIG-A1350452,INT-0005,FUSED-INT-0005,StandardMotorcycleSnatch,0.2,Weak Match,0.1391,1,3,ROUTINE RECORD: Interaction INT-0005 exhibits low signature alignment (20%). No immediate forensic action required.
SIG-29262917,INT-0006,FUSED-INT-0006,StandardMotorcycleSnatch,0.2,Weak Match,0.1461,1,3,ROUTINE RECORD: Interaction INT-0006 exhibits low signature alignment (20%). No immediate forensic action required.
SIG-F723B202,INT-0007,FUSED-INT-0007,StandardMotorcycleSnatch,0.2,Weak Match,0.1692,1,3,ROUTINE RECORD: Interaction INT-0007 exhibits low signature alignment (20%). No immediate forensic action required.
SIG-8BE113FD,INT-0008,FUSED-INT-0008,StandardMotorcycleSnatch,0.2,Weak Match,0.1809,1,3,ROUTINE RECORD: Interaction INT-0008 exhibits low signature alignment (20%). No immediate forensic action required.
SIG-0C8D4AEA,INT-0009,FUSED-INT-0009,StandardMotorcycleSnatch,0.2,Weak Match,0.1457,1,3,ROUTINE RECORD: Interaction INT-0009 exhibits low signature alignment (20%). No immediate forensic action required.
SIG-4DC76B14,INT-0010,FUSED-INT-0010,StandardMotorcycleSnatch,0.2,Weak Match,0.147,1,3,ROUTINE RECORD: Interaction INT-0010 exhibits low signature alignment (20%). No immediate forensic action required.
SIG-5A4E8C21,INT-0011,FUSED-INT-0011,StandardMotorcycleSnatch,0.2,Weak Match,0.148,1,3,ROUTINE RECORD: Interaction INT-0011 exhibits low signature alignment (20%). No immediate forensic action required.
SIG-4E2829E5,INT-0012,FUSED-INT-0012,StandardMotorcycleSnatch,0.2,Weak Match,0.148,1,3,ROUTINE RECORD: Interaction INT-0012 exhibits low signature alignment (20%). No immediate forensic action required.
SIG-073F075B,INT-0013,FUSED-INT-0013,StandardMotorcycleSnatch,0.2,Weak Match,0.148,1,3,ROUTINE RECORD: Interaction INT-0013 exhibits low signature alignment (20%). No immediate forensic action required.
SIG-D392EF6B,INT-0014,FUSED-INT-0014,StandardMotorcycleSnatch,0.2,Weak Match,0.146,1,3,ROUTINE RECORD: Interaction INT-0014 exhibits low signature alignment (20%). No immediate forensic action required.
SIG-39DEB9FF,INT-0015,FUSED-INT-0015,StandardMotorcycleSnatch,0.2,Weak Match,0.146,1,3,ROUTINE RECORD: Interaction INT-0015 exhibits low signature alignment (20%). No immediate forensic action required.
SIG-2DC620D9,INT-0016,FUSED-INT-0016,StandardMotorcycleSnatch,0.2,Weak Match,0.146,1,3,ROUTINE RECORD: Interaction INT-0016 exhibits low signature alignment (20%). No immediate forensic action required.
SIG-4EE6700C,INT-0017,FUSED-INT-0017,StandardMotorcycleSnatch,0.2,Weak Match,0.146,1,3,ROUTINE RECORD: Interaction INT-0017 exhibits low signature alignment (20%). No immediate forensic action required.
SIG-27A4DD17,INT-0018,FUSED-INT-0018,StandardMotorcycleSnatch,0.4,Weak Match,0.2831,2,2,ROUTINE RECORD: Interaction INT-0018 exhibits low signature alignment (40%). No immediate forensic action required.
SIG-C18A9F60,INT-0019,FUSED-INT-0019,StandardMotorcycleSnatch,0.4,Weak Match,0.3084,2,2,ROUTINE RECORD: Interaction INT-0019 exhibits low signature alignment (40%). No immediate forensic action required.
SIG-FAFD5A8F,INT-0020,FUSED-INT-0020,StandardMotorcycleSnatch,0.4,Weak Match,0.2788,2,2,ROUTINE RECORD: Interaction INT-0020 exhibits low signature alignment (40%). No immediate forensic action required.
SIG-C51B282A,INT-0001,FUSED-INT-0001,StandardMotorcycleSnatch,0.2,Weak Match,0.1681,1,3,ROUTINE RECORD: Interaction INT-0001 exhibits low signature alignment (20%). No immediate forensic action required.
SIG-EB8C05A3,INT-0002,FUSED-INT-0002,StandardMotorcycleSnatch,0.8,High Confidence Match,0.6634,3,1,FLAGGED FOR HIGH-PRIORITY FORENSIC REVIEW: Interaction INT-0002 exhibits strong signature alignment (80%). Export forensic video clip for investigation.
SIG-AAC0E5A7,INT-0003,FUSED-INT-0003,StandardMotorcycleSnatch,0.2,Weak Match,0.1538,1,3,ROUTINE RECORD: Interaction INT-0003 exhibits low signature alignment (20%). No immediate forensic action required.
SIG-1463D781,INT-0004,FUSED-INT-0004,StandardMotorcycleSnatch,0.2,Weak Match,0.1517,1,3,ROUTINE RECORD: Interaction INT-0004 exhibits low signature alignment (20%). No immediate forensic action required.
SIG-51E7E27B,INT-0005,FUSED-INT-0005,StandardMotorcycleSnatch,0.2,Weak Match,0.1391,1,3,ROUTINE RECORD: Interaction INT-0005 exhibits low signature alignment (20%). No immediate forensic action required.
SIG-55B95CCD,INT-0006,FUSED-INT-0006,StandardMotorcycleSnatch,0.2,Weak Match,0.1461,1,3,ROUTINE RECORD: Interaction INT-0006 exhibits low signature alignment (20%). No immediate forensic action required.
SIG-8867D894,INT-0007,FUSED-INT-0007,StandardMotorcycleSnatch,0.2,Weak Match,0.1692,1,3,ROUTINE RECORD: Interaction INT-0007 exhibits low signature alignment (20%). No immediate forensic action required.
SIG-16296D66,INT-0008,FUSED-INT-0008,StandardMotorcycleSnatch,0.2,Weak Match,0.1809,1,3,ROUTINE RECORD: Interaction INT-0008 exhibits low signature alignment (20%). No immediate forensic action required.
SIG-F51F5B67,INT-0009,FUSED-INT-0009,StandardMotorcycleSnatch,0.2,Weak Match,0.1457,1,3,ROUTINE RECORD: Interaction INT-0009 exhibits low signature alignment (20%). No immediate forensic action required.
SIG-178965F6,INT-0010,FUSED-INT-0010,StandardMotorcycleSnatch,0.2,Weak Match,0.147,1,3,ROUTINE RECORD: Interaction INT-0010 exhibits low signature alignment (20%). No immediate forensic action required.
SIG-CCE732DB,INT-0011,FUSED-INT-0011,StandardMotorcycleSnatch,0.2,Weak Match,0.148,1,3,ROUTINE RECORD: Interaction INT-0011 exhibits low signature alignment (20%). No immediate forensic action required.
SIG-EB9626AF,INT-0012,FUSED-INT-0012,StandardMotorcycleSnatch,0.2,Weak Match,0.148,1,3,ROUTINE RECORD: Interaction INT-0012 exhibits low signature alignment (20%). No immediate forensic action required.
SIG-3FE5F777,INT-0013,FUSED-INT-0013,StandardMotorcycleSnatch,0.2,Weak Match,0.148,1,3,ROUTINE RECORD: Interaction INT-0013 exhibits low signature alignment (20%). No immediate forensic action required.
SIG-C6179786,INT-0014,FUSED-INT-0014,StandardMotorcycleSnatch,0.2,Weak Match,0.146,1,3,ROUTINE RECORD: Interaction INT-0014 exhibits low signature alignment (20%). No immediate forensic action required.
SIG-4FB1B4EF,INT-0015,FUSED-INT-0015,StandardMotorcycleSnatch,0.2,Weak Match,0.146,1,3,ROUTINE RECORD: Interaction INT-0015 exhibits low signature alignment (20%). No immediate forensic action required.
SIG-1FF3D78E,INT-0016,FUSED-INT-0016,StandardMotorcycleSnatch,0.2,Weak Match,0.146,1,3,ROUTINE RECORD: Interaction INT-0016 exhibits low signature alignment (20%). No immediate forensic action required.
SIG-FB778745,INT-0017,FUSED-INT-0017,StandardMotorcycleSnatch,0.2,Weak Match,0.146,1,3,ROUTINE RECORD: Interaction INT-0017 exhibits low signature alignment (20%). No immediate forensic action required.
SIG-A3119E77,INT-0018,FUSED-INT-0018,StandardMotorcycleSnatch,0.4,Weak Match,0.2831,2,2,ROUTINE RECORD: Interaction INT-0018 exhibits low signature alignment (40%). No immediate forensic action required.
SIG-96CF4C90,INT-0019,FUSED-INT-0019,StandardMotorcycleSnatch,0.4,Weak Match,0.3084,2,2,ROUTINE RECORD: Interaction INT-0019 exhibits low signature alignment (40%). No immediate forensic action required.
SIG-C029CFB8,INT-0020,FUSED-INT-0020,StandardMotorcycleSnatch,0.4,Weak Match,0.2802,2,2,ROUTINE RECORD: Interaction INT-0020 exhibits low signature alignment (40%). No immediate forensic action required.
SIG-1B492D77,INT-0001,FUSED-INT-0001,StandardMotorcycleSnatch,0.2,Weak Match,0.1681,1,3,ROUTINE RECORD: Interaction INT-0001 exhibits low signature alignment (20%). No immediate forensic action required.
SIG-AE710FA8,INT-0002,FUSED-INT-0002,StandardMotorcycleSnatch,0.8,High Confidence Match,0.6634,3,1,FLAGGED FOR HIGH-PRIORITY FORENSIC REVIEW: Interaction INT-0002 exhibits strong signature alignment (80%). Export forensic video clip for investigation.
SIG-B4405980,INT-0003,FUSED-INT-0003,StandardMotorcycleSnatch,0.2,Weak Match,0.1538,1,3,ROUTINE RECORD: Interaction INT-0003 exhibits low signature alignment (20%). No immediate forensic action required.
SIG-99EE6E0D,INT-0004,FUSED-INT-0004,StandardMotorcycleSnatch,0.2,Weak Match,0.1516,1,3,ROUTINE RECORD: Interaction INT-0004 exhibits low signature alignment (20%). No immediate forensic action required.
SIG-AD3FA580,INT-0005,FUSED-INT-0005,StandardMotorcycleSnatch,0.2,Weak Match,0.1391,1,3,ROUTINE RECORD: Interaction INT-0005 exhibits low signature alignment (20%). No immediate forensic action required.
SIG-514EB5B5,INT-0006,FUSED-INT-0006,StandardMotorcycleSnatch,0.2,Weak Match,0.1461,1,3,ROUTINE RECORD: Interaction INT-0006 exhibits low signature alignment (20%). No immediate forensic action required.
SIG-7C3139E9,INT-0007,FUSED-INT-0007,StandardMotorcycleSnatch,0.2,Weak Match,0.1692,1,3,ROUTINE RECORD: Interaction INT-0007 exhibits low signature alignment (20%). No immediate forensic action required.
SIG-72A2721D,INT-0008,FUSED-INT-0008,StandardMotorcycleSnatch,0.2,Weak Match,0.1809,1,3,ROUTINE RECORD: Interaction INT-0008 exhibits low signature alignment (20%). No immediate forensic action required.
SIG-5F956DB8,INT-0009,FUSED-INT-0009,StandardMotorcycleSnatch,0.2,Weak Match,0.1457,1,3,ROUTINE RECORD: Interaction INT-0009 exhibits low signature alignment (20%). No immediate forensic action required.
SIG-335F18B9,INT-0010,FUSED-INT-0010,StandardMotorcycleSnatch,0.2,Weak Match,0.147,1,3,ROUTINE RECORD: Interaction INT-0010 exhibits low signature alignment (20%). No immediate forensic action required.
SIG-AA05B27C,INT-0011,FUSED-INT-0011,StandardMotorcycleSnatch,0.2,Weak Match,0.148,1,3,ROUTINE RECORD: Interaction INT-0011 exhibits low signature alignment (20%). No immediate forensic action required.
SIG-5608124F,INT-0012,FUSED-INT-0012,StandardMotorcycleSnatch,0.2,Weak Match,0.148,1,3,ROUTINE RECORD: Interaction INT-0012 exhibits low signature alignment (20%). No immediate forensic action required.
SIG-43AD7D91,INT-0013,FUSED-INT-0013,StandardMotorcycleSnatch,0.2,Weak Match,0.148,1,3,ROUTINE RECORD: Interaction INT-0013 exhibits low signature alignment (20%). No immediate forensic action required.
SIG-66EC808F,INT-0014,FUSED-INT-0014,StandardMotorcycleSnatch,0.2,Weak Match,0.146,1,3,ROUTINE RECORD: Interaction INT-0014 exhibits low signature alignment (20%). No immediate forensic action required.
SIG-DC377884,INT-0015,FUSED-INT-0015,StandardMotorcycleSnatch,0.2,Weak Match,0.146,1,3,ROUTINE RECORD: Interaction INT-0015 exhibits low signature alignment (20%). No immediate forensic action required.
SIG-8FE5FB46,INT-0016,FUSED-INT-0016,StandardMotorcycleSnatch,0.2,Weak Match,0.146,1,3,ROUTINE RECORD: Interaction INT-0016 exhibits low signature alignment (20%). No immediate forensic action required.
SIG-E0106066,INT-0017,FUSED-INT-0017,StandardMotorcycleSnatch,0.2,Weak Match,0.146,1,3,ROUTINE RECORD: Interaction INT-0017 exhibits low signature alignment (20%). No immediate forensic action required.
SIG-733714F9,INT-0018,FUSED-INT-0018,StandardMotorcycleSnatch,0.4,Weak Match,0.2831,2,2,ROUTINE RECORD: Interaction INT-0018 exhibits low signature alignment (40%). No immediate forensic action required.
SIG-2EB81C2B,INT-0019,FUSED-INT-0019,StandardMotorcycleSnatch,0.4,Weak Match,0.3084,2,2,ROUTINE RECORD: Interaction INT-0019 exhibits low signature alignment (40%). No immediate forensic action required.
SIG-5585D24C,INT-0020,FUSED-INT-0020,StandardMotorcycleSnatch,0.4,Weak Match,0.2802,2,2,ROUTINE RECORD: Interaction INT-0020 exhibits low signature alignment (40%). No immediate forensic action required.
SIG-5779D3BA,INT-0001,FUSED-INT-0001,StandardMotorcycleSnatch,0.2,Weak Match,0.1681,1,3,ROUTINE RECORD: Interaction INT-0001 exhibits low signature alignment (20%). No immediate forensic action required.
SIG-AC417404,INT-0002,FUSED-INT-0002,StandardMotorcycleSnatch,0.8,High Confidence Match,0.6634,3,1,FLAGGED FOR HIGH-PRIORITY FORENSIC REVIEW: Interaction INT-0002 exhibits strong signature alignment (80%). Export forensic video clip for investigation.
SIG-4C9A49C5,INT-0003,FUSED-INT-0003,StandardMotorcycleSnatch,0.2,Weak Match,0.1538,1,3,ROUTINE RECORD: Interaction INT-0003 exhibits low signature alignment (20%). No immediate forensic action required.
SIG-4EDD8CB5,INT-0004,FUSED-INT-0004,StandardMotorcycleSnatch,0.2,Weak Match,0.1516,1,3,ROUTINE RECORD: Interaction INT-0004 exhibits low signature alignment (20%). No immediate forensic action required.
SIG-3C6FEF18,INT-0005,FUSED-INT-0005,StandardMotorcycleSnatch,0.2,Weak Match,0.1391,1,3,ROUTINE RECORD: Interaction INT-0005 exhibits low signature alignment (20%). No immediate forensic action required.
SIG-40752D9D,INT-0006,FUSED-INT-0006,StandardMotorcycleSnatch,0.2,Weak Match,0.1461,1,3,ROUTINE RECORD: Interaction INT-0006 exhibits low signature alignment (20%). No immediate forensic action required.
SIG-9ED1FE83,INT-0007,FUSED-INT-0007,StandardMotorcycleSnatch,0.2,Weak Match,0.1692,1,3,ROUTINE RECORD: Interaction INT-0007 exhibits low signature alignment (20%). No immediate forensic action required.
SIG-1BF3677A,INT-0008,FUSED-INT-0008,StandardMotorcycleSnatch,0.2,Weak Match,0.1809,1,3,ROUTINE RECORD: Interaction INT-0008 exhibits low signature alignment (20%). No immediate forensic action required.
SIG-B9E4A0F7,INT-0009,FUSED-INT-0009,StandardMotorcycleSnatch,0.2,Weak Match,0.1457,1,3,ROUTINE RECORD: Interaction INT-0009 exhibits low signature alignment (20%). No immediate forensic action required.
SIG-A8E6AB5E,INT-0010,FUSED-INT-0010,StandardMotorcycleSnatch,0.2,Weak Match,0.147,1,3,ROUTINE RECORD: Interaction INT-0010 exhibits low signature alignment (20%). No immediate forensic action required.
SIG-6E5F6D8B,INT-0011,FUSED-INT-0011,StandardMotorcycleSnatch,0.2,Weak Match,0.148,1,3,ROUTINE RECORD: Interaction INT-0011 exhibits low signature alignment (20%). No immediate forensic action required.
SIG-21DEE31E,INT-0012,FUSED-INT-0012,StandardMotorcycleSnatch,0.2,Weak Match,0.148,1,3,ROUTINE RECORD: Interaction INT-0012 exhibits low signature alignment (20%). No immediate forensic action required.
SIG-8C5D792E,INT-0013,FUSED-INT-0013,StandardMotorcycleSnatch,0.2,Weak Match,0.148,1,3,ROUTINE RECORD: Interaction INT-0013 exhibits low signature alignment (20%). No immediate forensic action required.
SIG-A85529CE,INT-0014,FUSED-INT-0014,StandardMotorcycleSnatch,0.2,Weak Match,0.146,1,3,ROUTINE RECORD: Interaction INT-0014 exhibits low signature alignment (20%). No immediate forensic action required.
SIG-13D46A93,INT-0015,FUSED-INT-0015,StandardMotorcycleSnatch,0.2,Weak Match,0.146,1,3,ROUTINE RECORD: Interaction INT-0015 exhibits low signature alignment (20%). No immediate forensic action required.
SIG-4252B61A,INT-0016,FUSED-INT-0016,StandardMotorcycleSnatch,0.2,Weak Match,0.146,1,3,ROUTINE RECORD: Interaction INT-0016 exhibits low signature alignment (20%). No immediate forensic action required.
SIG-EA73B7D6,INT-0017,FUSED-INT-0017,StandardMotorcycleSnatch,0.2,Weak Match,0.146,1,3,ROUTINE RECORD: Interaction INT-0017 exhibits low signature alignment (20%). No immediate forensic action required.
SIG-C51DC1A3,INT-0018,FUSED-INT-0018,StandardMotorcycleSnatch,0.4,Weak Match,0.2831,2,2,ROUTINE RECORD: Interaction INT-0018 exhibits low signature alignment (40%). No immediate forensic action required.
SIG-47C27352,INT-0019,FUSED-INT-0019,StandardMotorcycleSnatch,0.4,Weak Match,0.3084,2,2,ROUTINE RECORD: Interaction INT-0019 exhibits low signature alignment (40%). No immediate forensic action required.
SIG-275E5A3A,INT-0020,FUSED-INT-0020,StandardMotorcycleSnatch,0.4,Weak Match,0.2821,2,2,ROUTINE RECORD: Interaction INT-0020 exhibits low signature alignment (40%). No immediate forensic action required.
SIG-5C7582B8,INT-0001,FUSED-INT-0001,StandardMotorcycleSnatch,0.2,Weak Match,0.1681,1,3,ROUTINE RECORD: Interaction INT-0001 exhibits low signature alignment (20%). No immediate forensic action required.
SIG-11C1F27C,INT-0002,FUSED-INT-0002,StandardMotorcycleSnatch,0.8,High Confidence Match,0.6634,3,1,FLAGGED FOR HIGH-PRIORITY FORENSIC REVIEW: Interaction INT-0002 exhibits strong signature alignment (80%). Export forensic video clip for investigation.
SIG-35850C63,INT-0003,FUSED-INT-0003,StandardMotorcycleSnatch,0.2,Weak Match,0.1538,1,3,ROUTINE RECORD: Interaction INT-0003 exhibits low signature alignment (20%). No immediate forensic action required.
SIG-60B5E7FE,INT-0004,FUSED-INT-0004,StandardMotorcycleSnatch,0.2,Weak Match,0.1516,1,3,ROUTINE RECORD: Interaction INT-0004 exhibits low signature alignment (20%). No immediate forensic action required.
SIG-DDFEE29F,INT-0005,FUSED-INT-0005,StandardMotorcycleSnatch,0.2,Weak Match,0.1391,1,3,ROUTINE RECORD: Interaction INT-0005 exhibits low signature alignment (20%). No immediate forensic action required.
SIG-AB6EEC1D,INT-0006,FUSED-INT-0006,StandardMotorcycleSnatch,0.2,Weak Match,0.1461,1,3,ROUTINE RECORD: Interaction INT-0006 exhibits low signature alignment (20%). No immediate forensic action required.
SIG-65EF163F,INT-0007,FUSED-INT-0007,StandardMotorcycleSnatch,0.2,Weak Match,0.1692,1,3,ROUTINE RECORD: Interaction INT-0007 exhibits low signature alignment (20%). No immediate forensic action required.
SIG-D71C6BEB,INT-0008,FUSED-INT-0008,StandardMotorcycleSnatch,0.2,Weak Match,0.1809,1,3,ROUTINE RECORD: Interaction INT-0008 exhibits low signature alignment (20%). No immediate forensic action required.
SIG-8EA8021B,INT-0009,FUSED-INT-0009,StandardMotorcycleSnatch,0.2,Weak Match,0.1457,1,3,ROUTINE RECORD: Interaction INT-0009 exhibits low signature alignment (20%). No immediate forensic action required.
SIG-3F8ACD7B,INT-0010,FUSED-INT-0010,StandardMotorcycleSnatch,0.2,Weak Match,0.147,1,3,ROUTINE RECORD: Interaction INT-0010 exhibits low signature alignment (20%). No immediate forensic action required.
SIG-825A4603,INT-0011,FUSED-INT-0011,StandardMotorcycleSnatch,0.2,Weak Match,0.148,1,3,ROUTINE RECORD: Interaction INT-0011 exhibits low signature alignment (20%). No immediate forensic action required.
SIG-24F79D77,INT-0012,FUSED-INT-0012,StandardMotorcycleSnatch,0.2,Weak Match,0.148,1,3,ROUTINE RECORD: Interaction INT-0012 exhibits low signature alignment (20%). No immediate forensic action required.
SIG-46027A5C,INT-0013,FUSED-INT-0013,StandardMotorcycleSnatch,0.2,Weak Match,0.148,1,3,ROUTINE RECORD: Interaction INT-0013 exhibits low signature alignment (20%). No immediate forensic action required.
SIG-6880BB4A,INT-0014,FUSED-INT-0014,StandardMotorcycleSnatch,0.2,Weak Match,0.146,1,3,ROUTINE RECORD: Interaction INT-0014 exhibits low signature alignment (20%). No immediate forensic action required.
SIG-CE2EEF11,INT-0015,FUSED-INT-0015,StandardMotorcycleSnatch,0.2,Weak Match,0.146,1,3,ROUTINE RECORD: Interaction INT-0015 exhibits low signature alignment (20%). No immediate forensic action required.
SIG-8DF09229,INT-0016,FUSED-INT-0016,StandardMotorcycleSnatch,0.2,Weak Match,0.146,1,3,ROUTINE RECORD: Interaction INT-0016 exhibits low signature alignment (20%). No immediate forensic action required.
SIG-5540C602,INT-0017,FUSED-INT-0017,StandardMotorcycleSnatch,0.2,Weak Match,0.146,1,3,ROUTINE RECORD: Interaction INT-0017 exhibits low signature alignment (20%). No immediate forensic action required.
SIG-927F71D9,INT-0018,FUSED-INT-0018,StandardMotorcycleSnatch,0.4,Weak Match,0.2831,2,2,ROUTINE RECORD: Interaction INT-0018 exhibits low signature alignment (40%). No immediate forensic action required.
SIG-54B30285,INT-0019,FUSED-INT-0019,StandardMotorcycleSnatch,0.4,Weak Match,0.3084,2,2,ROUTINE RECORD: Interaction INT-0019 exhibits low signature alignment (40%). No immediate forensic action required.
SIG-92112C62,INT-0020,FUSED-INT-0020,StandardMotorcycleSnatch,0.4,Weak Match,0.2821,2,2,ROUTINE RECORD: Interaction INT-0020 exhibits low signature alignment (40%). No immediate forensic action required.
SIG-B2E95E94,INT-0001,FUSED-INT-0001,StandardMotorcycleSnatch,0.2,Weak Match,0.1681,1,3,ROUTINE RECORD: Interaction INT-0001 exhibits low signature alignment (20%). No immediate forensic action required.
SIG-3DF517F3,INT-0002,FUSED-INT-0002,StandardMotorcycleSnatch,0.8,High Confidence Match,0.6634,3,1,FLAGGED FOR HIGH-PRIORITY FORENSIC REVIEW: Interaction INT-0002 exhibits strong signature alignment (80%). Export forensic video clip for investigation.
SIG-80EBFCA9,INT-0003,FUSED-INT-0003,StandardMotorcycleSnatch,0.2,Weak Match,0.1538,1,3,ROUTINE RECORD: Interaction INT-0003 exhibits low signature alignment (20%). No immediate forensic action required.
SIG-F18C6085,INT-0004,FUSED-INT-0004,StandardMotorcycleSnatch,0.2,Weak Match,0.1515,1,3,ROUTINE RECORD: Interaction INT-0004 exhibits low signature alignment (20%). No immediate forensic action required.
SIG-0A711A77,INT-0005,FUSED-INT-0005,StandardMotorcycleSnatch,0.2,Weak Match,0.1391,1,3,ROUTINE RECORD: Interaction INT-0005 exhibits low signature alignment (20%). No immediate forensic action required.
SIG-63C861BD,INT-0006,FUSED-INT-0006,StandardMotorcycleSnatch,0.2,Weak Match,0.1461,1,3,ROUTINE RECORD: Interaction INT-0006 exhibits low signature alignment (20%). No immediate forensic action required.
SIG-089CD4A3,INT-0007,FUSED-INT-0007,StandardMotorcycleSnatch,0.2,Weak Match,0.1692,1,3,ROUTINE RECORD: Interaction INT-0007 exhibits low signature alignment (20%). No immediate forensic action required.
SIG-AF081A15,INT-0008,FUSED-INT-0008,StandardMotorcycleSnatch,0.2,Weak Match,0.1809,1,3,ROUTINE RECORD: Interaction INT-0008 exhibits low signature alignment (20%). No immediate forensic action required.
SIG-43D43C20,INT-0009,FUSED-INT-0009,StandardMotorcycleSnatch,0.2,Weak Match,0.1457,1,3,ROUTINE RECORD: Interaction INT-0009 exhibits low signature alignment (20%). No immediate forensic action required.
SIG-599B6976,INT-0010,FUSED-INT-0010,StandardMotorcycleSnatch,0.2,Weak Match,0.147,1,3,ROUTINE RECORD: Interaction INT-0010 exhibits low signature alignment (20%). No immediate forensic action required.
SIG-F5980D74,INT-0011,FUSED-INT-0011,StandardMotorcycleSnatch,0.2,Weak Match,0.148,1,3,ROUTINE RECORD: Interaction INT-0011 exhibits low signature alignment (20%). No immediate forensic action required.
SIG-E59A15A5,INT-0012,FUSED-INT-0012,StandardMotorcycleSnatch,0.2,Weak Match,0.148,1,3,ROUTINE RECORD: Interaction INT-0012 exhibits low signature alignment (20%). No immediate forensic action required.
SIG-4BA85C1A,INT-0013,FUSED-INT-0013,StandardMotorcycleSnatch,0.2,Weak Match,0.148,1,3,ROUTINE RECORD: Interaction INT-0013 exhibits low signature alignment (20%). No immediate forensic action required.
SIG-7D402659,INT-0014,FUSED-INT-0014,StandardMotorcycleSnatch,0.2,Weak Match,0.146,1,3,ROUTINE RECORD: Interaction INT-0014 exhibits low signature alignment (20%). No immediate forensic action required.
SIG-69D06F2A,INT-0015,FUSED-INT-0015,StandardMotorcycleSnatch,0.2,Weak Match,0.146,1,3,ROUTINE RECORD: Interaction INT-0015 exhibits low signature alignment (20%). No immediate forensic action required.
SIG-1DD0E851,INT-0016,FUSED-INT-0016,StandardMotorcycleSnatch,0.2,Weak Match,0.146,1,3,ROUTINE RECORD: Interaction INT-0016 exhibits low signature alignment (20%). No immediate forensic action required.
SIG-8536BE23,INT-0017,FUSED-INT-0017,StandardMotorcycleSnatch,0.2,Weak Match,0.146,1,3,ROUTINE RECORD: Interaction INT-0017 exhibits low signature alignment (20%). No immediate forensic action required.
SIG-14FC4715,INT-0018,FUSED-INT-0018,StandardMotorcycleSnatch,0.4,Weak Match,0.2831,2,2,ROUTINE RECORD: Interaction INT-0018 exhibits low signature alignment (40%). No immediate forensic action required.
SIG-480E3430,INT-0019,FUSED-INT-0019,StandardMotorcycleSnatch,0.4,Weak Match,0.3084,2,2,ROUTINE RECORD: Interaction INT-0019 exhibits low signature alignment (40%). No immediate forensic action required.
SIG-E5581DFB,INT-0020,FUSED-INT-0020,StandardMotorcycleSnatch,0.4,Weak Match,0.2821,2,2,ROUTINE RECORD: Interaction INT-0020 exhibits low signature alignment (40%). No immediate forensic action required.
SIG-ADB48767,INT-0001,FUSED-INT-0001,StandardMotorcycleSnatch,0.2,Weak Match,0.1681,1,3,ROUTINE RECORD: Interaction INT-0001 exhibits low signature alignment (20%). No immediate forensic action required.
SIG-6DAEAC59,INT-0002,FUSED-INT-0002,StandardMotorcycleSnatch,0.8,High Confidence Match,0.6634,3,1,FLAGGED FOR HIGH-PRIORITY FORENSIC REVIEW: Interaction INT-0002 exhibits strong signature alignment (80%). Export forensic video clip for investigation.
SIG-C6C8E198,INT-0003,FUSED-INT-0003,StandardMotorcycleSnatch,0.2,Weak Match,0.1538,1,3,ROUTINE RECORD: Interaction INT-0003 exhibits low signature alignment (20%). No immediate forensic action required.
SIG-A96A0EA0,INT-0004,FUSED-INT-0004,StandardMotorcycleSnatch,0.2,Weak Match,0.1515,1,3,ROUTINE RECORD: Interaction INT-0004 exhibits low signature alignment (20%). No immediate forensic action required.
SIG-ED3E3065,INT-0005,FUSED-INT-0005,StandardMotorcycleSnatch,0.2,Weak Match,0.1391,1,3,ROUTINE RECORD: Interaction INT-0005 exhibits low signature alignment (20%). No immediate forensic action required.
SIG-0A731819,INT-0006,FUSED-INT-0006,StandardMotorcycleSnatch,0.2,Weak Match,0.1461,1,3,ROUTINE RECORD: Interaction INT-0006 exhibits low signature alignment (20%). No immediate forensic action required.
SIG-D8DA95AF,INT-0007,FUSED-INT-0007,StandardMotorcycleSnatch,0.2,Weak Match,0.1692,1,3,ROUTINE RECORD: Interaction INT-0007 exhibits low signature alignment (20%). No immediate forensic action required.
SIG-884B2904,INT-0008,FUSED-INT-0008,StandardMotorcycleSnatch,0.2,Weak Match,0.1809,1,3,ROUTINE RECORD: Interaction INT-0008 exhibits low signature alignment (20%). No immediate forensic action required.
SIG-3DE699FB,INT-0009,FUSED-INT-0009,StandardMotorcycleSnatch,0.2,Weak Match,0.1457,1,3,ROUTINE RECORD: Interaction INT-0009 exhibits low signature alignment (20%). No immediate forensic action required.
SIG-FEC514B6,INT-0010,FUSED-INT-0010,StandardMotorcycleSnatch,0.2,Weak Match,0.147,1,3,ROUTINE RECORD: Interaction INT-0010 exhibits low signature alignment (20%). No immediate forensic action required.
SIG-98A5B4D6,INT-0011,FUSED-INT-0011,StandardMotorcycleSnatch,0.2,Weak Match,0.148,1,3,ROUTINE RECORD: Interaction INT-0011 exhibits low signature alignment (20%). No immediate forensic action required.
SIG-FF6C2D2B,INT-0012,FUSED-INT-0012,StandardMotorcycleSnatch,0.2,Weak Match,0.148,1,3,ROUTINE RECORD: Interaction INT-0012 exhibits low signature alignment (20%). No immediate forensic action required.
SIG-53FC2B03,INT-0013,FUSED-INT-0013,StandardMotorcycleSnatch,0.2,Weak Match,0.148,1,3,ROUTINE RECORD: Interaction INT-0013 exhibits low signature alignment (20%). No immediate forensic action required.
SIG-CCFD220F,INT-0014,FUSED-INT-0014,StandardMotorcycleSnatch,0.2,Weak Match,0.146,1,3,ROUTINE RECORD: Interaction INT-0014 exhibits low signature alignment (20%). No immediate forensic action required.
SIG-7B354F0F,INT-0015,FUSED-INT-0015,StandardMotorcycleSnatch,0.2,Weak Match,0.146,1,3,ROUTINE RECORD: Interaction INT-0015 exhibits low signature alignment (20%). No immediate forensic action required.
SIG-7FE42FB1,INT-0016,FUSED-INT-0016,StandardMotorcycleSnatch,0.2,Weak Match,0.146,1,3,ROUTINE RECORD: Interaction INT-0016 exhibits low signature alignment (20%). No immediate forensic action required.
SIG-7E84055D,INT-0017,FUSED-INT-0017,StandardMotorcycleSnatch,0.2,Weak Match,0.146,1,3,ROUTINE RECORD: Interaction INT-0017 exhibits low signature alignment (20%). No immediate forensic action required.
SIG-941118A3,INT-0018,FUSED-INT-0018,StandardMotorcycleSnatch,0.4,Weak Match,0.2831,2,2,ROUTINE RECORD: Interaction INT-0018 exhibits low signature alignment (40%). No immediate forensic action required.
SIG-C710951F,INT-0019,FUSED-INT-0019,StandardMotorcycleSnatch,0.4,Weak Match,0.3084,2,2,ROUTINE RECORD: Interaction INT-0019 exhibits low signature alignment (40%). No immediate forensic action required.
SIG-D3740A4A,INT-0020,FUSED-INT-0020,StandardMotorcycleSnatch,0.4,Weak Match,0.2803,2,2,ROUTINE RECORD: Interaction INT-0020 exhibits low signature alignment (40%). No immediate forensic action required.
SIG-B8CC4DB1,INT-0001,FUSED-INT-0001,StandardMotorcycleSnatch,0.2,Weak Match,0.1681,1,3,ROUTINE RECORD: Interaction INT-0001 exhibits low signature alignment (20%). No immediate forensic action required.
SIG-64A3FEA8,INT-0002,FUSED-INT-0002,StandardMotorcycleSnatch,0.8,High Confidence Match,0.6634,3,1,FLAGGED FOR HIGH-PRIORITY FORENSIC REVIEW: Interaction INT-0002 exhibits strong signature alignment (80%). Export forensic video clip for investigation.
SIG-F87F9FD8,INT-0003,FUSED-INT-0003,StandardMotorcycleSnatch,0.2,Weak Match,0.1538,1,3,ROUTINE RECORD: Interaction INT-0003 exhibits low signature alignment (20%). No immediate forensic action required.
SIG-3663B50E,INT-0004,FUSED-INT-0004,StandardMotorcycleSnatch,0.2,Weak Match,0.1515,1,3,ROUTINE RECORD: Interaction INT-0004 exhibits low signature alignment (20%). No immediate forensic action required.
SIG-351D323F,INT-0005,FUSED-INT-0005,StandardMotorcycleSnatch,0.2,Weak Match,0.1391,1,3,ROUTINE RECORD: Interaction INT-0005 exhibits low signature alignment (20%). No immediate forensic action required.
SIG-D93CDC9E,INT-0006,FUSED-INT-0006,StandardMotorcycleSnatch,0.2,Weak Match,0.1461,1,3,ROUTINE RECORD: Interaction INT-0006 exhibits low signature alignment (20%). No immediate forensic action required.
SIG-5333D8DC,INT-0007,FUSED-INT-0007,StandardMotorcycleSnatch,0.2,Weak Match,0.1692,1,3,ROUTINE RECORD: Interaction INT-0007 exhibits low signature alignment (20%). No immediate forensic action required.
SIG-FA89BB64,INT-0008,FUSED-INT-0008,StandardMotorcycleSnatch,0.2,Weak Match,0.1809,1,3,ROUTINE RECORD: Interaction INT-0008 exhibits low signature alignment (20%). No immediate forensic action required.
SIG-C61EA541,INT-0009,FUSED-INT-0009,StandardMotorcycleSnatch,0.2,Weak Match,0.1457,1,3,ROUTINE RECORD: Interaction INT-0009 exhibits low signature alignment (20%). No immediate forensic action required.
SIG-F4143536,INT-0010,FUSED-INT-0010,StandardMotorcycleSnatch,0.2,Weak Match,0.147,1,3,ROUTINE RECORD: Interaction INT-0010 exhibits low signature alignment (20%). No immediate forensic action required.
SIG-4829684F,INT-0011,FUSED-INT-0011,StandardMotorcycleSnatch,0.2,Weak Match,0.148,1,3,ROUTINE RECORD: Interaction INT-0011 exhibits low signature alignment (20%). No immediate forensic action required.
SIG-DBCBA29C,INT-0012,FUSED-INT-0012,StandardMotorcycleSnatch,0.2,Weak Match,0.148,1,3,ROUTINE RECORD: Interaction INT-0012 exhibits low signature alignment (20%). No immediate forensic action required.
SIG-AED76C3E,INT-0013,FUSED-INT-0013,StandardMotorcycleSnatch,0.2,Weak Match,0.148,1,3,ROUTINE RECORD: Interaction INT-0013 exhibits low signature alignment (20%). No immediate forensic action required.
SIG-0EBC312D,INT-0014,FUSED-INT-0014,StandardMotorcycleSnatch,0.2,Weak Match,0.146,1,3,ROUTINE RECORD: Interaction INT-0014 exhibits low signature alignment (20%). No immediate forensic action required.
SIG-1912F8E5,INT-0015,FUSED-INT-0015,StandardMotorcycleSnatch,0.2,Weak Match,0.146,1,3,ROUTINE RECORD: Interaction INT-0015 exhibits low signature alignment (20%). No immediate forensic action required.
SIG-449EA8C6,INT-0016,FUSED-INT-0016,StandardMotorcycleSnatch,0.2,Weak Match,0.146,1,3,ROUTINE RECORD: Interaction INT-0016 exhibits low signature alignment (20%). No immediate forensic action required.
SIG-82A8E70C,INT-0017,FUSED-INT-0017,StandardMotorcycleSnatch,0.2,Weak Match,0.146,1,3,ROUTINE RECORD: Interaction INT-0017 exhibits low signature alignment (20%). No immediate forensic action required.
SIG-40CADCD4,INT-0018,FUSED-INT-0018,StandardMotorcycleSnatch,0.4,Weak Match,0.2831,2,2,ROUTINE RECORD: Interaction INT-0018 exhibits low signature alignment (40%). No immediate forensic action required.
SIG-362330EB,INT-0019,FUSED-INT-0019,StandardMotorcycleSnatch,0.4,Weak Match,0.3084,2,2,ROUTINE RECORD: Interaction INT-0019 exhibits low signature alignment (40%). No immediate forensic action required.
SIG-BB7E2237,INT-0020,FUSED-INT-0020,StandardMotorcycleSnatch,0.4,Weak Match,0.2797,2,2,ROUTINE RECORD: Interaction INT-0020 exhibits low signature alignment (40%). No immediate forensic action required.
SIG-104F068B,INT-0001,FUSED-INT-0001,StandardMotorcycleSnatch,0.2,Weak Match,0.1681,1,3,ROUTINE RECORD: Interaction INT-0001 exhibits low signature alignment (20%). No immediate forensic action required.
SIG-00DA6F13,INT-0002,FUSED-INT-0002,StandardMotorcycleSnatch,0.8,High Confidence Match,0.6634,3,1,FLAGGED FOR HIGH-PRIORITY FORENSIC REVIEW: Interaction INT-0002 exhibits strong signature alignment (80%). Export forensic video clip for investigation.
SIG-BD110349,INT-0003,FUSED-INT-0003,StandardMotorcycleSnatch,0.2,Weak Match,0.1538,1,3,ROUTINE RECORD: Interaction INT-0003 exhibits low signature alignment (20%). No immediate forensic action required.
SIG-04690D00,INT-0004,FUSED-INT-0004,StandardMotorcycleSnatch,0.2,Weak Match,0.1514,1,3,ROUTINE RECORD: Interaction INT-0004 exhibits low signature alignment (20%). No immediate forensic action required.
SIG-681429C7,INT-0005,FUSED-INT-0005,StandardMotorcycleSnatch,0.2,Weak Match,0.1391,1,3,ROUTINE RECORD: Interaction INT-0005 exhibits low signature alignment (20%). No immediate forensic action required.
SIG-B0D629C4,INT-0006,FUSED-INT-0006,StandardMotorcycleSnatch,0.2,Weak Match,0.1461,1,3,ROUTINE RECORD: Interaction INT-0006 exhibits low signature alignment (20%). No immediate forensic action required.
SIG-B2275A8D,INT-0007,FUSED-INT-0007,StandardMotorcycleSnatch,0.2,Weak Match,0.1692,1,3,ROUTINE RECORD: Interaction INT-0007 exhibits low signature alignment (20%). No immediate forensic action required.
SIG-95A25C2E,INT-0008,FUSED-INT-0008,StandardMotorcycleSnatch,0.2,Weak Match,0.1809,1,3,ROUTINE RECORD: Interaction INT-0008 exhibits low signature alignment (20%). No immediate forensic action required.
SIG-14C65C60,INT-0009,FUSED-INT-0009,StandardMotorcycleSnatch,0.2,Weak Match,0.1457,1,3,ROUTINE RECORD: Interaction INT-0009 exhibits low signature alignment (20%). No immediate forensic action required.
SIG-9BFFE571,INT-0010,FUSED-INT-0010,StandardMotorcycleSnatch,0.2,Weak Match,0.147,1,3,ROUTINE RECORD: Interaction INT-0010 exhibits low signature alignment (20%). No immediate forensic action required.
SIG-9239730A,INT-0011,FUSED-INT-0011,StandardMotorcycleSnatch,0.2,Weak Match,0.148,1,3,ROUTINE RECORD: Interaction INT-0011 exhibits low signature alignment (20%). No immediate forensic action required.
SIG-6B6EF608,INT-0012,FUSED-INT-0012,StandardMotorcycleSnatch,0.2,Weak Match,0.148,1,3,ROUTINE RECORD: Interaction INT-0012 exhibits low signature alignment (20%). No immediate forensic action required.
SIG-968D8CF9,INT-0013,FUSED-INT-0013,StandardMotorcycleSnatch,0.2,Weak Match,0.148,1,3,ROUTINE RECORD: Interaction INT-0013 exhibits low signature alignment (20%). No immediate forensic action required.
SIG-854EA0C1,INT-0014,FUSED-INT-0014,StandardMotorcycleSnatch,0.2,Weak Match,0.146,1,3,ROUTINE RECORD: Interaction INT-0014 exhibits low signature alignment (20%). No immediate forensic action required.
SIG-DFBF2542,INT-0015,FUSED-INT-0015,StandardMotorcycleSnatch,0.2,Weak Match,0.146,1,3,ROUTINE RECORD: Interaction INT-0015 exhibits low signature alignment (20%). No immediate forensic action required.
SIG-F37D6E53,INT-0016,FUSED-INT-0016,StandardMotorcycleSnatch,0.2,Weak Match,0.146,1,3,ROUTINE RECORD: Interaction INT-0016 exhibits low signature alignment (20%). No immediate forensic action required.
SIG-ABE49E4B,INT-0017,FUSED-INT-0017,StandardMotorcycleSnatch,0.2,Weak Match,0.146,1,3,ROUTINE RECORD: Interaction INT-0017 exhibits low signature alignment (20%). No immediate forensic action required.
SIG-92A5E582,INT-0018,FUSED-INT-0018,StandardMotorcycleSnatch,0.4,Weak Match,0.2831,2,2,ROUTINE RECORD: Interaction INT-0018 exhibits low signature alignment (40%). No immediate forensic action required.
SIG-336C254B,INT-0019,FUSED-INT-0019,StandardMotorcycleSnatch,0.4,Weak Match,0.3084,2,2,ROUTINE RECORD: Interaction INT-0019 exhibits low signature alignment (40%). No immediate forensic action required.
SIG-751840E3,INT-0020,FUSED-INT-0020,StandardMotorcycleSnatch,0.4,Weak Match,0.281,2,2,ROUTINE RECORD: Interaction INT-0020 exhibits low signature alignment (40%). No immediate forensic action required.
SIG-0DEA4018,INT-0001,FUSED-INT-0001,StandardMotorcycleSnatch,0.2,Weak Match,0.1681,1,3,ROUTINE RECORD: Interaction INT-0001 exhibits low signature alignment (20%). No immediate forensic action required.
SIG-441B7EA9,INT-0002,FUSED-INT-0002,StandardMotorcycleSnatch,0.8,High Confidence Match,0.6634,3,1,FLAGGED FOR HIGH-PRIORITY FORENSIC REVIEW: Interaction INT-0002 exhibits strong signature alignment (80%). Export forensic video clip for investigation.
SIG-00E0C39A,INT-0003,FUSED-INT-0003,StandardMotorcycleSnatch,0.2,Weak Match,0.1538,1,3,ROUTINE RECORD: Interaction INT-0003 exhibits low signature alignment (20%). No immediate forensic action required.
SIG-B8905840,INT-0004,FUSED-INT-0004,StandardMotorcycleSnatch,0.2,Weak Match,0.1514,1,3,ROUTINE RECORD: Interaction INT-0004 exhibits low signature alignment (20%). No immediate forensic action required.
SIG-37D43E7A,INT-0005,FUSED-INT-0005,StandardMotorcycleSnatch,0.2,Weak Match,0.1391,1,3,ROUTINE RECORD: Interaction INT-0005 exhibits low signature alignment (20%). No immediate forensic action required.
SIG-133A6373,INT-0006,FUSED-INT-0006,StandardMotorcycleSnatch,0.2,Weak Match,0.1461,1,3,ROUTINE RECORD: Interaction INT-0006 exhibits low signature alignment (20%). No immediate forensic action required.
SIG-3F01DFA8,INT-0007,FUSED-INT-0007,StandardMotorcycleSnatch,0.2,Weak Match,0.1692,1,3,ROUTINE RECORD: Interaction INT-0007 exhibits low signature alignment (20%). No immediate forensic action required.
SIG-F8FC289D,INT-0008,FUSED-INT-0008,StandardMotorcycleSnatch,0.2,Weak Match,0.1809,1,3,ROUTINE RECORD: Interaction INT-0008 exhibits low signature alignment (20%). No immediate forensic action required.
SIG-3E03EE01,INT-0009,FUSED-INT-0009,StandardMotorcycleSnatch,0.2,Weak Match,0.1457,1,3,ROUTINE RECORD: Interaction INT-0009 exhibits low signature alignment (20%). No immediate forensic action required.
SIG-639C3A66,INT-0010,FUSED-INT-0010,StandardMotorcycleSnatch,0.2,Weak Match,0.147,1,3,ROUTINE RECORD: Interaction INT-0010 exhibits low signature alignment (20%). No immediate forensic action required.
SIG-057F2665,INT-0011,FUSED-INT-0011,StandardMotorcycleSnatch,0.2,Weak Match,0.148,1,3,ROUTINE RECORD: Interaction INT-0011 exhibits low signature alignment (20%). No immediate forensic action required.
SIG-7CA33D70,INT-0012,FUSED-INT-0012,StandardMotorcycleSnatch,0.2,Weak Match,0.148,1,3,ROUTINE RECORD: Interaction INT-0012 exhibits low signature alignment (20%). No immediate forensic action required.
SIG-D63C60CF,INT-0013,FUSED-INT-0013,StandardMotorcycleSnatch,0.2,Weak Match,0.148,1,3,ROUTINE RECORD: Interaction INT-0013 exhibits low signature alignment (20%). No immediate forensic action required.
SIG-023513B3,INT-0014,FUSED-INT-0014,StandardMotorcycleSnatch,0.2,Weak Match,0.146,1,3,ROUTINE RECORD: Interaction INT-0014 exhibits low signature alignment (20%). No immediate forensic action required.
SIG-60C2749A,INT-0015,FUSED-INT-0015,StandardMotorcycleSnatch,0.2,Weak Match,0.146,1,3,ROUTINE RECORD: Interaction INT-0015 exhibits low signature alignment (20%). No immediate forensic action required.
SIG-A113DF9B,INT-0016,FUSED-INT-0016,StandardMotorcycleSnatch,0.2,Weak Match,0.146,1,3,ROUTINE RECORD: Interaction INT-0016 exhibits low signature alignment (20%). No immediate forensic action required.
SIG-D464EA46,INT-0017,FUSED-INT-0017,StandardMotorcycleSnatch,0.2,Weak Match,0.146,1,3,ROUTINE RECORD: Interaction INT-0017 exhibits low signature alignment (20%). No immediate forensic action required.
SIG-4DD97171,INT-0018,FUSED-INT-0018,StandardMotorcycleSnatch,0.4,Weak Match,0.2831,2,2,ROUTINE RECORD: Interaction INT-0018 exhibits low signature alignment (40%). No immediate forensic action required.
SIG-D0577685,INT-0019,FUSED-INT-0019,StandardMotorcycleSnatch,0.4,Weak Match,0.3084,2,2,ROUTINE RECORD: Interaction INT-0019 exhibits low signature alignment (40%). No immediate forensic action required.
SIG-A5DAD54F,INT-0020,FUSED-INT-0020,StandardMotorcycleSnatch,0.4,Weak Match,0.281,2,2,ROUTINE RECORD: Interaction INT-0020 exhibits low signature alignment (40%). No immediate forensic action required.
SIG-FE267BCF,INT-0001,FUSED-INT-0001,StandardMotorcycleSnatch,0.2,Weak Match,0.1681,1,3,ROUTINE RECORD: Interaction INT-0001 exhibits low signature alignment (20%). No immediate forensic action required.
SIG-8EAEA601,INT-0002,FUSED-INT-0002,StandardMotorcycleSnatch,0.8,High Confidence Match,0.6634,3,1,FLAGGED FOR HIGH-PRIORITY FORENSIC REVIEW: Interaction INT-0002 exhibits strong signature alignment (80%). Export forensic video clip for investigation.
SIG-6ACA421E,INT-0003,FUSED-INT-0003,StandardMotorcycleSnatch,0.2,Weak Match,0.1538,1,3,ROUTINE RECORD: Interaction INT-0003 exhibits low signature alignment (20%). No immediate forensic action required.
SIG-81A2A1E7,INT-0004,FUSED-INT-0004,StandardMotorcycleSnatch,0.2,Weak Match,0.1513,1,3,ROUTINE RECORD: Interaction INT-0004 exhibits low signature alignment (20%). No immediate forensic action required.
SIG-B7EBCD70,INT-0005,FUSED-INT-0005,StandardMotorcycleSnatch,0.2,Weak Match,0.1391,1,3,ROUTINE RECORD: Interaction INT-0005 exhibits low signature alignment (20%). No immediate forensic action required.
SIG-11340DC6,INT-0006,FUSED-INT-0006,StandardMotorcycleSnatch,0.2,Weak Match,0.1461,1,3,ROUTINE RECORD: Interaction INT-0006 exhibits low signature alignment (20%). No immediate forensic action required.
SIG-904DEB58,INT-0007,FUSED-INT-0007,StandardMotorcycleSnatch,0.2,Weak Match,0.1692,1,3,ROUTINE RECORD: Interaction INT-0007 exhibits low signature alignment (20%). No immediate forensic action required.
SIG-86F0A70D,INT-0008,FUSED-INT-0008,StandardMotorcycleSnatch,0.2,Weak Match,0.1809,1,3,ROUTINE RECORD: Interaction INT-0008 exhibits low signature alignment (20%). No immediate forensic action required.
SIG-24DB4BCA,INT-0009,FUSED-INT-0009,StandardMotorcycleSnatch,0.2,Weak Match,0.1457,1,3,ROUTINE RECORD: Interaction INT-0009 exhibits low signature alignment (20%). No immediate forensic action required.
SIG-1F832341,INT-0010,FUSED-INT-0010,StandardMotorcycleSnatch,0.2,Weak Match,0.147,1,3,ROUTINE RECORD: Interaction INT-0010 exhibits low signature alignment (20%). No immediate forensic action required.
SIG-F7677CC8,INT-0011,FUSED-INT-0011,StandardMotorcycleSnatch,0.2,Weak Match,0.148,1,3,ROUTINE RECORD: Interaction INT-0011 exhibits low signature alignment (20%). No immediate forensic action required.
SIG-4E05BB3F,INT-0012,FUSED-INT-0012,StandardMotorcycleSnatch,0.2,Weak Match,0.148,1,3,ROUTINE RECORD: Interaction INT-0012 exhibits low signature alignment (20%). No immediate forensic action required.
SIG-CAE352B3,INT-0013,FUSED-INT-0013,StandardMotorcycleSnatch,0.2,Weak Match,0.148,1,3,ROUTINE RECORD: Interaction INT-0013 exhibits low signature alignment (20%). No immediate forensic action required.
SIG-BA0F461C,INT-0014,FUSED-INT-0014,StandardMotorcycleSnatch,0.2,Weak Match,0.146,1,3,ROUTINE RECORD: Interaction INT-0014 exhibits low signature alignment (20%). No immediate forensic action required.
SIG-AA1A50D9,INT-0015,FUSED-INT-0015,StandardMotorcycleSnatch,0.2,Weak Match,0.146,1,3,ROUTINE RECORD: Interaction INT-0015 exhibits low signature alignment (20%). No immediate forensic action required.
SIG-08F2EE79,INT-0016,FUSED-INT-0016,StandardMotorcycleSnatch,0.2,Weak Match,0.146,1,3,ROUTINE RECORD: Interaction INT-0016 exhibits low signature alignment (20%). No immediate forensic action required.
SIG-78028DBB,INT-0017,FUSED-INT-0017,StandardMotorcycleSnatch,0.2,Weak Match,0.146,1,3,ROUTINE RECORD: Interaction INT-0017 exhibits low signature alignment (20%). No immediate forensic action required.
SIG-2C279539,INT-0018,FUSED-INT-0018,StandardMotorcycleSnatch,0.4,Weak Match,0.2831,2,2,ROUTINE RECORD: Interaction INT-0018 exhibits low signature alignment (40%). No immediate forensic action required.
SIG-DAD4D101,INT-0019,FUSED-INT-0019,StandardMotorcycleSnatch,0.4,Weak Match,0.3084,2,2,ROUTINE RECORD: Interaction INT-0019 exhibits low signature alignment (40%). No immediate forensic action required.
SIG-CEAB2D74,INT-0020,FUSED-INT-0020,StandardMotorcycleSnatch,0.4,Weak Match,0.281,2,2,ROUTINE RECORD: Interaction INT-0020 exhibits low signature alignment (40%). No immediate forensic action required.
SIG-AD996AF5,INT-0001,FUSED-INT-0001,StandardMotorcycleSnatch,0.2,Weak Match,0.1681,1,3,ROUTINE RECORD: Interaction INT-0001 exhibits low signature alignment (20%). No immediate forensic action required.
SIG-7D330ED0,INT-0002,FUSED-INT-0002,StandardMotorcycleSnatch,0.8,High Confidence Match,0.6634,3,1,FLAGGED FOR HIGH-PRIORITY FORENSIC REVIEW: Interaction INT-0002 exhibits strong signature alignment (80%). Export forensic video clip for investigation.
SIG-8F6E4895,INT-0003,FUSED-INT-0003,StandardMotorcycleSnatch,0.2,Weak Match,0.1538,1,3,ROUTINE RECORD: Interaction INT-0003 exhibits low signature alignment (20%). No immediate forensic action required.
SIG-D74E0868,INT-0004,FUSED-INT-0004,StandardMotorcycleSnatch,0.2,Weak Match,0.1513,1,3,ROUTINE RECORD: Interaction INT-0004 exhibits low signature alignment (20%). No immediate forensic action required.
SIG-0C82310A,INT-0005,FUSED-INT-0005,StandardMotorcycleSnatch,0.2,Weak Match,0.1391,1,3,ROUTINE RECORD: Interaction INT-0005 exhibits low signature alignment (20%). No immediate forensic action required.
SIG-6B67C9BE,INT-0006,FUSED-INT-0006,StandardMotorcycleSnatch,0.2,Weak Match,0.1461,1,3,ROUTINE RECORD: Interaction INT-0006 exhibits low signature alignment (20%). No immediate forensic action required.
SIG-C066523B,INT-0007,FUSED-INT-0007,StandardMotorcycleSnatch,0.2,Weak Match,0.1692,1,3,ROUTINE RECORD: Interaction INT-0007 exhibits low signature alignment (20%). No immediate forensic action required.
SIG-F2A945DF,INT-0008,FUSED-INT-0008,StandardMotorcycleSnatch,0.2,Weak Match,0.1809,1,3,ROUTINE RECORD: Interaction INT-0008 exhibits low signature alignment (20%). No immediate forensic action required.
SIG-2F11F8E1,INT-0009,FUSED-INT-0009,StandardMotorcycleSnatch,0.2,Weak Match,0.1457,1,3,ROUTINE RECORD: Interaction INT-0009 exhibits low signature alignment (20%). No immediate forensic action required.
SIG-504477EA,INT-0010,FUSED-INT-0010,StandardMotorcycleSnatch,0.2,Weak Match,0.147,1,3,ROUTINE RECORD: Interaction INT-0010 exhibits low signature alignment (20%). No immediate forensic action required.
SIG-2187309B,INT-0011,FUSED-INT-0011,StandardMotorcycleSnatch,0.2,Weak Match,0.148,1,3,ROUTINE RECORD: Interaction INT-0011 exhibits low signature alignment (20%). No immediate forensic action required.
SIG-1DD0E23D,INT-0012,FUSED-INT-0012,StandardMotorcycleSnatch,0.2,Weak Match,0.148,1,3,ROUTINE RECORD: Interaction INT-0012 exhibits low signature alignment (20%). No immediate forensic action required.
SIG-A9F0660D,INT-0013,FUSED-INT-0013,StandardMotorcycleSnatch,0.2,Weak Match,0.148,1,3,ROUTINE RECORD: Interaction INT-0013 exhibits low signature alignment (20%). No immediate forensic action required.
SIG-1E461914,INT-0014,FUSED-INT-0014,StandardMotorcycleSnatch,0.2,Weak Match,0.146,1,3,ROUTINE RECORD: Interaction INT-0014 exhibits low signature alignment (20%). No immediate forensic action required.
SIG-AE59AF3E,INT-0015,FUSED-INT-0015,StandardMotorcycleSnatch,0.2,Weak Match,0.146,1,3,ROUTINE RECORD: Interaction INT-0015 exhibits low signature alignment (20%). No immediate forensic action required.
SIG-CD4352CF,INT-0016,FUSED-INT-0016,StandardMotorcycleSnatch,0.2,Weak Match,0.146,1,3,ROUTINE RECORD: Interaction INT-0016 exhibits low signature alignment (20%). No immediate forensic action required.
SIG-0D0106BD,INT-0017,FUSED-INT-0017,StandardMotorcycleSnatch,0.2,Weak Match,0.146,1,3,ROUTINE RECORD: Interaction INT-0017 exhibits low signature alignment (20%). No immediate forensic action required.
SIG-2761F4BB,INT-0018,FUSED-INT-0018,StandardMotorcycleSnatch,0.4,Weak Match,0.2831,2,2,ROUTINE RECORD: Interaction INT-0018 exhibits low signature alignment (40%). No immediate forensic action required.
SIG-DC1A76DA,INT-0019,FUSED-INT-0019,StandardMotorcycleSnatch,0.4,Weak Match,0.3084,2,2,ROUTINE RECORD: Interaction INT-0019 exhibits low signature alignment (40%). No immediate forensic action required.
SIG-7DDC3550,INT-0020,FUSED-INT-0020,StandardMotorcycleSnatch,0.4,Weak Match,0.281,2,2,ROUTINE RECORD: Interaction INT-0020 exhibits low signature alignment (40%). No immediate forensic action required.
SIG-11500CEE,INT-0001,FUSED-INT-0001,StandardMotorcycleSnatch,0.2,Weak Match,0.1681,1,3,ROUTINE RECORD: Interaction INT-0001 exhibits low signature alignment (20%). No immediate forensic action required.
SIG-BE395F4E,INT-0002,FUSED-INT-0002,StandardMotorcycleSnatch,0.8,High Confidence Match,0.6634,3,1,FLAGGED FOR HIGH-PRIORITY FORENSIC REVIEW: Interaction INT-0002 exhibits strong signature alignment (80%). Export forensic video clip for investigation.
SIG-28102B2A,INT-0003,FUSED-INT-0003,StandardMotorcycleSnatch,0.2,Weak Match,0.1538,1,3,ROUTINE RECORD: Interaction INT-0003 exhibits low signature alignment (20%). No immediate forensic action required.
SIG-A022B3E1,INT-0004,FUSED-INT-0004,StandardMotorcycleSnatch,0.2,Weak Match,0.1512,1,3,ROUTINE RECORD: Interaction INT-0004 exhibits low signature alignment (20%). No immediate forensic action required.
SIG-DD4D162E,INT-0005,FUSED-INT-0005,StandardMotorcycleSnatch,0.2,Weak Match,0.1391,1,3,ROUTINE RECORD: Interaction INT-0005 exhibits low signature alignment (20%). No immediate forensic action required.
SIG-C76D9FD8,INT-0006,FUSED-INT-0006,StandardMotorcycleSnatch,0.2,Weak Match,0.1461,1,3,ROUTINE RECORD: Interaction INT-0006 exhibits low signature alignment (20%). No immediate forensic action required.
SIG-1E246A1D,INT-0007,FUSED-INT-0007,StandardMotorcycleSnatch,0.2,Weak Match,0.1692,1,3,ROUTINE RECORD: Interaction INT-0007 exhibits low signature alignment (20%). No immediate forensic action required.
SIG-963F70E9,INT-0008,FUSED-INT-0008,StandardMotorcycleSnatch,0.2,Weak Match,0.1809,1,3,ROUTINE RECORD: Interaction INT-0008 exhibits low signature alignment (20%). No immediate forensic action required.
SIG-91C8B0CF,INT-0009,FUSED-INT-0009,StandardMotorcycleSnatch,0.2,Weak Match,0.1457,1,3,ROUTINE RECORD: Interaction INT-0009 exhibits low signature alignment (20%). No immediate forensic action required.
SIG-950239B5,INT-0010,FUSED-INT-0010,StandardMotorcycleSnatch,0.2,Weak Match,0.147,1,3,ROUTINE RECORD: Interaction INT-0010 exhibits low signature alignment (20%). No immediate forensic action required.
SIG-0A508E49,INT-0011,FUSED-INT-0011,StandardMotorcycleSnatch,0.2,Weak Match,0.148,1,3,ROUTINE RECORD: Interaction INT-0011 exhibits low signature alignment (20%). No immediate forensic action required.
SIG-D51082C5,INT-0012,FUSED-INT-0012,StandardMotorcycleSnatch,0.2,Weak Match,0.148,1,3,ROUTINE RECORD: Interaction INT-0012 exhibits low signature alignment (20%). No immediate forensic action required.
SIG-591453CA,INT-0013,FUSED-INT-0013,StandardMotorcycleSnatch,0.2,Weak Match,0.148,1,3,ROUTINE RECORD: Interaction INT-0013 exhibits low signature alignment (20%). No immediate forensic action required.
SIG-D26BE938,INT-0014,FUSED-INT-0014,StandardMotorcycleSnatch,0.2,Weak Match,0.146,1,3,ROUTINE RECORD: Interaction INT-0014 exhibits low signature alignment (20%). No immediate forensic action required.
SIG-3BA10319,INT-0015,FUSED-INT-0015,StandardMotorcycleSnatch,0.2,Weak Match,0.146,1,3,ROUTINE RECORD: Interaction INT-0015 exhibits low signature alignment (20%). No immediate forensic action required.
SIG-7FDD3F50,INT-0016,FUSED-INT-0016,StandardMotorcycleSnatch,0.2,Weak Match,0.146,1,3,ROUTINE RECORD: Interaction INT-0016 exhibits low signature alignment (20%). No immediate forensic action required.
SIG-F1265BF4,INT-0017,FUSED-INT-0017,StandardMotorcycleSnatch,0.2,Weak Match,0.146,1,3,ROUTINE RECORD: Interaction INT-0017 exhibits low signature alignment (20%). No immediate forensic action required.
SIG-EE94CC9D,INT-0018,FUSED-INT-0018,StandardMotorcycleSnatch,0.4,Weak Match,0.2831,2,2,ROUTINE RECORD: Interaction INT-0018 exhibits low signature alignment (40%). No immediate forensic action required.
SIG-CC58EEC0,INT-0019,FUSED-INT-0019,StandardMotorcycleSnatch,0.4,Weak Match,0.3084,2,2,ROUTINE RECORD: Interaction INT-0019 exhibits low signature alignment (40%). No immediate forensic action required.
SIG-E872F9D0,INT-0020,FUSED-INT-0020,StandardMotorcycleSnatch,0.4,Weak Match,0.281,2,2,ROUTINE RECORD: Interaction INT-0020 exhibits low signature alignment (40%). No immediate forensic action required.
SIG-20E3FB91,INT-0001,FUSED-INT-0001,StandardMotorcycleSnatch,0.2,Weak Match,0.1681,1,3,ROUTINE RECORD: Interaction INT-0001 exhibits low signature alignment (20%). No immediate forensic action required.
SIG-188B9C03,INT-0002,FUSED-INT-0002,StandardMotorcycleSnatch,0.8,High Confidence Match,0.6634,3,1,FLAGGED FOR HIGH-PRIORITY FORENSIC REVIEW: Interaction INT-0002 exhibits strong signature alignment (80%). Export forensic video clip for investigation.
SIG-81C3FC70,INT-0003,FUSED-INT-0003,StandardMotorcycleSnatch,0.2,Weak Match,0.1538,1,3,ROUTINE RECORD: Interaction INT-0003 exhibits low signature alignment (20%). No immediate forensic action required.
SIG-FD9723DA,INT-0004,FUSED-INT-0004,StandardMotorcycleSnatch,0.2,Weak Match,0.1512,1,3,ROUTINE RECORD: Interaction INT-0004 exhibits low signature alignment (20%). No immediate forensic action required.
SIG-9F6B79AF,INT-0005,FUSED-INT-0005,StandardMotorcycleSnatch,0.2,Weak Match,0.1391,1,3,ROUTINE RECORD: Interaction INT-0005 exhibits low signature alignment (20%). No immediate forensic action required.
SIG-8640368E,INT-0006,FUSED-INT-0006,StandardMotorcycleSnatch,0.2,Weak Match,0.1461,1,3,ROUTINE RECORD: Interaction INT-0006 exhibits low signature alignment (20%). No immediate forensic action required.
SIG-EFC6818A,INT-0007,FUSED-INT-0007,StandardMotorcycleSnatch,0.2,Weak Match,0.1692,1,3,ROUTINE RECORD: Interaction INT-0007 exhibits low signature alignment (20%). No immediate forensic action required.
SIG-5C2E6912,INT-0008,FUSED-INT-0008,StandardMotorcycleSnatch,0.2,Weak Match,0.1809,1,3,ROUTINE RECORD: Interaction INT-0008 exhibits low signature alignment (20%). No immediate forensic action required.
SIG-6D7AD490,INT-0009,FUSED-INT-0009,StandardMotorcycleSnatch,0.2,Weak Match,0.1457,1,3,ROUTINE RECORD: Interaction INT-0009 exhibits low signature alignment (20%). No immediate forensic action required.
SIG-886483C6,INT-0010,FUSED-INT-0010,StandardMotorcycleSnatch,0.2,Weak Match,0.147,1,3,ROUTINE RECORD: Interaction INT-0010 exhibits low signature alignment (20%). No immediate forensic action required.
SIG-DD2714E8,INT-0011,FUSED-INT-0011,StandardMotorcycleSnatch,0.2,Weak Match,0.148,1,3,ROUTINE RECORD: Interaction INT-0011 exhibits low signature alignment (20%). No immediate forensic action required.
SIG-981F0C45,INT-0012,FUSED-INT-0012,StandardMotorcycleSnatch,0.2,Weak Match,0.148,1,3,ROUTINE RECORD: Interaction INT-0012 exhibits low signature alignment (20%). No immediate forensic action required.
SIG-A3795831,INT-0013,FUSED-INT-0013,StandardMotorcycleSnatch,0.2,Weak Match,0.148,1,3,ROUTINE RECORD: Interaction INT-0013 exhibits low signature alignment (20%). No immediate forensic action required.
SIG-BA0678AD,INT-0014,FUSED-INT-0014,StandardMotorcycleSnatch,0.2,Weak Match,0.146,1,3,ROUTINE RECORD: Interaction INT-0014 exhibits low signature alignment (20%). No immediate forensic action required.
SIG-2E792FF7,INT-0015,FUSED-INT-0015,StandardMotorcycleSnatch,0.2,Weak Match,0.146,1,3,ROUTINE RECORD: Interaction INT-0015 exhibits low signature alignment (20%). No immediate forensic action required.
SIG-A9F4ACA5,INT-0016,FUSED-INT-0016,StandardMotorcycleSnatch,0.2,Weak Match,0.146,1,3,ROUTINE RECORD: Interaction INT-0016 exhibits low signature alignment (20%). No immediate forensic action required.
SIG-134EC74F,INT-0017,FUSED-INT-0017,StandardMotorcycleSnatch,0.2,Weak Match,0.146,1,3,ROUTINE RECORD: Interaction INT-0017 exhibits low signature alignment (20%). No immediate forensic action required.
SIG-7790BC4E,INT-0018,FUSED-INT-0018,StandardMotorcycleSnatch,0.4,Weak Match,0.2831,2,2,ROUTINE RECORD: Interaction INT-0018 exhibits low signature alignment (40%). No immediate forensic action required.
SIG-D4E14F2C,INT-0019,FUSED-INT-0019,StandardMotorcycleSnatch,0.4,Weak Match,0.3084,2,2,ROUTINE RECORD: Interaction INT-0019 exhibits low signature alignment (40%). No immediate forensic action required.
SIG-F52287B3,INT-0020,FUSED-INT-0020,StandardMotorcycleSnatch,0.4,Weak Match,0.281,2,2,ROUTINE RECORD: Interaction INT-0020 exhibits low signature alignment (40%). No immediate forensic action required.
SIG-20084D05,INT-0001,FUSED-INT-0001,StandardMotorcycleSnatch,0.2,Weak Match,0.1681,1,3,ROUTINE RECORD: Interaction INT-0001 exhibits low signature alignment (20%). No immediate forensic action required.
SIG-CFA1F5DE,INT-0002,FUSED-INT-0002,StandardMotorcycleSnatch,0.8,High Confidence Match,0.6634,3,1,FLAGGED FOR HIGH-PRIORITY FORENSIC REVIEW: Interaction INT-0002 exhibits strong signature alignment (80%). Export forensic video clip for investigation.
SIG-84E0E2D0,INT-0003,FUSED-INT-0003,StandardMotorcycleSnatch,0.2,Weak Match,0.1538,1,3,ROUTINE RECORD: Interaction INT-0003 exhibits low signature alignment (20%). No immediate forensic action required.
SIG-74926FCB,INT-0004,FUSED-INT-0004,StandardMotorcycleSnatch,0.2,Weak Match,0.1512,1,3,ROUTINE RECORD: Interaction INT-0004 exhibits low signature alignment (20%). No immediate forensic action required.
SIG-4920135C,INT-0005,FUSED-INT-0005,StandardMotorcycleSnatch,0.2,Weak Match,0.1391,1,3,ROUTINE RECORD: Interaction INT-0005 exhibits low signature alignment (20%). No immediate forensic action required.
SIG-934577CE,INT-0006,FUSED-INT-0006,StandardMotorcycleSnatch,0.2,Weak Match,0.1461,1,3,ROUTINE RECORD: Interaction INT-0006 exhibits low signature alignment (20%). No immediate forensic action required.
SIG-8151C0A2,INT-0007,FUSED-INT-0007,StandardMotorcycleSnatch,0.2,Weak Match,0.1692,1,3,ROUTINE RECORD: Interaction INT-0007 exhibits low signature alignment (20%). No immediate forensic action required.
SIG-8350CD77,INT-0008,FUSED-INT-0008,StandardMotorcycleSnatch,0.2,Weak Match,0.1809,1,3,ROUTINE RECORD: Interaction INT-0008 exhibits low signature alignment (20%). No immediate forensic action required.
SIG-A2374B18,INT-0009,FUSED-INT-0009,StandardMotorcycleSnatch,0.2,Weak Match,0.1457,1,3,ROUTINE RECORD: Interaction INT-0009 exhibits low signature alignment (20%). No immediate forensic action required.
SIG-ACFEC5E7,INT-0010,FUSED-INT-0010,StandardMotorcycleSnatch,0.2,Weak Match,0.147,1,3,ROUTINE RECORD: Interaction INT-0010 exhibits low signature alignment (20%). No immediate forensic action required.
SIG-993FA15C,INT-0011,FUSED-INT-0011,StandardMotorcycleSnatch,0.2,Weak Match,0.148,1,3,ROUTINE RECORD: Interaction INT-0011 exhibits low signature alignment (20%). No immediate forensic action required.
SIG-838F0720,INT-0012,FUSED-INT-0012,StandardMotorcycleSnatch,0.2,Weak Match,0.148,1,3,ROUTINE RECORD: Interaction INT-0012 exhibits low signature alignment (20%). No immediate forensic action required.
SIG-2D6C96B8,INT-0013,FUSED-INT-0013,StandardMotorcycleSnatch,0.2,Weak Match,0.148,1,3,ROUTINE RECORD: Interaction INT-0013 exhibits low signature alignment (20%). No immediate forensic action required.
SIG-57DEF8BC,INT-0014,FUSED-INT-0014,StandardMotorcycleSnatch,0.2,Weak Match,0.146,1,3,ROUTINE RECORD: Interaction INT-0014 exhibits low signature alignment (20%). No immediate forensic action required.
SIG-F470ECF4,INT-0015,FUSED-INT-0015,StandardMotorcycleSnatch,0.2,Weak Match,0.146,1,3,ROUTINE RECORD: Interaction INT-0015 exhibits low signature alignment (20%). No immediate forensic action required.
SIG-DE8420C0,INT-0016,FUSED-INT-0016,StandardMotorcycleSnatch,0.2,Weak Match,0.146,1,3,ROUTINE RECORD: Interaction INT-0016 exhibits low signature alignment (20%). No immediate forensic action required.
SIG-9E04FA8C,INT-0017,FUSED-INT-0017,StandardMotorcycleSnatch,0.2,Weak Match,0.146,1,3,ROUTINE RECORD: Interaction INT-0017 exhibits low signature alignment (20%). No immediate forensic action required.
SIG-39C6AC2A,INT-0018,FUSED-INT-0018,StandardMotorcycleSnatch,0.4,Weak Match,0.2831,2,2,ROUTINE RECORD: Interaction INT-0018 exhibits low signature alignment (40%). No immediate forensic action required.
SIG-B767DD7E,INT-0019,FUSED-INT-0019,StandardMotorcycleSnatch,0.4,Weak Match,0.3084,2,2,ROUTINE RECORD: Interaction INT-0019 exhibits low signature alignment (40%). No immediate forensic action required.
SIG-4A5BE258,INT-0020,FUSED-INT-0020,StandardMotorcycleSnatch,0.4,Weak Match,0.281,2,2,ROUTINE RECORD: Interaction INT-0020 exhibits low signature alignment (40%). No immediate forensic action required.
SIG-2E71D118,INT-0001,FUSED-INT-0001,StandardMotorcycleSnatch,0.2,Weak Match,0.1681,1,3,ROUTINE RECORD: Interaction INT-0001 exhibits low signature alignment (20%). No immediate forensic action required.
SIG-B5FA5CD6,INT-0002,FUSED-INT-0002,StandardMotorcycleSnatch,0.8,High Confidence Match,0.6634,3,1,FLAGGED FOR HIGH-PRIORITY FORENSIC REVIEW: Interaction INT-0002 exhibits strong signature alignment (80%). Export forensic video clip for investigation.
SIG-896439A5,INT-0003,FUSED-INT-0003,StandardMotorcycleSnatch,0.2,Weak Match,0.1538,1,3,ROUTINE RECORD: Interaction INT-0003 exhibits low signature alignment (20%). No immediate forensic action required.
SIG-BA107B5D,INT-0004,FUSED-INT-0004,StandardMotorcycleSnatch,0.2,Weak Match,0.1511,1,3,ROUTINE RECORD: Interaction INT-0004 exhibits low signature alignment (20%). No immediate forensic action required.
SIG-7C364AC4,INT-0005,FUSED-INT-0005,StandardMotorcycleSnatch,0.2,Weak Match,0.1391,1,3,ROUTINE RECORD: Interaction INT-0005 exhibits low signature alignment (20%). No immediate forensic action required.
SIG-10346CCD,INT-0006,FUSED-INT-0006,StandardMotorcycleSnatch,0.2,Weak Match,0.1461,1,3,ROUTINE RECORD: Interaction INT-0006 exhibits low signature alignment (20%). No immediate forensic action required.
SIG-DBD18C27,INT-0007,FUSED-INT-0007,StandardMotorcycleSnatch,0.2,Weak Match,0.1692,1,3,ROUTINE RECORD: Interaction INT-0007 exhibits low signature alignment (20%). No immediate forensic action required.
SIG-2E0BE26E,INT-0008,FUSED-INT-0008,StandardMotorcycleSnatch,0.2,Weak Match,0.1809,1,3,ROUTINE RECORD: Interaction INT-0008 exhibits low signature alignment (20%). No immediate forensic action required.
SIG-457C8D4C,INT-0009,FUSED-INT-0009,StandardMotorcycleSnatch,0.2,Weak Match,0.1457,1,3,ROUTINE RECORD: Interaction INT-0009 exhibits low signature alignment (20%). No immediate forensic action required.
SIG-7BBE7925,INT-0010,FUSED-INT-0010,StandardMotorcycleSnatch,0.2,Weak Match,0.147,1,3,ROUTINE RECORD: Interaction INT-0010 exhibits low signature alignment (20%). No immediate forensic action required.
SIG-4E4BFA4E,INT-0011,FUSED-INT-0011,StandardMotorcycleSnatch,0.2,Weak Match,0.148,1,3,ROUTINE RECORD: Interaction INT-0011 exhibits low signature alignment (20%). No immediate forensic action required.
SIG-C566AC5D,INT-0012,FUSED-INT-0012,StandardMotorcycleSnatch,0.2,Weak Match,0.148,1,3,ROUTINE RECORD: Interaction INT-0012 exhibits low signature alignment (20%). No immediate forensic action required.
SIG-5F53DCA2,INT-0013,FUSED-INT-0013,StandardMotorcycleSnatch,0.2,Weak Match,0.148,1,3,ROUTINE RECORD: Interaction INT-0013 exhibits low signature alignment (20%). No immediate forensic action required.
SIG-3F2FA41C,INT-0014,FUSED-INT-0014,StandardMotorcycleSnatch,0.2,Weak Match,0.146,1,3,ROUTINE RECORD: Interaction INT-0014 exhibits low signature alignment (20%). No immediate forensic action required.
SIG-CBB7BA78,INT-0015,FUSED-INT-0015,StandardMotorcycleSnatch,0.2,Weak Match,0.146,1,3,ROUTINE RECORD: Interaction INT-0015 exhibits low signature alignment (20%). No immediate forensic action required.
SIG-C77731D2,INT-0016,FUSED-INT-0016,StandardMotorcycleSnatch,0.2,Weak Match,0.146,1,3,ROUTINE RECORD: Interaction INT-0016 exhibits low signature alignment (20%). No immediate forensic action required.
SIG-3969D66A,INT-0017,FUSED-INT-0017,StandardMotorcycleSnatch,0.2,Weak Match,0.146,1,3,ROUTINE RECORD: Interaction INT-0017 exhibits low signature alignment (20%). No immediate forensic action required.
SIG-02BF7C1B,INT-0018,FUSED-INT-0018,StandardMotorcycleSnatch,0.4,Weak Match,0.2831,2,2,ROUTINE RECORD: Interaction INT-0018 exhibits low signature alignment (40%). No immediate forensic action required.
SIG-7DABC63C,INT-0019,FUSED-INT-0019,StandardMotorcycleSnatch,0.4,Weak Match,0.3084,2,2,ROUTINE RECORD: Interaction INT-0019 exhibits low signature alignment (40%). No immediate forensic action required.
SIG-1258E233,INT-0020,FUSED-INT-0020,StandardMotorcycleSnatch,0.4,Weak Match,0.281,2,2,ROUTINE RECORD: Interaction INT-0020 exhibits low signature alignment (40%). No immediate forensic action required.
SIG-3F314C44,INT-0001,FUSED-INT-0001,StandardMotorcycleSnatch,0.2,Weak Match,0.1681,1,3,ROUTINE RECORD: Interaction INT-0001 exhibits low signature alignment (20%). No immediate forensic action required.
SIG-23C3BA4F,INT-0002,FUSED-INT-0002,StandardMotorcycleSnatch,0.8,High Confidence Match,0.6634,3,1,FLAGGED FOR HIGH-PRIORITY FORENSIC REVIEW: Interaction INT-0002 exhibits strong signature alignment (80%). Export forensic video clip for investigation.
SIG-22FAD7F0,INT-0003,FUSED-INT-0003,StandardMotorcycleSnatch,0.2,Weak Match,0.1538,1,3,ROUTINE RECORD: Interaction INT-0003 exhibits low signature alignment (20%). No immediate forensic action required.
SIG-525F73DC,INT-0004,FUSED-INT-0004,StandardMotorcycleSnatch,0.2,Weak Match,0.1511,1,3,ROUTINE RECORD: Interaction INT-0004 exhibits low signature alignment (20%). No immediate forensic action required.
SIG-2670DD2F,INT-0005,FUSED-INT-0005,StandardMotorcycleSnatch,0.2,Weak Match,0.1391,1,3,ROUTINE RECORD: Interaction INT-0005 exhibits low signature alignment (20%). No immediate forensic action required.
SIG-F9AB5D7E,INT-0006,FUSED-INT-0006,StandardMotorcycleSnatch,0.2,Weak Match,0.1461,1,3,ROUTINE RECORD: Interaction INT-0006 exhibits low signature alignment (20%). No immediate forensic action required.
SIG-C47123AB,INT-0007,FUSED-INT-0007,StandardMotorcycleSnatch,0.2,Weak Match,0.1692,1,3,ROUTINE RECORD: Interaction INT-0007 exhibits low signature alignment (20%). No immediate forensic action required.
SIG-CCB3E2B3,INT-0008,FUSED-INT-0008,StandardMotorcycleSnatch,0.2,Weak Match,0.1809,1,3,ROUTINE RECORD: Interaction INT-0008 exhibits low signature alignment (20%). No immediate forensic action required.
SIG-50E96CC5,INT-0009,FUSED-INT-0009,StandardMotorcycleSnatch,0.2,Weak Match,0.1457,1,3,ROUTINE RECORD: Interaction INT-0009 exhibits low signature alignment (20%). No immediate forensic action required.
SIG-9784D406,INT-0010,FUSED-INT-0010,StandardMotorcycleSnatch,0.2,Weak Match,0.147,1,3,ROUTINE RECORD: Interaction INT-0010 exhibits low signature alignment (20%). No immediate forensic action required.
SIG-FE0EF4D8,INT-0011,FUSED-INT-0011,StandardMotorcycleSnatch,0.2,Weak Match,0.148,1,3,ROUTINE RECORD: Interaction INT-0011 exhibits low signature alignment (20%). No immediate forensic action required.
SIG-1EAD32D0,INT-0012,FUSED-INT-0012,StandardMotorcycleSnatch,0.2,Weak Match,0.148,1,3,ROUTINE RECORD: Interaction INT-0012 exhibits low signature alignment (20%). No immediate forensic action required.
SIG-4E5D9A04,INT-0013,FUSED-INT-0013,StandardMotorcycleSnatch,0.2,Weak Match,0.148,1,3,ROUTINE RECORD: Interaction INT-0013 exhibits low signature alignment (20%). No immediate forensic action required.
SIG-DDD7BF95,INT-0014,FUSED-INT-0014,StandardMotorcycleSnatch,0.2,Weak Match,0.146,1,3,ROUTINE RECORD: Interaction INT-0014 exhibits low signature alignment (20%). No immediate forensic action required.
SIG-DC11A843,INT-0015,FUSED-INT-0015,StandardMotorcycleSnatch,0.2,Weak Match,0.146,1,3,ROUTINE RECORD: Interaction INT-0015 exhibits low signature alignment (20%). No immediate forensic action required.
SIG-2A3C9BF1,INT-0016,FUSED-INT-0016,StandardMotorcycleSnatch,0.2,Weak Match,0.146,1,3,ROUTINE RECORD: Interaction INT-0016 exhibits low signature alignment (20%). No immediate forensic action required.
SIG-DAB8E652,INT-0017,FUSED-INT-0017,StandardMotorcycleSnatch,0.2,Weak Match,0.146,1,3,ROUTINE RECORD: Interaction INT-0017 exhibits low signature alignment (20%). No immediate forensic action required.
SIG-AC4F485C,INT-0018,FUSED-INT-0018,StandardMotorcycleSnatch,0.4,Weak Match,0.2831,2,2,ROUTINE RECORD: Interaction INT-0018 exhibits low signature alignment (40%). No immediate forensic action required.
SIG-498F34F3,INT-0019,FUSED-INT-0019,StandardMotorcycleSnatch,0.4,Weak Match,0.3084,2,2,ROUTINE RECORD: Interaction INT-0019 exhibits low signature alignment (40%). No immediate forensic action required.
SIG-BD639D1A,INT-0020,FUSED-INT-0020,StandardMotorcycleSnatch,0.4,Weak Match,0.281,2,2,ROUTINE RECORD: Interaction INT-0020 exhibits low signature alignment (40%). No immediate forensic action required.
SIG-DAE4FC2A,INT-0001,FUSED-INT-0001,StandardMotorcycleSnatch,0.2,Weak Match,0.1681,1,3,ROUTINE RECORD: Interaction INT-0001 exhibits low signature alignment (20%). No immediate forensic action required.
SIG-70D478B3,INT-0002,FUSED-INT-0002,StandardMotorcycleSnatch,0.8,High Confidence Match,0.6634,3,1,FLAGGED FOR HIGH-PRIORITY FORENSIC REVIEW: Interaction INT-0002 exhibits strong signature alignment (80%). Export forensic video clip for investigation.
SIG-20389DDC,INT-0003,FUSED-INT-0003,StandardMotorcycleSnatch,0.2,Weak Match,0.1538,1,3,ROUTINE RECORD: Interaction INT-0003 exhibits low signature alignment (20%). No immediate forensic action required.
SIG-F238449D,INT-0004,FUSED-INT-0004,StandardMotorcycleSnatch,0.2,Weak Match,0.151,1,3,ROUTINE RECORD: Interaction INT-0004 exhibits low signature alignment (20%). No immediate forensic action required.
SIG-A09A9576,INT-0005,FUSED-INT-0005,StandardMotorcycleSnatch,0.2,Weak Match,0.1391,1,3,ROUTINE RECORD: Interaction INT-0005 exhibits low signature alignment (20%). No immediate forensic action required.
SIG-2914477F,INT-0006,FUSED-INT-0006,StandardMotorcycleSnatch,0.2,Weak Match,0.1461,1,3,ROUTINE RECORD: Interaction INT-0006 exhibits low signature alignment (20%). No immediate forensic action required.
SIG-35082BF3,INT-0007,FUSED-INT-0007,StandardMotorcycleSnatch,0.2,Weak Match,0.1692,1,3,ROUTINE RECORD: Interaction INT-0007 exhibits low signature alignment (20%). No immediate forensic action required.
SIG-0B51498E,INT-0008,FUSED-INT-0008,StandardMotorcycleSnatch,0.2,Weak Match,0.1809,1,3,ROUTINE RECORD: Interaction INT-0008 exhibits low signature alignment (20%). No immediate forensic action required.
SIG-C785DC98,INT-0009,FUSED-INT-0009,StandardMotorcycleSnatch,0.2,Weak Match,0.1457,1,3,ROUTINE RECORD: Interaction INT-0009 exhibits low signature alignment (20%). No immediate forensic action required.
SIG-438F76D2,INT-0010,FUSED-INT-0010,StandardMotorcycleSnatch,0.2,Weak Match,0.147,1,3,ROUTINE RECORD: Interaction INT-0010 exhibits low signature alignment (20%). No immediate forensic action required.
SIG-004BBAEF,INT-0011,FUSED-INT-0011,StandardMotorcycleSnatch,0.2,Weak Match,0.148,1,3,ROUTINE RECORD: Interaction INT-0011 exhibits low signature alignment (20%). No immediate forensic action required.
SIG-6BAF3F6F,INT-0012,FUSED-INT-0012,StandardMotorcycleSnatch,0.2,Weak Match,0.148,1,3,ROUTINE RECORD: Interaction INT-0012 exhibits low signature alignment (20%). No immediate forensic action required.
SIG-C14E7AB1,INT-0013,FUSED-INT-0013,StandardMotorcycleSnatch,0.2,Weak Match,0.148,1,3,ROUTINE RECORD: Interaction INT-0013 exhibits low signature alignment (20%). No immediate forensic action required.
SIG-35339913,INT-0014,FUSED-INT-0014,StandardMotorcycleSnatch,0.2,Weak Match,0.146,1,3,ROUTINE RECORD: Interaction INT-0014 exhibits low signature alignment (20%). No immediate forensic action required.
SIG-37FDC70F,INT-0015,FUSED-INT-0015,StandardMotorcycleSnatch,0.2,Weak Match,0.146,1,3,ROUTINE RECORD: Interaction INT-0015 exhibits low signature alignment (20%). No immediate forensic action required.
SIG-A3B6F2F0,INT-0016,FUSED-INT-0016,StandardMotorcycleSnatch,0.2,Weak Match,0.146,1,3,ROUTINE RECORD: Interaction INT-0016 exhibits low signature alignment (20%). No immediate forensic action required.
SIG-E44573F8,INT-0017,FUSED-INT-0017,StandardMotorcycleSnatch,0.2,Weak Match,0.146,1,3,ROUTINE RECORD: Interaction INT-0017 exhibits low signature alignment (20%). No immediate forensic action required.
SIG-85519A10,INT-0018,FUSED-INT-0018,StandardMotorcycleSnatch,0.4,Weak Match,0.2831,2,2,ROUTINE RECORD: Interaction INT-0018 exhibits low signature alignment (40%). No immediate forensic action required.
SIG-74267F1E,INT-0019,FUSED-INT-0019,StandardMotorcycleSnatch,0.4,Weak Match,0.3084,2,2,ROUTINE RECORD: Interaction INT-0019 exhibits low signature alignment (40%). No immediate forensic action required.
SIG-1B8F8928,INT-0020,FUSED-INT-0020,StandardMotorcycleSnatch,0.4,Weak Match,0.281,2,2,ROUTINE RECORD: Interaction INT-0020 exhibits low signature alignment (40%). No immediate forensic action required.
SIG-5F1D6B7F,INT-0001,FUSED-INT-0001,StandardMotorcycleSnatch,0.2,Weak Match,0.1681,1,3,ROUTINE RECORD: Interaction INT-0001 exhibits low signature alignment (20%). No immediate forensic action required.
SIG-8357C3A9,INT-0002,FUSED-INT-0002,StandardMotorcycleSnatch,0.8,High Confidence Match,0.6634,3,1,FLAGGED FOR HIGH-PRIORITY FORENSIC REVIEW: Interaction INT-0002 exhibits strong signature alignment (80%). Export forensic video clip for investigation.
SIG-ED25389C,INT-0003,FUSED-INT-0003,StandardMotorcycleSnatch,0.2,Weak Match,0.1538,1,3,ROUTINE RECORD: Interaction INT-0003 exhibits low signature alignment (20%). No immediate forensic action required.
SIG-473A865B,INT-0004,FUSED-INT-0004,StandardMotorcycleSnatch,0.2,Weak Match,0.151,1,3,ROUTINE RECORD: Interaction INT-0004 exhibits low signature alignment (20%). No immediate forensic action required.
SIG-A3872338,INT-0005,FUSED-INT-0005,StandardMotorcycleSnatch,0.2,Weak Match,0.1391,1,3,ROUTINE RECORD: Interaction INT-0005 exhibits low signature alignment (20%). No immediate forensic action required.
SIG-2AA03A35,INT-0006,FUSED-INT-0006,StandardMotorcycleSnatch,0.2,Weak Match,0.1461,1,3,ROUTINE RECORD: Interaction INT-0006 exhibits low signature alignment (20%). No immediate forensic action required.
SIG-67C3B24B,INT-0007,FUSED-INT-0007,StandardMotorcycleSnatch,0.2,Weak Match,0.1692,1,3,ROUTINE RECORD: Interaction INT-0007 exhibits low signature alignment (20%). No immediate forensic action required.
SIG-6CEC962B,INT-0008,FUSED-INT-0008,StandardMotorcycleSnatch,0.2,Weak Match,0.1809,1,3,ROUTINE RECORD: Interaction INT-0008 exhibits low signature alignment (20%). No immediate forensic action required.
SIG-488B4B2D,INT-0009,FUSED-INT-0009,StandardMotorcycleSnatch,0.2,Weak Match,0.1457,1,3,ROUTINE RECORD: Interaction INT-0009 exhibits low signature alignment (20%). No immediate forensic action required.
SIG-BDD7E3F2,INT-0010,FUSED-INT-0010,StandardMotorcycleSnatch,0.2,Weak Match,0.147,1,3,ROUTINE RECORD: Interaction INT-0010 exhibits low signature alignment (20%). No immediate forensic action required.
SIG-F9F5CF28,INT-0011,FUSED-INT-0011,StandardMotorcycleSnatch,0.2,Weak Match,0.148,1,3,ROUTINE RECORD: Interaction INT-0011 exhibits low signature alignment (20%). No immediate forensic action required.
SIG-EB77871A,INT-0012,FUSED-INT-0012,StandardMotorcycleSnatch,0.2,Weak Match,0.148,1,3,ROUTINE RECORD: Interaction INT-0012 exhibits low signature alignment (20%). No immediate forensic action required.
SIG-E3EE3CE3,INT-0013,FUSED-INT-0013,StandardMotorcycleSnatch,0.2,Weak Match,0.148,1,3,ROUTINE RECORD: Interaction INT-0013 exhibits low signature alignment (20%). No immediate forensic action required.
SIG-14429E79,INT-0014,FUSED-INT-0014,StandardMotorcycleSnatch,0.2,Weak Match,0.146,1,3,ROUTINE RECORD: Interaction INT-0014 exhibits low signature alignment (20%). No immediate forensic action required.
SIG-26925AA1,INT-0015,FUSED-INT-0015,StandardMotorcycleSnatch,0.2,Weak Match,0.146,1,3,ROUTINE RECORD: Interaction INT-0015 exhibits low signature alignment (20%). No immediate forensic action required.
SIG-9F850661,INT-0016,FUSED-INT-0016,StandardMotorcycleSnatch,0.2,Weak Match,0.146,1,3,ROUTINE RECORD: Interaction INT-0016 exhibits low signature alignment (20%). No immediate forensic action required.
SIG-F891E8F5,INT-0017,FUSED-INT-0017,StandardMotorcycleSnatch,0.2,Weak Match,0.146,1,3,ROUTINE RECORD: Interaction INT-0017 exhibits low signature alignment (20%). No immediate forensic action required.
SIG-30FFBA45,INT-0018,FUSED-INT-0018,StandardMotorcycleSnatch,0.4,Weak Match,0.2831,2,2,ROUTINE RECORD: Interaction INT-0018 exhibits low signature alignment (40%). No immediate forensic action required.
SIG-FAA79E2E,INT-0019,FUSED-INT-0019,StandardMotorcycleSnatch,0.4,Weak Match,0.3084,2,2,ROUTINE RECORD: Interaction INT-0019 exhibits low signature alignment (40%). No immediate forensic action required.
SIG-CD46C1D9,INT-0020,FUSED-INT-0020,StandardMotorcycleSnatch,0.4,Weak Match,0.281,2,2,ROUTINE RECORD: Interaction INT-0020 exhibits low signature alignment (40%). No immediate forensic action required.
SIG-37208E88,INT-0001,FUSED-INT-0001,StandardMotorcycleSnatch,0.2,Weak Match,0.1681,1,3,ROUTINE RECORD: Interaction INT-0001 exhibits low signature alignment (20%). No immediate forensic action required.
SIG-AD673732,INT-0002,FUSED-INT-0002,StandardMotorcycleSnatch,0.8,High Confidence Match,0.6634,3,1,FLAGGED FOR HIGH-PRIORITY FORENSIC REVIEW: Interaction INT-0002 exhibits strong signature alignment (80%). Export forensic video clip for investigation.
SIG-59660E64,INT-0003,FUSED-INT-0003,StandardMotorcycleSnatch,0.2,Weak Match,0.1538,1,3,ROUTINE RECORD: Interaction INT-0003 exhibits low signature alignment (20%). No immediate forensic action required.
SIG-69D3E101,INT-0004,FUSED-INT-0004,StandardMotorcycleSnatch,0.2,Weak Match,0.1509,1,3,ROUTINE RECORD: Interaction INT-0004 exhibits low signature alignment (20%). No immediate forensic action required.
SIG-C12EC928,INT-0005,FUSED-INT-0005,StandardMotorcycleSnatch,0.2,Weak Match,0.1391,1,3,ROUTINE RECORD: Interaction INT-0005 exhibits low signature alignment (20%). No immediate forensic action required.
SIG-E02CAC97,INT-0006,FUSED-INT-0006,StandardMotorcycleSnatch,0.2,Weak Match,0.1461,1,3,ROUTINE RECORD: Interaction INT-0006 exhibits low signature alignment (20%). No immediate forensic action required.
SIG-4CC02A41,INT-0007,FUSED-INT-0007,StandardMotorcycleSnatch,0.2,Weak Match,0.1692,1,3,ROUTINE RECORD: Interaction INT-0007 exhibits low signature alignment (20%). No immediate forensic action required.
SIG-101FB133,INT-0008,FUSED-INT-0008,StandardMotorcycleSnatch,0.2,Weak Match,0.1809,1,3,ROUTINE RECORD: Interaction INT-0008 exhibits low signature alignment (20%). No immediate forensic action required.
SIG-62A7AF38,INT-0009,FUSED-INT-0009,StandardMotorcycleSnatch,0.2,Weak Match,0.1457,1,3,ROUTINE RECORD: Interaction INT-0009 exhibits low signature alignment (20%). No immediate forensic action required.
SIG-AD006CCE,INT-0010,FUSED-INT-0010,StandardMotorcycleSnatch,0.2,Weak Match,0.147,1,3,ROUTINE RECORD: Interaction INT-0010 exhibits low signature alignment (20%). No immediate forensic action required.
SIG-7AFC49BD,INT-0011,FUSED-INT-0011,StandardMotorcycleSnatch,0.2,Weak Match,0.148,1,3,ROUTINE RECORD: Interaction INT-0011 exhibits low signature alignment (20%). No immediate forensic action required.
SIG-6E97AB5B,INT-0012,FUSED-INT-0012,StandardMotorcycleSnatch,0.2,Weak Match,0.148,1,3,ROUTINE RECORD: Interaction INT-0012 exhibits low signature alignment (20%). No immediate forensic action required.
SIG-E23FF7C0,INT-0013,FUSED-INT-0013,StandardMotorcycleSnatch,0.2,Weak Match,0.148,1,3,ROUTINE RECORD: Interaction INT-0013 exhibits low signature alignment (20%). No immediate forensic action required.
SIG-7712BF92,INT-0014,FUSED-INT-0014,StandardMotorcycleSnatch,0.2,Weak Match,0.146,1,3,ROUTINE RECORD: Interaction INT-0014 exhibits low signature alignment (20%). No immediate forensic action required.
SIG-6646C85E,INT-0015,FUSED-INT-0015,StandardMotorcycleSnatch,0.2,Weak Match,0.146,1,3,ROUTINE RECORD: Interaction INT-0015 exhibits low signature alignment (20%). No immediate forensic action required.
SIG-5E823D3F,INT-0016,FUSED-INT-0016,StandardMotorcycleSnatch,0.2,Weak Match,0.146,1,3,ROUTINE RECORD: Interaction INT-0016 exhibits low signature alignment (20%). No immediate forensic action required.
SIG-0B145D1E,INT-0017,FUSED-INT-0017,StandardMotorcycleSnatch,0.2,Weak Match,0.146,1,3,ROUTINE RECORD: Interaction INT-0017 exhibits low signature alignment (20%). No immediate forensic action required.
SIG-9EFAD46E,INT-0018,FUSED-INT-0018,StandardMotorcycleSnatch,0.4,Weak Match,0.2831,2,2,ROUTINE RECORD: Interaction INT-0018 exhibits low signature alignment (40%). No immediate forensic action required.
SIG-D678D0A0,INT-0019,FUSED-INT-0019,StandardMotorcycleSnatch,0.4,Weak Match,0.3084,2,2,ROUTINE RECORD: Interaction INT-0019 exhibits low signature alignment (40%). No immediate forensic action required.
SIG-BCF8E403,INT-0020,FUSED-INT-0020,StandardMotorcycleSnatch,0.4,Weak Match,0.281,2,2,ROUTINE RECORD: Interaction INT-0020 exhibits low signature alignment (40%). No immediate forensic action required.
SIG-35FFF7E6,INT-0001,FUSED-INT-0001,StandardMotorcycleSnatch,0.2,Weak Match,0.1681,1,3,ROUTINE RECORD: Interaction INT-0001 exhibits low signature alignment (20%). No immediate forensic action required.
SIG-F28626D8,INT-0002,FUSED-INT-0002,StandardMotorcycleSnatch,0.8,High Confidence Match,0.6634,3,1,FLAGGED FOR HIGH-PRIORITY FORENSIC REVIEW: Interaction INT-0002 exhibits strong signature alignment (80%). Export forensic video clip for investigation.
SIG-188D8ACC,INT-0003,FUSED-INT-0003,StandardMotorcycleSnatch,0.2,Weak Match,0.1538,1,3,ROUTINE RECORD: Interaction INT-0003 exhibits low signature alignment (20%). No immediate forensic action required.
SIG-BDF523B0,INT-0004,FUSED-INT-0004,StandardMotorcycleSnatch,0.2,Weak Match,0.1509,1,3,ROUTINE RECORD: Interaction INT-0004 exhibits low signature alignment (20%). No immediate forensic action required.
SIG-E9CD31E0,INT-0005,FUSED-INT-0005,StandardMotorcycleSnatch,0.2,Weak Match,0.1391,1,3,ROUTINE RECORD: Interaction INT-0005 exhibits low signature alignment (20%). No immediate forensic action required.
SIG-F75A7890,INT-0006,FUSED-INT-0006,StandardMotorcycleSnatch,0.2,Weak Match,0.1461,1,3,ROUTINE RECORD: Interaction INT-0006 exhibits low signature alignment (20%). No immediate forensic action required.
SIG-1E64BBB3,INT-0007,FUSED-INT-0007,StandardMotorcycleSnatch,0.2,Weak Match,0.1692,1,3,ROUTINE RECORD: Interaction INT-0007 exhibits low signature alignment (20%). No immediate forensic action required.
SIG-1D96C89F,INT-0008,FUSED-INT-0008,StandardMotorcycleSnatch,0.2,Weak Match,0.1809,1,3,ROUTINE RECORD: Interaction INT-0008 exhibits low signature alignment (20%). No immediate forensic action required.
SIG-0E9797AD,INT-0009,FUSED-INT-0009,StandardMotorcycleSnatch,0.2,Weak Match,0.1457,1,3,ROUTINE RECORD: Interaction INT-0009 exhibits low signature alignment (20%). No immediate forensic action required.
SIG-DBDA74E0,INT-0010,FUSED-INT-0010,StandardMotorcycleSnatch,0.2,Weak Match,0.147,1,3,ROUTINE RECORD: Interaction INT-0010 exhibits low signature alignment (20%). No immediate forensic action required.
SIG-3E6ED1CA,INT-0011,FUSED-INT-0011,StandardMotorcycleSnatch,0.2,Weak Match,0.148,1,3,ROUTINE RECORD: Interaction INT-0011 exhibits low signature alignment (20%). No immediate forensic action required.
SIG-0AF5D1CB,INT-0012,FUSED-INT-0012,StandardMotorcycleSnatch,0.2,Weak Match,0.148,1,3,ROUTINE RECORD: Interaction INT-0012 exhibits low signature alignment (20%). No immediate forensic action required.
SIG-14BFA1E5,INT-0013,FUSED-INT-0013,StandardMotorcycleSnatch,0.2,Weak Match,0.148,1,3,ROUTINE RECORD: Interaction INT-0013 exhibits low signature alignment (20%). No immediate forensic action required.
SIG-1C4D0D84,INT-0014,FUSED-INT-0014,StandardMotorcycleSnatch,0.2,Weak Match,0.146,1,3,ROUTINE RECORD: Interaction INT-0014 exhibits low signature alignment (20%). No immediate forensic action required.
SIG-975120AD,INT-0015,FUSED-INT-0015,StandardMotorcycleSnatch,0.2,Weak Match,0.146,1,3,ROUTINE RECORD: Interaction INT-0015 exhibits low signature alignment (20%). No immediate forensic action required.
SIG-31E56DCF,INT-0016,FUSED-INT-0016,StandardMotorcycleSnatch,0.2,Weak Match,0.146,1,3,ROUTINE RECORD: Interaction INT-0016 exhibits low signature alignment (20%). No immediate forensic action required.
SIG-ABCBFA50,INT-0017,FUSED-INT-0017,StandardMotorcycleSnatch,0.2,Weak Match,0.146,1,3,ROUTINE RECORD: Interaction INT-0017 exhibits low signature alignment (20%). No immediate forensic action required.
SIG-335889F6,INT-0018,FUSED-INT-0018,StandardMotorcycleSnatch,0.4,Weak Match,0.2831,2,2,ROUTINE RECORD: Interaction INT-0018 exhibits low signature alignment (40%). No immediate forensic action required.
SIG-4CC95DCB,INT-0019,FUSED-INT-0019,StandardMotorcycleSnatch,0.4,Weak Match,0.3084,2,2,ROUTINE RECORD: Interaction INT-0019 exhibits low signature alignment (40%). No immediate forensic action required.
SIG-A385E5F5,INT-0020,FUSED-INT-0020,StandardMotorcycleSnatch,0.4,Weak Match,0.281,2,2,ROUTINE RECORD: Interaction INT-0020 exhibits low signature alignment (40%). No immediate forensic action required.
SIG-CC1AC22B,INT-0001,FUSED-INT-0001,StandardMotorcycleSnatch,0.2,Weak Match,0.1681,1,3,ROUTINE RECORD: Interaction INT-0001 exhibits low signature alignment (20%). No immediate forensic action required.
SIG-68BFCF00,INT-0002,FUSED-INT-0002,StandardMotorcycleSnatch,0.8,High Confidence Match,0.6634,3,1,FLAGGED FOR HIGH-PRIORITY FORENSIC REVIEW: Interaction INT-0002 exhibits strong signature alignment (80%). Export forensic video clip for investigation.
SIG-88D41E9D,INT-0003,FUSED-INT-0003,StandardMotorcycleSnatch,0.2,Weak Match,0.1538,1,3,ROUTINE RECORD: Interaction INT-0003 exhibits low signature alignment (20%). No immediate forensic action required.
SIG-A1C70959,INT-0004,FUSED-INT-0004,StandardMotorcycleSnatch,0.2,Weak Match,0.1508,1,3,ROUTINE RECORD: Interaction INT-0004 exhibits low signature alignment (20%). No immediate forensic action required.
SIG-4C5F7E02,INT-0005,FUSED-INT-0005,StandardMotorcycleSnatch,0.2,Weak Match,0.1391,1,3,ROUTINE RECORD: Interaction INT-0005 exhibits low signature alignment (20%). No immediate forensic action required.
SIG-607AC9FF,INT-0006,FUSED-INT-0006,StandardMotorcycleSnatch,0.2,Weak Match,0.1461,1,3,ROUTINE RECORD: Interaction INT-0006 exhibits low signature alignment (20%). No immediate forensic action required.
SIG-29FA00E7,INT-0007,FUSED-INT-0007,StandardMotorcycleSnatch,0.2,Weak Match,0.1692,1,3,ROUTINE RECORD: Interaction INT-0007 exhibits low signature alignment (20%). No immediate forensic action required.
SIG-E558DADF,INT-0008,FUSED-INT-0008,StandardMotorcycleSnatch,0.2,Weak Match,0.1809,1,3,ROUTINE RECORD: Interaction INT-0008 exhibits low signature alignment (20%). No immediate forensic action required.
SIG-F360AB87,INT-0009,FUSED-INT-0009,StandardMotorcycleSnatch,0.2,Weak Match,0.1457,1,3,ROUTINE RECORD: Interaction INT-0009 exhibits low signature alignment (20%). No immediate forensic action required.
SIG-974A7E35,INT-0010,FUSED-INT-0010,StandardMotorcycleSnatch,0.2,Weak Match,0.147,1,3,ROUTINE RECORD: Interaction INT-0010 exhibits low signature alignment (20%). No immediate forensic action required.
SIG-CD2345DE,INT-0011,FUSED-INT-0011,StandardMotorcycleSnatch,0.2,Weak Match,0.148,1,3,ROUTINE RECORD: Interaction INT-0011 exhibits low signature alignment (20%). No immediate forensic action required.
SIG-06E24DBD,INT-0012,FUSED-INT-0012,StandardMotorcycleSnatch,0.2,Weak Match,0.148,1,3,ROUTINE RECORD: Interaction INT-0012 exhibits low signature alignment (20%). No immediate forensic action required.
SIG-D8587B3C,INT-0013,FUSED-INT-0013,StandardMotorcycleSnatch,0.2,Weak Match,0.148,1,3,ROUTINE RECORD: Interaction INT-0013 exhibits low signature alignment (20%). No immediate forensic action required.
SIG-3A816706,INT-0014,FUSED-INT-0014,StandardMotorcycleSnatch,0.2,Weak Match,0.146,1,3,ROUTINE RECORD: Interaction INT-0014 exhibits low signature alignment (20%). No immediate forensic action required.
SIG-014119C7,INT-0015,FUSED-INT-0015,StandardMotorcycleSnatch,0.2,Weak Match,0.146,1,3,ROUTINE RECORD: Interaction INT-0015 exhibits low signature alignment (20%). No immediate forensic action required.
SIG-9303DB21,INT-0016,FUSED-INT-0016,StandardMotorcycleSnatch,0.2,Weak Match,0.146,1,3,ROUTINE RECORD: Interaction INT-0016 exhibits low signature alignment (20%). No immediate forensic action required.
SIG-78AA2F5E,INT-0017,FUSED-INT-0017,StandardMotorcycleSnatch,0.2,Weak Match,0.146,1,3,ROUTINE RECORD: Interaction INT-0017 exhibits low signature alignment (20%). No immediate forensic action required.
SIG-A12FA37C,INT-0018,FUSED-INT-0018,StandardMotorcycleSnatch,0.4,Weak Match,0.2831,2,2,ROUTINE RECORD: Interaction INT-0018 exhibits low signature alignment (40%). No immediate forensic action required.
SIG-9ED06D0E,INT-0019,FUSED-INT-0019,StandardMotorcycleSnatch,0.4,Weak Match,0.3084,2,2,ROUTINE RECORD: Interaction INT-0019 exhibits low signature alignment (40%). No immediate forensic action required.
SIG-D142837A,INT-0020,FUSED-INT-0020,StandardMotorcycleSnatch,0.4,Weak Match,0.281,2,2,ROUTINE RECORD: Interaction INT-0020 exhibits low signature alignment (40%). No immediate forensic action required.
SIG-6236126B,INT-0001,FUSED-INT-0001,StandardMotorcycleSnatch,0.2,Weak Match,0.1681,1,3,ROUTINE RECORD: Interaction INT-0001 exhibits low signature alignment (20%). No immediate forensic action required.
SIG-CE003CB2,INT-0002,FUSED-INT-0002,StandardMotorcycleSnatch,0.8,High Confidence Match,0.6634,3,1,FLAGGED FOR HIGH-PRIORITY FORENSIC REVIEW: Interaction INT-0002 exhibits strong signature alignment (80%). Export forensic video clip for investigation.
SIG-EAF6042E,INT-0003,FUSED-INT-0003,StandardMotorcycleSnatch,0.2,Weak Match,0.1538,1,3,ROUTINE RECORD: Interaction INT-0003 exhibits low signature alignment (20%). No immediate forensic action required.
SIG-BD2222D1,INT-0004,FUSED-INT-0004,StandardMotorcycleSnatch,0.2,Weak Match,0.1508,1,3,ROUTINE RECORD: Interaction INT-0004 exhibits low signature alignment (20%). No immediate forensic action required.
SIG-1BE92760,INT-0005,FUSED-INT-0005,StandardMotorcycleSnatch,0.2,Weak Match,0.1391,1,3,ROUTINE RECORD: Interaction INT-0005 exhibits low signature alignment (20%). No immediate forensic action required.
SIG-D4474F53,INT-0006,FUSED-INT-0006,StandardMotorcycleSnatch,0.2,Weak Match,0.1461,1,3,ROUTINE RECORD: Interaction INT-0006 exhibits low signature alignment (20%). No immediate forensic action required.
SIG-48C5D6E0,INT-0007,FUSED-INT-0007,StandardMotorcycleSnatch,0.2,Weak Match,0.1692,1,3,ROUTINE RECORD: Interaction INT-0007 exhibits low signature alignment (20%). No immediate forensic action required.
SIG-1214B83D,INT-0008,FUSED-INT-0008,StandardMotorcycleSnatch,0.2,Weak Match,0.1809,1,3,ROUTINE RECORD: Interaction INT-0008 exhibits low signature alignment (20%). No immediate forensic action required.
SIG-2AE2481C,INT-0009,FUSED-INT-0009,StandardMotorcycleSnatch,0.2,Weak Match,0.1457,1,3,ROUTINE RECORD: Interaction INT-0009 exhibits low signature alignment (20%). No immediate forensic action required.
SIG-E1F004C5,INT-0010,FUSED-INT-0010,StandardMotorcycleSnatch,0.2,Weak Match,0.147,1,3,ROUTINE RECORD: Interaction INT-0010 exhibits low signature alignment (20%). No immediate forensic action required.
SIG-9DD2180C,INT-0011,FUSED-INT-0011,StandardMotorcycleSnatch,0.2,Weak Match,0.148,1,3,ROUTINE RECORD: Interaction INT-0011 exhibits low signature alignment (20%). No immediate forensic action required.
SIG-20959E67,INT-0012,FUSED-INT-0012,StandardMotorcycleSnatch,0.2,Weak Match,0.148,1,3,ROUTINE RECORD: Interaction INT-0012 exhibits low signature alignment (20%). No immediate forensic action required.
SIG-08C45CD0,INT-0013,FUSED-INT-0013,StandardMotorcycleSnatch,0.2,Weak Match,0.148,1,3,ROUTINE RECORD: Interaction INT-0013 exhibits low signature alignment (20%). No immediate forensic action required.
SIG-FF600332,INT-0014,FUSED-INT-0014,StandardMotorcycleSnatch,0.2,Weak Match,0.146,1,3,ROUTINE RECORD: Interaction INT-0014 exhibits low signature alignment (20%). No immediate forensic action required.
SIG-A6F25C67,INT-0015,FUSED-INT-0015,StandardMotorcycleSnatch,0.2,Weak Match,0.146,1,3,ROUTINE RECORD: Interaction INT-0015 exhibits low signature alignment (20%). No immediate forensic action required.
SIG-32AEC067,INT-0016,FUSED-INT-0016,StandardMotorcycleSnatch,0.2,Weak Match,0.146,1,3,ROUTINE RECORD: Interaction INT-0016 exhibits low signature alignment (20%). No immediate forensic action required.
SIG-471E5ECC,INT-0017,FUSED-INT-0017,StandardMotorcycleSnatch,0.2,Weak Match,0.146,1,3,ROUTINE RECORD: Interaction INT-0017 exhibits low signature alignment (20%). No immediate forensic action required.
SIG-84A8F41E,INT-0018,FUSED-INT-0018,StandardMotorcycleSnatch,0.4,Weak Match,0.2831,2,2,ROUTINE RECORD: Interaction INT-0018 exhibits low signature alignment (40%). No immediate forensic action required.
SIG-D1CBB785,INT-0019,FUSED-INT-0019,StandardMotorcycleSnatch,0.4,Weak Match,0.3084,2,2,ROUTINE RECORD: Interaction INT-0019 exhibits low signature alignment (40%). No immediate forensic action required.
SIG-511B889D,INT-0020,FUSED-INT-0020,StandardMotorcycleSnatch,0.4,Weak Match,0.281,2,2,ROUTINE RECORD: Interaction INT-0020 exhibits low signature alignment (40%). No immediate forensic action required.
SIG-8E2371D2,INT-0001,FUSED-INT-0001,StandardMotorcycleSnatch,0.2,Weak Match,0.1681,1,3,ROUTINE RECORD: Interaction INT-0001 exhibits low signature alignment (20%). No immediate forensic action required.
SIG-0669F12B,INT-0002,FUSED-INT-0002,StandardMotorcycleSnatch,0.8,High Confidence Match,0.6634,3,1,FLAGGED FOR HIGH-PRIORITY FORENSIC REVIEW: Interaction INT-0002 exhibits strong signature alignment (80%). Export forensic video clip for investigation.
SIG-40B4C4E6,INT-0003,FUSED-INT-0003,StandardMotorcycleSnatch,0.2,Weak Match,0.1538,1,3,ROUTINE RECORD: Interaction INT-0003 exhibits low signature alignment (20%). No immediate forensic action required.
SIG-D166A005,INT-0004,FUSED-INT-0004,StandardMotorcycleSnatch,0.2,Weak Match,0.1508,1,3,ROUTINE RECORD: Interaction INT-0004 exhibits low signature alignment (20%). No immediate forensic action required.
SIG-EA100900,INT-0005,FUSED-INT-0005,StandardMotorcycleSnatch,0.2,Weak Match,0.1391,1,3,ROUTINE RECORD: Interaction INT-0005 exhibits low signature alignment (20%). No immediate forensic action required.
SIG-5DC17B62,INT-0006,FUSED-INT-0006,StandardMotorcycleSnatch,0.2,Weak Match,0.1461,1,3,ROUTINE RECORD: Interaction INT-0006 exhibits low signature alignment (20%). No immediate forensic action required.
SIG-0FBC8D58,INT-0007,FUSED-INT-0007,StandardMotorcycleSnatch,0.2,Weak Match,0.1692,1,3,ROUTINE RECORD: Interaction INT-0007 exhibits low signature alignment (20%). No immediate forensic action required.
SIG-37D76521,INT-0008,FUSED-INT-0008,StandardMotorcycleSnatch,0.2,Weak Match,0.1809,1,3,ROUTINE RECORD: Interaction INT-0008 exhibits low signature alignment (20%). No immediate forensic action required.
SIG-3FA2C798,INT-0009,FUSED-INT-0009,StandardMotorcycleSnatch,0.2,Weak Match,0.1457,1,3,ROUTINE RECORD: Interaction INT-0009 exhibits low signature alignment (20%). No immediate forensic action required.
SIG-145581CA,INT-0010,FUSED-INT-0010,StandardMotorcycleSnatch,0.2,Weak Match,0.147,1,3,ROUTINE RECORD: Interaction INT-0010 exhibits low signature alignment (20%). No immediate forensic action required.
SIG-EE13323B,INT-0011,FUSED-INT-0011,StandardMotorcycleSnatch,0.2,Weak Match,0.148,1,3,ROUTINE RECORD: Interaction INT-0011 exhibits low signature alignment (20%). No immediate forensic action required.
SIG-D139448B,INT-0012,FUSED-INT-0012,StandardMotorcycleSnatch,0.2,Weak Match,0.148,1,3,ROUTINE RECORD: Interaction INT-0012 exhibits low signature alignment (20%). No immediate forensic action required.
SIG-82F3D89F,INT-0013,FUSED-INT-0013,StandardMotorcycleSnatch,0.2,Weak Match,0.148,1,3,ROUTINE RECORD: Interaction INT-0013 exhibits low signature alignment (20%). No immediate forensic action required.
SIG-16E7B612,INT-0014,FUSED-INT-0014,StandardMotorcycleSnatch,0.2,Weak Match,0.146,1,3,ROUTINE RECORD: Interaction INT-0014 exhibits low signature alignment (20%). No immediate forensic action required.
SIG-62088578,INT-0015,FUSED-INT-0015,StandardMotorcycleSnatch,0.2,Weak Match,0.146,1,3,ROUTINE RECORD: Interaction INT-0015 exhibits low signature alignment (20%). No immediate forensic action required.
SIG-34D0DF79,INT-0016,FUSED-INT-0016,StandardMotorcycleSnatch,0.2,Weak Match,0.146,1,3,ROUTINE RECORD: Interaction INT-0016 exhibits low signature alignment (20%). No immediate forensic action required.
SIG-74A4E856,INT-0017,FUSED-INT-0017,StandardMotorcycleSnatch,0.2,Weak Match,0.146,1,3,ROUTINE RECORD: Interaction INT-0017 exhibits low signature alignment (20%). No immediate forensic action required.
SIG-C75A4907,INT-0018,FUSED-INT-0018,StandardMotorcycleSnatch,0.4,Weak Match,0.2831,2,2,ROUTINE RECORD: Interaction INT-0018 exhibits low signature alignment (40%). No immediate forensic action required.
SIG-FAA9D685,INT-0019,FUSED-INT-0019,StandardMotorcycleSnatch,0.4,Weak Match,0.3084,2,2,ROUTINE RECORD: Interaction INT-0019 exhibits low signature alignment (40%). No immediate forensic action required.
SIG-C5CBA001,INT-0020,FUSED-INT-0020,StandardMotorcycleSnatch,0.4,Weak Match,0.281,2,2,ROUTINE RECORD: Interaction INT-0020 exhibits low signature alignment (40%). No immediate forensic action required.
SIG-E0BB2CE1,INT-0001,FUSED-INT-0001,StandardMotorcycleSnatch,0.2,Weak Match,0.1681,1,3,ROUTINE RECORD: Interaction INT-0001 exhibits low signature alignment (20%). No immediate forensic action required.
SIG-012C2BD9,INT-0002,FUSED-INT-0002,StandardMotorcycleSnatch,0.8,High Confidence Match,0.6634,3,1,FLAGGED FOR HIGH-PRIORITY FORENSIC REVIEW: Interaction INT-0002 exhibits strong signature alignment (80%). Export forensic video clip for investigation.
SIG-8FE7F5D4,INT-0003,FUSED-INT-0003,StandardMotorcycleSnatch,0.2,Weak Match,0.1538,1,3,ROUTINE RECORD: Interaction INT-0003 exhibits low signature alignment (20%). No immediate forensic action required.
SIG-8710980E,INT-0004,FUSED-INT-0004,StandardMotorcycleSnatch,0.2,Weak Match,0.1507,1,3,ROUTINE RECORD: Interaction INT-0004 exhibits low signature alignment (20%). No immediate forensic action required.
SIG-A0CDEEFC,INT-0005,FUSED-INT-0005,StandardMotorcycleSnatch,0.2,Weak Match,0.1391,1,3,ROUTINE RECORD: Interaction INT-0005 exhibits low signature alignment (20%). No immediate forensic action required.
SIG-A058EC09,INT-0006,FUSED-INT-0006,StandardMotorcycleSnatch,0.2,Weak Match,0.1461,1,3,ROUTINE RECORD: Interaction INT-0006 exhibits low signature alignment (20%). No immediate forensic action required.
SIG-BDBD4206,INT-0007,FUSED-INT-0007,StandardMotorcycleSnatch,0.2,Weak Match,0.1692,1,3,ROUTINE RECORD: Interaction INT-0007 exhibits low signature alignment (20%). No immediate forensic action required.
SIG-A4BFB043,INT-0008,FUSED-INT-0008,StandardMotorcycleSnatch,0.2,Weak Match,0.1809,1,3,ROUTINE RECORD: Interaction INT-0008 exhibits low signature alignment (20%). No immediate forensic action required.
SIG-FD2A257F,INT-0009,FUSED-INT-0009,StandardMotorcycleSnatch,0.2,Weak Match,0.1457,1,3,ROUTINE RECORD: Interaction INT-0009 exhibits low signature alignment (20%). No immediate forensic action required.
SIG-66E824A3,INT-0010,FUSED-INT-0010,StandardMotorcycleSnatch,0.2,Weak Match,0.147,1,3,ROUTINE RECORD: Interaction INT-0010 exhibits low signature alignment (20%). No immediate forensic action required.
SIG-AC2B6EF1,INT-0011,FUSED-INT-0011,StandardMotorcycleSnatch,0.2,Weak Match,0.148,1,3,ROUTINE RECORD: Interaction INT-0011 exhibits low signature alignment (20%). No immediate forensic action required.
SIG-165D119B,INT-0012,FUSED-INT-0012,StandardMotorcycleSnatch,0.2,Weak Match,0.148,1,3,ROUTINE RECORD: Interaction INT-0012 exhibits low signature alignment (20%). No immediate forensic action required.
SIG-F80A8A63,INT-0013,FUSED-INT-0013,StandardMotorcycleSnatch,0.2,Weak Match,0.148,1,3,ROUTINE RECORD: Interaction INT-0013 exhibits low signature alignment (20%). No immediate forensic action required.
SIG-A4720DC8,INT-0014,FUSED-INT-0014,StandardMotorcycleSnatch,0.2,Weak Match,0.146,1,3,ROUTINE RECORD: Interaction INT-0014 exhibits low signature alignment (20%). No immediate forensic action required.
SIG-A9264E86,INT-0015,FUSED-INT-0015,StandardMotorcycleSnatch,0.2,Weak Match,0.146,1,3,ROUTINE RECORD: Interaction INT-0015 exhibits low signature alignment (20%). No immediate forensic action required.
SIG-67CFEE9B,INT-0016,FUSED-INT-0016,StandardMotorcycleSnatch,0.2,Weak Match,0.146,1,3,ROUTINE RECORD: Interaction INT-0016 exhibits low signature alignment (20%). No immediate forensic action required.
SIG-6078D9FF,INT-0017,FUSED-INT-0017,StandardMotorcycleSnatch,0.2,Weak Match,0.146,1,3,ROUTINE RECORD: Interaction INT-0017 exhibits low signature alignment (20%). No immediate forensic action required.
SIG-B16E6835,INT-0018,FUSED-INT-0018,StandardMotorcycleSnatch,0.4,Weak Match,0.2831,2,2,ROUTINE RECORD: Interaction INT-0018 exhibits low signature alignment (40%). No immediate forensic action required.
SIG-2281D9A6,INT-0019,FUSED-INT-0019,StandardMotorcycleSnatch,0.4,Weak Match,0.3084,2,2,ROUTINE RECORD: Interaction INT-0019 exhibits low signature alignment (40%). No immediate forensic action required.
SIG-F84C70F6,INT-0020,FUSED-INT-0020,StandardMotorcycleSnatch,0.4,Weak Match,0.281,2,2,ROUTINE RECORD: Interaction INT-0020 exhibits low signature alignment (40%). No immediate forensic action required.
SIG-CA266072,INT-0001,FUSED-INT-0001,StandardMotorcycleSnatch,0.2,Weak Match,0.1681,1,3,ROUTINE RECORD: Interaction INT-0001 exhibits low signature alignment (20%). No immediate forensic action required.
SIG-C4ADE3B9,INT-0002,FUSED-INT-0002,StandardMotorcycleSnatch,0.8,High Confidence Match,0.6634,3,1,FLAGGED FOR HIGH-PRIORITY FORENSIC REVIEW: Interaction INT-0002 exhibits strong signature alignment (80%). Export forensic video clip for investigation.
SIG-850C921B,INT-0003,FUSED-INT-0003,StandardMotorcycleSnatch,0.2,Weak Match,0.1538,1,3,ROUTINE RECORD: Interaction INT-0003 exhibits low signature alignment (20%). No immediate forensic action required.
SIG-77F50D46,INT-0004,FUSED-INT-0004,StandardMotorcycleSnatch,0.2,Weak Match,0.1507,1,3,ROUTINE RECORD: Interaction INT-0004 exhibits low signature alignment (20%). No immediate forensic action required.
SIG-61C8C28C,INT-0005,FUSED-INT-0005,StandardMotorcycleSnatch,0.2,Weak Match,0.1391,1,3,ROUTINE RECORD: Interaction INT-0005 exhibits low signature alignment (20%). No immediate forensic action required.
SIG-CCCBCEBE,INT-0006,FUSED-INT-0006,StandardMotorcycleSnatch,0.2,Weak Match,0.1461,1,3,ROUTINE RECORD: Interaction INT-0006 exhibits low signature alignment (20%). No immediate forensic action required.
SIG-179E0136,INT-0007,FUSED-INT-0007,StandardMotorcycleSnatch,0.2,Weak Match,0.1692,1,3,ROUTINE RECORD: Interaction INT-0007 exhibits low signature alignment (20%). No immediate forensic action required.
SIG-0D485425,INT-0008,FUSED-INT-0008,StandardMotorcycleSnatch,0.2,Weak Match,0.1809,1,3,ROUTINE RECORD: Interaction INT-0008 exhibits low signature alignment (20%). No immediate forensic action required.
SIG-1B84F57A,INT-0009,FUSED-INT-0009,StandardMotorcycleSnatch,0.2,Weak Match,0.1457,1,3,ROUTINE RECORD: Interaction INT-0009 exhibits low signature alignment (20%). No immediate forensic action required.
SIG-8DDD7786,INT-0010,FUSED-INT-0010,StandardMotorcycleSnatch,0.2,Weak Match,0.147,1,3,ROUTINE RECORD: Interaction INT-0010 exhibits low signature alignment (20%). No immediate forensic action required.
SIG-06E806EF,INT-0011,FUSED-INT-0011,StandardMotorcycleSnatch,0.2,Weak Match,0.148,1,3,ROUTINE RECORD: Interaction INT-0011 exhibits low signature alignment (20%). No immediate forensic action required.
SIG-BD145BEE,INT-0012,FUSED-INT-0012,StandardMotorcycleSnatch,0.2,Weak Match,0.148,1,3,ROUTINE RECORD: Interaction INT-0012 exhibits low signature alignment (20%). No immediate forensic action required.
SIG-D9E2A8A0,INT-0013,FUSED-INT-0013,StandardMotorcycleSnatch,0.2,Weak Match,0.148,1,3,ROUTINE RECORD: Interaction INT-0013 exhibits low signature alignment (20%). No immediate forensic action required.
SIG-F5CBEEC3,INT-0014,FUSED-INT-0014,StandardMotorcycleSnatch,0.2,Weak Match,0.146,1,3,ROUTINE RECORD: Interaction INT-0014 exhibits low signature alignment (20%). No immediate forensic action required.
SIG-395A521D,INT-0015,FUSED-INT-0015,StandardMotorcycleSnatch,0.2,Weak Match,0.146,1,3,ROUTINE RECORD: Interaction INT-0015 exhibits low signature alignment (20%). No immediate forensic action required.
SIG-33E3FDC2,INT-0016,FUSED-INT-0016,StandardMotorcycleSnatch,0.2,Weak Match,0.146,1,3,ROUTINE RECORD: Interaction INT-0016 exhibits low signature alignment (20%). No immediate forensic action required.
SIG-91D08F4E,INT-0017,FUSED-INT-0017,StandardMotorcycleSnatch,0.2,Weak Match,0.146,1,3,ROUTINE RECORD: Interaction INT-0017 exhibits low signature alignment (20%). No immediate forensic action required.
SIG-7433364C,INT-0018,FUSED-INT-0018,StandardMotorcycleSnatch,0.4,Weak Match,0.2831,2,2,ROUTINE RECORD: Interaction INT-0018 exhibits low signature alignment (40%). No immediate forensic action required.
SIG-0552035A,INT-0019,FUSED-INT-0019,StandardMotorcycleSnatch,0.4,Weak Match,0.3084,2,2,ROUTINE RECORD: Interaction INT-0019 exhibits low signature alignment (40%). No immediate forensic action required.
SIG-C93E1282,INT-0020,FUSED-INT-0020,StandardMotorcycleSnatch,0.4,Weak Match,0.281,2,2,ROUTINE RECORD: Interaction INT-0020 exhibits low signature alignment (40%). No immediate forensic action required.
SIG-2C3AA9F3,INT-0001,FUSED-INT-0001,StandardMotorcycleSnatch,0.2,Weak Match,0.1681,1,3,ROUTINE RECORD: Interaction INT-0001 exhibits low signature alignment (20%). No immediate forensic action required.
SIG-BB86B610,INT-0002,FUSED-INT-0002,StandardMotorcycleSnatch,0.8,High Confidence Match,0.6634,3,1,FLAGGED FOR HIGH-PRIORITY FORENSIC REVIEW: Interaction INT-0002 exhibits strong signature alignment (80%). Export forensic video clip for investigation.
SIG-677630BA,INT-0003,FUSED-INT-0003,StandardMotorcycleSnatch,0.2,Weak Match,0.1538,1,3,ROUTINE RECORD: Interaction INT-0003 exhibits low signature alignment (20%). No immediate forensic action required.
SIG-64CEE2C7,INT-0004,FUSED-INT-0004,StandardMotorcycleSnatch,0.2,Weak Match,0.1507,1,3,ROUTINE RECORD: Interaction INT-0004 exhibits low signature alignment (20%). No immediate forensic action required.
SIG-AA34273F,INT-0005,FUSED-INT-0005,StandardMotorcycleSnatch,0.2,Weak Match,0.1391,1,3,ROUTINE RECORD: Interaction INT-0005 exhibits low signature alignment (20%). No immediate forensic action required.
SIG-07AF15AF,INT-0006,FUSED-INT-0006,StandardMotorcycleSnatch,0.2,Weak Match,0.1461,1,3,ROUTINE RECORD: Interaction INT-0006 exhibits low signature alignment (20%). No immediate forensic action required.
SIG-990FADDC,INT-0007,FUSED-INT-0007,StandardMotorcycleSnatch,0.2,Weak Match,0.1692,1,3,ROUTINE RECORD: Interaction INT-0007 exhibits low signature alignment (20%). No immediate forensic action required.
SIG-477C5460,INT-0008,FUSED-INT-0008,StandardMotorcycleSnatch,0.2,Weak Match,0.1809,1,3,ROUTINE RECORD: Interaction INT-0008 exhibits low signature alignment (20%). No immediate forensic action required.
SIG-DCE5BD0D,INT-0009,FUSED-INT-0009,StandardMotorcycleSnatch,0.2,Weak Match,0.1457,1,3,ROUTINE RECORD: Interaction INT-0009 exhibits low signature alignment (20%). No immediate forensic action required.
SIG-7E3590C1,INT-0010,FUSED-INT-0010,StandardMotorcycleSnatch,0.2,Weak Match,0.147,1,3,ROUTINE RECORD: Interaction INT-0010 exhibits low signature alignment (20%). No immediate forensic action required.
SIG-BDC81449,INT-0011,FUSED-INT-0011,StandardMotorcycleSnatch,0.2,Weak Match,0.148,1,3,ROUTINE RECORD: Interaction INT-0011 exhibits low signature alignment (20%). No immediate forensic action required.
SIG-7BE7ECCB,INT-0012,FUSED-INT-0012,StandardMotorcycleSnatch,0.2,Weak Match,0.148,1,3,ROUTINE RECORD: Interaction INT-0012 exhibits low signature alignment (20%). No immediate forensic action required.
SIG-B2057990,INT-0013,FUSED-INT-0013,StandardMotorcycleSnatch,0.2,Weak Match,0.148,1,3,ROUTINE RECORD: Interaction INT-0013 exhibits low signature alignment (20%). No immediate forensic action required.
SIG-78061081,INT-0014,FUSED-INT-0014,StandardMotorcycleSnatch,0.2,Weak Match,0.146,1,3,ROUTINE RECORD: Interaction INT-0014 exhibits low signature alignment (20%). No immediate forensic action required.
SIG-9C61FD66,INT-0015,FUSED-INT-0015,StandardMotorcycleSnatch,0.2,Weak Match,0.146,1,3,ROUTINE RECORD: Interaction INT-0015 exhibits low signature alignment (20%). No immediate forensic action required.
SIG-B98C9870,INT-0016,FUSED-INT-0016,StandardMotorcycleSnatch,0.2,Weak Match,0.146,1,3,ROUTINE RECORD: Interaction INT-0016 exhibits low signature alignment (20%). No immediate forensic action required.
SIG-6652C2B6,INT-0017,FUSED-INT-0017,StandardMotorcycleSnatch,0.2,Weak Match,0.146,1,3,ROUTINE RECORD: Interaction INT-0017 exhibits low signature alignment (20%). No immediate forensic action required.
SIG-00356C26,INT-0018,FUSED-INT-0018,StandardMotorcycleSnatch,0.4,Weak Match,0.2831,2,2,ROUTINE RECORD: Interaction INT-0018 exhibits low signature alignment (40%). No immediate forensic action required.
SIG-3442BA4D,INT-0019,FUSED-INT-0019,StandardMotorcycleSnatch,0.4,Weak Match,0.3084,2,2,ROUTINE RECORD: Interaction INT-0019 exhibits low signature alignment (40%). No immediate forensic action required.
SIG-D5014D8A,INT-0020,FUSED-INT-0020,StandardMotorcycleSnatch,0.4,Weak Match,0.281,2,2,ROUTINE RECORD: Interaction INT-0020 exhibits low signature alignment (40%). No immediate forensic action required.
SIG-3FA967A0,INT-0001,FUSED-INT-0001,StandardMotorcycleSnatch,0.2,Weak Match,0.1681,1,3,ROUTINE RECORD: Interaction INT-0001 exhibits low signature alignment (20%). No immediate forensic action required.
SIG-A14FA080,INT-0002,FUSED-INT-0002,StandardMotorcycleSnatch,0.8,High Confidence Match,0.6634,3,1,FLAGGED FOR HIGH-PRIORITY FORENSIC REVIEW: Interaction INT-0002 exhibits strong signature alignment (80%). Export forensic video clip for investigation.
SIG-7E074BD2,INT-0003,FUSED-INT-0003,StandardMotorcycleSnatch,0.2,Weak Match,0.1538,1,3,ROUTINE RECORD: Interaction INT-0003 exhibits low signature alignment (20%). No immediate forensic action required.
SIG-B8061CE6,INT-0004,FUSED-INT-0004,StandardMotorcycleSnatch,0.2,Weak Match,0.1506,1,3,ROUTINE RECORD: Interaction INT-0004 exhibits low signature alignment (20%). No immediate forensic action required.
SIG-50AD4978,INT-0005,FUSED-INT-0005,StandardMotorcycleSnatch,0.2,Weak Match,0.1391,1,3,ROUTINE RECORD: Interaction INT-0005 exhibits low signature alignment (20%). No immediate forensic action required.
SIG-A93872F8,INT-0006,FUSED-INT-0006,StandardMotorcycleSnatch,0.2,Weak Match,0.1461,1,3,ROUTINE RECORD: Interaction INT-0006 exhibits low signature alignment (20%). No immediate forensic action required.
SIG-A2579EB8,INT-0007,FUSED-INT-0007,StandardMotorcycleSnatch,0.2,Weak Match,0.1692,1,3,ROUTINE RECORD: Interaction INT-0007 exhibits low signature alignment (20%). No immediate forensic action required.
SIG-27FBAD05,INT-0008,FUSED-INT-0008,StandardMotorcycleSnatch,0.2,Weak Match,0.1809,1,3,ROUTINE RECORD: Interaction INT-0008 exhibits low signature alignment (20%). No immediate forensic action required.
SIG-75D780D1,INT-0009,FUSED-INT-0009,StandardMotorcycleSnatch,0.2,Weak Match,0.1457,1,3,ROUTINE RECORD: Interaction INT-0009 exhibits low signature alignment (20%). No immediate forensic action required.
SIG-0D658970,INT-0010,FUSED-INT-0010,StandardMotorcycleSnatch,0.2,Weak Match,0.147,1,3,ROUTINE RECORD: Interaction INT-0010 exhibits low signature alignment (20%). No immediate forensic action required.
SIG-B2D68973,INT-0011,FUSED-INT-0011,StandardMotorcycleSnatch,0.2,Weak Match,0.148,1,3,ROUTINE RECORD: Interaction INT-0011 exhibits low signature alignment (20%). No immediate forensic action required.
SIG-0825B3B8,INT-0012,FUSED-INT-0012,StandardMotorcycleSnatch,0.2,Weak Match,0.148,1,3,ROUTINE RECORD: Interaction INT-0012 exhibits low signature alignment (20%). No immediate forensic action required.
SIG-11F210B1,INT-0013,FUSED-INT-0013,StandardMotorcycleSnatch,0.2,Weak Match,0.148,1,3,ROUTINE RECORD: Interaction INT-0013 exhibits low signature alignment (20%). No immediate forensic action required.
SIG-8A71254A,INT-0014,FUSED-INT-0014,StandardMotorcycleSnatch,0.2,Weak Match,0.146,1,3,ROUTINE RECORD: Interaction INT-0014 exhibits low signature alignment (20%). No immediate forensic action required.
SIG-B4C802A8,INT-0015,FUSED-INT-0015,StandardMotorcycleSnatch,0.2,Weak Match,0.146,1,3,ROUTINE RECORD: Interaction INT-0015 exhibits low signature alignment (20%). No immediate forensic action required.
SIG-AD4E8E69,INT-0016,FUSED-INT-0016,StandardMotorcycleSnatch,0.2,Weak Match,0.146,1,3,ROUTINE RECORD: Interaction INT-0016 exhibits low signature alignment (20%). No immediate forensic action required.
SIG-AF84DA1D,INT-0017,FUSED-INT-0017,StandardMotorcycleSnatch,0.2,Weak Match,0.146,1,3,ROUTINE RECORD: Interaction INT-0017 exhibits low signature alignment (20%). No immediate forensic action required.
SIG-AEB340B0,INT-0018,FUSED-INT-0018,StandardMotorcycleSnatch,0.4,Weak Match,0.2831,2,2,ROUTINE RECORD: Interaction INT-0018 exhibits low signature alignment (40%). No immediate forensic action required.
SIG-CB7043A9,INT-0019,FUSED-INT-0019,StandardMotorcycleSnatch,0.4,Weak Match,0.3084,2,2,ROUTINE RECORD: Interaction INT-0019 exhibits low signature alignment (40%). No immediate forensic action required.
SIG-EB90CE50,INT-0020,FUSED-INT-0020,StandardMotorcycleSnatch,0.4,Weak Match,0.281,2,2,ROUTINE RECORD: Interaction INT-0020 exhibits low signature alignment (40%). No immediate forensic action required.
SIG-13B40734,INT-0001,FUSED-INT-0001,StandardMotorcycleSnatch,0.2,Weak Match,0.1681,1,3,ROUTINE RECORD: Interaction INT-0001 exhibits low signature alignment (20%). No immediate forensic action required.
SIG-6A1FDC92,INT-0002,FUSED-INT-0002,StandardMotorcycleSnatch,0.8,High Confidence Match,0.6634,3,1,FLAGGED FOR HIGH-PRIORITY FORENSIC REVIEW: Interaction INT-0002 exhibits strong signature alignment (80%). Export forensic video clip for investigation.
SIG-AC8C46E0,INT-0003,FUSED-INT-0003,StandardMotorcycleSnatch,0.2,Weak Match,0.1538,1,3,ROUTINE RECORD: Interaction INT-0003 exhibits low signature alignment (20%). No immediate forensic action required.
SIG-23C6DE5F,INT-0004,FUSED-INT-0004,StandardMotorcycleSnatch,0.2,Weak Match,0.1506,1,3,ROUTINE RECORD: Interaction INT-0004 exhibits low signature alignment (20%). No immediate forensic action required.
SIG-250DB2BC,INT-0005,FUSED-INT-0005,StandardMotorcycleSnatch,0.2,Weak Match,0.1391,1,3,ROUTINE RECORD: Interaction INT-0005 exhibits low signature alignment (20%). No immediate forensic action required.
SIG-14F23925,INT-0006,FUSED-INT-0006,StandardMotorcycleSnatch,0.2,Weak Match,0.1461,1,3,ROUTINE RECORD: Interaction INT-0006 exhibits low signature alignment (20%). No immediate forensic action required.
SIG-4EE6ADEC,INT-0007,FUSED-INT-0007,StandardMotorcycleSnatch,0.2,Weak Match,0.1692,1,3,ROUTINE RECORD: Interaction INT-0007 exhibits low signature alignment (20%). No immediate forensic action required.
SIG-E20A8FB3,INT-0008,FUSED-INT-0008,StandardMotorcycleSnatch,0.2,Weak Match,0.1809,1,3,ROUTINE RECORD: Interaction INT-0008 exhibits low signature alignment (20%). No immediate forensic action required.
SIG-B1719027,INT-0009,FUSED-INT-0009,StandardMotorcycleSnatch,0.2,Weak Match,0.1457,1,3,ROUTINE RECORD: Interaction INT-0009 exhibits low signature alignment (20%). No immediate forensic action required.
SIG-4647E076,INT-0010,FUSED-INT-0010,StandardMotorcycleSnatch,0.2,Weak Match,0.147,1,3,ROUTINE RECORD: Interaction INT-0010 exhibits low signature alignment (20%). No immediate forensic action required.
SIG-31B98B9E,INT-0011,FUSED-INT-0011,StandardMotorcycleSnatch,0.2,Weak Match,0.148,1,3,ROUTINE RECORD: Interaction INT-0011 exhibits low signature alignment (20%). No immediate forensic action required.
SIG-AB60044D,INT-0012,FUSED-INT-0012,StandardMotorcycleSnatch,0.2,Weak Match,0.148,1,3,ROUTINE RECORD: Interaction INT-0012 exhibits low signature alignment (20%). No immediate forensic action required.
SIG-FD230816,INT-0013,FUSED-INT-0013,StandardMotorcycleSnatch,0.2,Weak Match,0.148,1,3,ROUTINE RECORD: Interaction INT-0013 exhibits low signature alignment (20%). No immediate forensic action required.
SIG-68848064,INT-0014,FUSED-INT-0014,StandardMotorcycleSnatch,0.2,Weak Match,0.146,1,3,ROUTINE RECORD: Interaction INT-0014 exhibits low signature alignment (20%). No immediate forensic action required.
SIG-B862CF4A,INT-0015,FUSED-INT-0015,StandardMotorcycleSnatch,0.2,Weak Match,0.146,1,3,ROUTINE RECORD: Interaction INT-0015 exhibits low signature alignment (20%). No immediate forensic action required.
SIG-109601CA,INT-0016,FUSED-INT-0016,StandardMotorcycleSnatch,0.2,Weak Match,0.146,1,3,ROUTINE RECORD: Interaction INT-0016 exhibits low signature alignment (20%). No immediate forensic action required.
SIG-5C19C855,INT-0017,FUSED-INT-0017,StandardMotorcycleSnatch,0.2,Weak Match,0.146,1,3,ROUTINE RECORD: Interaction INT-0017 exhibits low signature alignment (20%). No immediate forensic action required.
SIG-70B10B80,INT-0018,FUSED-INT-0018,StandardMotorcycleSnatch,0.4,Weak Match,0.2831,2,2,ROUTINE RECORD: Interaction INT-0018 exhibits low signature alignment (40%). No immediate forensic action required.
SIG-11A87EAA,INT-0019,FUSED-INT-0019,StandardMotorcycleSnatch,0.4,Weak Match,0.3084,2,2,ROUTINE RECORD: Interaction INT-0019 exhibits low signature alignment (40%). No immediate forensic action required.
SIG-29A18F8B,INT-0020,FUSED-INT-0020,StandardMotorcycleSnatch,0.4,Weak Match,0.281,2,2,ROUTINE RECORD: Interaction INT-0020 exhibits low signature alignment (40%). No immediate forensic action required.
SIG-0C37A5D2,INT-0001,FUSED-INT-0001,StandardMotorcycleSnatch,0.2,Weak Match,0.1681,1,3,ROUTINE RECORD: Interaction INT-0001 exhibits low signature alignment (20%). No immediate forensic action required.
SIG-BBA626CE,INT-0002,FUSED-INT-0002,StandardMotorcycleSnatch,0.8,High Confidence Match,0.6634,3,1,FLAGGED FOR HIGH-PRIORITY FORENSIC REVIEW: Interaction INT-0002 exhibits strong signature alignment (80%). Export forensic video clip for investigation.
SIG-BD2E568A,INT-0003,FUSED-INT-0003,StandardMotorcycleSnatch,0.2,Weak Match,0.1538,1,3,ROUTINE RECORD: Interaction INT-0003 exhibits low signature alignment (20%). No immediate forensic action required.
SIG-B1B770CB,INT-0004,FUSED-INT-0004,StandardMotorcycleSnatch,0.2,Weak Match,0.1506,1,3,ROUTINE RECORD: Interaction INT-0004 exhibits low signature alignment (20%). No immediate forensic action required.
SIG-1D799EBE,INT-0005,FUSED-INT-0005,StandardMotorcycleSnatch,0.2,Weak Match,0.1391,1,3,ROUTINE RECORD: Interaction INT-0005 exhibits low signature alignment (20%). No immediate forensic action required.
SIG-9103D3C3,INT-0006,FUSED-INT-0006,StandardMotorcycleSnatch,0.2,Weak Match,0.1461,1,3,ROUTINE RECORD: Interaction INT-0006 exhibits low signature alignment (20%). No immediate forensic action required.
SIG-3EEEDCA5,INT-0007,FUSED-INT-0007,StandardMotorcycleSnatch,0.2,Weak Match,0.1692,1,3,ROUTINE RECORD: Interaction INT-0007 exhibits low signature alignment (20%). No immediate forensic action required.
SIG-28EBA86B,INT-0008,FUSED-INT-0008,StandardMotorcycleSnatch,0.2,Weak Match,0.1809,1,3,ROUTINE RECORD: Interaction INT-0008 exhibits low signature alignment (20%). No immediate forensic action required.
SIG-9AD1D213,INT-0009,FUSED-INT-0009,StandardMotorcycleSnatch,0.2,Weak Match,0.1457,1,3,ROUTINE RECORD: Interaction INT-0009 exhibits low signature alignment (20%). No immediate forensic action required.
SIG-F5B3B072,INT-0010,FUSED-INT-0010,StandardMotorcycleSnatch,0.2,Weak Match,0.147,1,3,ROUTINE RECORD: Interaction INT-0010 exhibits low signature alignment (20%). No immediate forensic action required.
SIG-1E9EB012,INT-0011,FUSED-INT-0011,StandardMotorcycleSnatch,0.2,Weak Match,0.148,1,3,ROUTINE RECORD: Interaction INT-0011 exhibits low signature alignment (20%). No immediate forensic action required.
SIG-763A3BFE,INT-0012,FUSED-INT-0012,StandardMotorcycleSnatch,0.2,Weak Match,0.148,1,3,ROUTINE RECORD: Interaction INT-0012 exhibits low signature alignment (20%). No immediate forensic action required.
SIG-E79A637C,INT-0013,FUSED-INT-0013,StandardMotorcycleSnatch,0.2,Weak Match,0.148,1,3,ROUTINE RECORD: Interaction INT-0013 exhibits low signature alignment (20%). No immediate forensic action required.
SIG-3E76DF7F,INT-0014,FUSED-INT-0014,StandardMotorcycleSnatch,0.2,Weak Match,0.146,1,3,ROUTINE RECORD: Interaction INT-0014 exhibits low signature alignment (20%). No immediate forensic action required.
SIG-6823625D,INT-0015,FUSED-INT-0015,StandardMotorcycleSnatch,0.2,Weak Match,0.146,1,3,ROUTINE RECORD: Interaction INT-0015 exhibits low signature alignment (20%). No immediate forensic action required.
SIG-351ED8F7,INT-0016,FUSED-INT-0016,StandardMotorcycleSnatch,0.2,Weak Match,0.146,1,3,ROUTINE RECORD: Interaction INT-0016 exhibits low signature alignment (20%). No immediate forensic action required.
SIG-4D7A1676,INT-0017,FUSED-INT-0017,StandardMotorcycleSnatch,0.2,Weak Match,0.146,1,3,ROUTINE RECORD: Interaction INT-0017 exhibits low signature alignment (20%). No immediate forensic action required.
SIG-D708CBCD,INT-0018,FUSED-INT-0018,StandardMotorcycleSnatch,0.4,Weak Match,0.2831,2,2,ROUTINE RECORD: Interaction INT-0018 exhibits low signature alignment (40%). No immediate forensic action required.
SIG-20299C2C,INT-0019,FUSED-INT-0019,StandardMotorcycleSnatch,0.4,Weak Match,0.3084,2,2,ROUTINE RECORD: Interaction INT-0019 exhibits low signature alignment (40%). No immediate forensic action required.
SIG-7A7A4F0C,INT-0020,FUSED-INT-0020,StandardMotorcycleSnatch,0.4,Weak Match,0.281,2,2,ROUTINE RECORD: Interaction INT-0020 exhibits low signature alignment (40%). No immediate forensic action required.
SIG-40D1904A,INT-0001,FUSED-INT-0001,StandardMotorcycleSnatch,0.2,Weak Match,0.1681,1,3,ROUTINE RECORD: Interaction INT-0001 exhibits low signature alignment (20%). No immediate forensic action required.
SIG-01DB408F,INT-0002,FUSED-INT-0002,StandardMotorcycleSnatch,0.8,High Confidence Match,0.6634,3,1,FLAGGED FOR HIGH-PRIORITY FORENSIC REVIEW: Interaction INT-0002 exhibits strong signature alignment (80%). Export forensic video clip for investigation.
SIG-B1599CAD,INT-0003,FUSED-INT-0003,StandardMotorcycleSnatch,0.2,Weak Match,0.1538,1,3,ROUTINE RECORD: Interaction INT-0003 exhibits low signature alignment (20%). No immediate forensic action required.
SIG-DE3E8F77,INT-0004,FUSED-INT-0004,StandardMotorcycleSnatch,0.2,Weak Match,0.1505,1,3,ROUTINE RECORD: Interaction INT-0004 exhibits low signature alignment (20%). No immediate forensic action required.
SIG-DEC705A1,INT-0005,FUSED-INT-0005,StandardMotorcycleSnatch,0.2,Weak Match,0.1391,1,3,ROUTINE RECORD: Interaction INT-0005 exhibits low signature alignment (20%). No immediate forensic action required.
SIG-D9B46152,INT-0006,FUSED-INT-0006,StandardMotorcycleSnatch,0.2,Weak Match,0.1461,1,3,ROUTINE RECORD: Interaction INT-0006 exhibits low signature alignment (20%). No immediate forensic action required.
SIG-21C451A6,INT-0007,FUSED-INT-0007,StandardMotorcycleSnatch,0.2,Weak Match,0.1692,1,3,ROUTINE RECORD: Interaction INT-0007 exhibits low signature alignment (20%). No immediate forensic action required.
SIG-03E0C80D,INT-0008,FUSED-INT-0008,StandardMotorcycleSnatch,0.2,Weak Match,0.1809,1,3,ROUTINE RECORD: Interaction INT-0008 exhibits low signature alignment (20%). No immediate forensic action required.
SIG-3781B067,INT-0009,FUSED-INT-0009,StandardMotorcycleSnatch,0.2,Weak Match,0.1457,1,3,ROUTINE RECORD: Interaction INT-0009 exhibits low signature alignment (20%). No immediate forensic action required.
SIG-213E96C1,INT-0010,FUSED-INT-0010,StandardMotorcycleSnatch,0.2,Weak Match,0.147,1,3,ROUTINE RECORD: Interaction INT-0010 exhibits low signature alignment (20%). No immediate forensic action required.
SIG-090B343B,INT-0011,FUSED-INT-0011,StandardMotorcycleSnatch,0.2,Weak Match,0.148,1,3,ROUTINE RECORD: Interaction INT-0011 exhibits low signature alignment (20%). No immediate forensic action required.
SIG-37009837,INT-0012,FUSED-INT-0012,StandardMotorcycleSnatch,0.2,Weak Match,0.148,1,3,ROUTINE RECORD: Interaction INT-0012 exhibits low signature alignment (20%). No immediate forensic action required.
SIG-82109AF8,INT-0013,FUSED-INT-0013,StandardMotorcycleSnatch,0.2,Weak Match,0.148,1,3,ROUTINE RECORD: Interaction INT-0013 exhibits low signature alignment (20%). No immediate forensic action required.
SIG-82D7D877,INT-0014,FUSED-INT-0014,StandardMotorcycleSnatch,0.2,Weak Match,0.146,1,3,ROUTINE RECORD: Interaction INT-0014 exhibits low signature alignment (20%). No immediate forensic action required.
SIG-FC0B0D9A,INT-0015,FUSED-INT-0015,StandardMotorcycleSnatch,0.2,Weak Match,0.146,1,3,ROUTINE RECORD: Interaction INT-0015 exhibits low signature alignment (20%). No immediate forensic action required.
SIG-9BEEF1D5,INT-0016,FUSED-INT-0016,StandardMotorcycleSnatch,0.2,Weak Match,0.146,1,3,ROUTINE RECORD: Interaction INT-0016 exhibits low signature alignment (20%). No immediate forensic action required.
SIG-42756275,INT-0017,FUSED-INT-0017,StandardMotorcycleSnatch,0.2,Weak Match,0.146,1,3,ROUTINE RECORD: Interaction INT-0017 exhibits low signature alignment (20%). No immediate forensic action required.
SIG-6FB41073,INT-0018,FUSED-INT-0018,StandardMotorcycleSnatch,0.4,Weak Match,0.2831,2,2,ROUTINE RECORD: Interaction INT-0018 exhibits low signature alignment (40%). No immediate forensic action required.
SIG-F6FA16DF,INT-0019,FUSED-INT-0019,StandardMotorcycleSnatch,0.4,Weak Match,0.3084,2,2,ROUTINE RECORD: Interaction INT-0019 exhibits low signature alignment (40%). No immediate forensic action required.
SIG-2FC3069D,INT-0020,FUSED-INT-0020,StandardMotorcycleSnatch,0.4,Weak Match,0.281,2,2,ROUTINE RECORD: Interaction INT-0020 exhibits low signature alignment (40%). No immediate forensic action required.
SIG-B0BA4698,INT-0001,FUSED-INT-0001,StandardMotorcycleSnatch,0.2,Weak Match,0.1681,1,3,ROUTINE RECORD: Interaction INT-0001 exhibits low signature alignment (20%). No immediate forensic action required.
SIG-AB45C575,INT-0002,FUSED-INT-0002,StandardMotorcycleSnatch,0.8,High Confidence Match,0.6634,3,1,FLAGGED FOR HIGH-PRIORITY FORENSIC REVIEW: Interaction INT-0002 exhibits strong signature alignment (80%). Export forensic video clip for investigation.
SIG-685B2FEB,INT-0003,FUSED-INT-0003,StandardMotorcycleSnatch,0.2,Weak Match,0.1538,1,3,ROUTINE RECORD: Interaction INT-0003 exhibits low signature alignment (20%). No immediate forensic action required.
SIG-A0E5583C,INT-0004,FUSED-INT-0004,StandardMotorcycleSnatch,0.2,Weak Match,0.1505,1,3,ROUTINE RECORD: Interaction INT-0004 exhibits low signature alignment (20%). No immediate forensic action required.
SIG-7900D456,INT-0005,FUSED-INT-0005,StandardMotorcycleSnatch,0.2,Weak Match,0.1391,1,3,ROUTINE RECORD: Interaction INT-0005 exhibits low signature alignment (20%). No immediate forensic action required.
SIG-CAC676C8,INT-0006,FUSED-INT-0006,StandardMotorcycleSnatch,0.2,Weak Match,0.1461,1,3,ROUTINE RECORD: Interaction INT-0006 exhibits low signature alignment (20%). No immediate forensic action required.
SIG-1BBAFDA9,INT-0007,FUSED-INT-0007,StandardMotorcycleSnatch,0.2,Weak Match,0.1692,1,3,ROUTINE RECORD: Interaction INT-0007 exhibits low signature alignment (20%). No immediate forensic action required.
SIG-5B67641F,INT-0008,FUSED-INT-0008,StandardMotorcycleSnatch,0.2,Weak Match,0.1809,1,3,ROUTINE RECORD: Interaction INT-0008 exhibits low signature alignment (20%). No immediate forensic action required.
SIG-6F9ACF8A,INT-0009,FUSED-INT-0009,StandardMotorcycleSnatch,0.2,Weak Match,0.1457,1,3,ROUTINE RECORD: Interaction INT-0009 exhibits low signature alignment (20%). No immediate forensic action required.
SIG-FD19AF8E,INT-0010,FUSED-INT-0010,StandardMotorcycleSnatch,0.2,Weak Match,0.147,1,3,ROUTINE RECORD: Interaction INT-0010 exhibits low signature alignment (20%). No immediate forensic action required.
SIG-C149706B,INT-0011,FUSED-INT-0011,StandardMotorcycleSnatch,0.2,Weak Match,0.148,1,3,ROUTINE RECORD: Interaction INT-0011 exhibits low signature alignment (20%). No immediate forensic action required.
SIG-5A7B71CB,INT-0012,FUSED-INT-0012,StandardMotorcycleSnatch,0.2,Weak Match,0.148,1,3,ROUTINE RECORD: Interaction INT-0012 exhibits low signature alignment (20%). No immediate forensic action required.
SIG-6EF9B2D0,INT-0013,FUSED-INT-0013,StandardMotorcycleSnatch,0.2,Weak Match,0.148,1,3,ROUTINE RECORD: Interaction INT-0013 exhibits low signature alignment (20%). No immediate forensic action required.
SIG-2DC20CDB,INT-0014,FUSED-INT-0014,StandardMotorcycleSnatch,0.2,Weak Match,0.146,1,3,ROUTINE RECORD: Interaction INT-0014 exhibits low signature alignment (20%). No immediate forensic action required.
SIG-CBA7123A,INT-0015,FUSED-INT-0015,StandardMotorcycleSnatch,0.2,Weak Match,0.146,1,3,ROUTINE RECORD: Interaction INT-0015 exhibits low signature alignment (20%). No immediate forensic action required.
SIG-04D8E97B,INT-0016,FUSED-INT-0016,StandardMotorcycleSnatch,0.2,Weak Match,0.146,1,3,ROUTINE RECORD: Interaction INT-0016 exhibits low signature alignment (20%). No immediate forensic action required.
SIG-1BDBE3E7,INT-0017,FUSED-INT-0017,StandardMotorcycleSnatch,0.2,Weak Match,0.146,1,3,ROUTINE RECORD: Interaction INT-0017 exhibits low signature alignment (20%). No immediate forensic action required.
SIG-5DFEF1C1,INT-0018,FUSED-INT-0018,StandardMotorcycleSnatch,0.4,Weak Match,0.2831,2,2,ROUTINE RECORD: Interaction INT-0018 exhibits low signature alignment (40%). No immediate forensic action required.
SIG-6430BB23,INT-0019,FUSED-INT-0019,StandardMotorcycleSnatch,0.4,Weak Match,0.3084,2,2,ROUTINE RECORD: Interaction INT-0019 exhibits low signature alignment (40%). No immediate forensic action required.
SIG-7BBA05D5,INT-0020,FUSED-INT-0020,StandardMotorcycleSnatch,0.4,Weak Match,0.281,2,2,ROUTINE RECORD: Interaction INT-0020 exhibits low signature alignment (40%). No immediate forensic action required.
SIG-196C72A3,INT-0001,FUSED-INT-0001,StandardMotorcycleSnatch,0.2,Weak Match,0.1681,1,3,ROUTINE RECORD: Interaction INT-0001 exhibits low signature alignment (20%). No immediate forensic action required.
SIG-FD7D1516,INT-0002,FUSED-INT-0002,StandardMotorcycleSnatch,0.8,High Confidence Match,0.6634,3,1,FLAGGED FOR HIGH-PRIORITY FORENSIC REVIEW: Interaction INT-0002 exhibits strong signature alignment (80%). Export forensic video clip for investigation.
SIG-BECA312C,INT-0003,FUSED-INT-0003,StandardMotorcycleSnatch,0.2,Weak Match,0.1538,1,3,ROUTINE RECORD: Interaction INT-0003 exhibits low signature alignment (20%). No immediate forensic action required.
SIG-82BDA8A8,INT-0004,FUSED-INT-0004,StandardMotorcycleSnatch,0.2,Weak Match,0.1504,1,3,ROUTINE RECORD: Interaction INT-0004 exhibits low signature alignment (20%). No immediate forensic action required.
SIG-D5FE77E9,INT-0005,FUSED-INT-0005,StandardMotorcycleSnatch,0.2,Weak Match,0.1391,1,3,ROUTINE RECORD: Interaction INT-0005 exhibits low signature alignment (20%). No immediate forensic action required.
SIG-4913C945,INT-0006,FUSED-INT-0006,StandardMotorcycleSnatch,0.2,Weak Match,0.1461,1,3,ROUTINE RECORD: Interaction INT-0006 exhibits low signature alignment (20%). No immediate forensic action required.
SIG-CB2E12BE,INT-0007,FUSED-INT-0007,StandardMotorcycleSnatch,0.2,Weak Match,0.1692,1,3,ROUTINE RECORD: Interaction INT-0007 exhibits low signature alignment (20%). No immediate forensic action required.
SIG-44B31CFA,INT-0008,FUSED-INT-0008,StandardMotorcycleSnatch,0.2,Weak Match,0.1809,1,3,ROUTINE RECORD: Interaction INT-0008 exhibits low signature alignment (20%). No immediate forensic action required.
SIG-DE7AAC80,INT-0009,FUSED-INT-0009,StandardMotorcycleSnatch,0.2,Weak Match,0.1457,1,3,ROUTINE RECORD: Interaction INT-0009 exhibits low signature alignment (20%). No immediate forensic action required.
SIG-75B32333,INT-0010,FUSED-INT-0010,StandardMotorcycleSnatch,0.2,Weak Match,0.147,1,3,ROUTINE RECORD: Interaction INT-0010 exhibits low signature alignment (20%). No immediate forensic action required.
SIG-B158B742,INT-0011,FUSED-INT-0011,StandardMotorcycleSnatch,0.2,Weak Match,0.148,1,3,ROUTINE RECORD: Interaction INT-0011 exhibits low signature alignment (20%). No immediate forensic action required.
SIG-F2F729C0,INT-0012,FUSED-INT-0012,StandardMotorcycleSnatch,0.2,Weak Match,0.148,1,3,ROUTINE RECORD: Interaction INT-0012 exhibits low signature alignment (20%). No immediate forensic action required.
SIG-69888DBD,INT-0013,FUSED-INT-0013,StandardMotorcycleSnatch,0.2,Weak Match,0.148,1,3,ROUTINE RECORD: Interaction INT-0013 exhibits low signature alignment (20%). No immediate forensic action required.
SIG-0F166988,INT-0014,FUSED-INT-0014,StandardMotorcycleSnatch,0.2,Weak Match,0.146,1,3,ROUTINE RECORD: Interaction INT-0014 exhibits low signature alignment (20%). No immediate forensic action required.
SIG-0D51EA77,INT-0015,FUSED-INT-0015,StandardMotorcycleSnatch,0.2,Weak Match,0.146,1,3,ROUTINE RECORD: Interaction INT-0015 exhibits low signature alignment (20%). No immediate forensic action required.
SIG-563D5476,INT-0016,FUSED-INT-0016,StandardMotorcycleSnatch,0.2,Weak Match,0.146,1,3,ROUTINE RECORD: Interaction INT-0016 exhibits low signature alignment (20%). No immediate forensic action required.
SIG-8F621C43,INT-0017,FUSED-INT-0017,StandardMotorcycleSnatch,0.2,Weak Match,0.146,1,3,ROUTINE RECORD: Interaction INT-0017 exhibits low signature alignment (20%). No immediate forensic action required.
SIG-283FADBC,INT-0018,FUSED-INT-0018,StandardMotorcycleSnatch,0.4,Weak Match,0.2831,2,2,ROUTINE RECORD: Interaction INT-0018 exhibits low signature alignment (40%). No immediate forensic action required.
SIG-8D07131F,INT-0019,FUSED-INT-0019,StandardMotorcycleSnatch,0.4,Weak Match,0.3084,2,2,ROUTINE RECORD: Interaction INT-0019 exhibits low signature alignment (40%). No immediate forensic action required.
SIG-D189F730,INT-0020,FUSED-INT-0020,StandardMotorcycleSnatch,0.4,Weak Match,0.281,2,2,ROUTINE RECORD: Interaction INT-0020 exhibits low signature alignment (40%). No immediate forensic action required.
SIG-F1FB1B35,INT-0001,FUSED-INT-0001,StandardMotorcycleSnatch,0.2,Weak Match,0.1681,1,3,ROUTINE RECORD: Interaction INT-0001 exhibits low signature alignment (20%). No immediate forensic action required.
SIG-CF2246AD,INT-0002,FUSED-INT-0002,StandardMotorcycleSnatch,0.8,High Confidence Match,0.6634,3,1,FLAGGED FOR HIGH-PRIORITY FORENSIC REVIEW: Interaction INT-0002 exhibits strong signature alignment (80%). Export forensic video clip for investigation.
SIG-A38C4786,INT-0003,FUSED-INT-0003,StandardMotorcycleSnatch,0.2,Weak Match,0.1538,1,3,ROUTINE RECORD: Interaction INT-0003 exhibits low signature alignment (20%). No immediate forensic action required.
SIG-034C22F6,INT-0004,FUSED-INT-0004,StandardMotorcycleSnatch,0.2,Weak Match,0.1504,1,3,ROUTINE RECORD: Interaction INT-0004 exhibits low signature alignment (20%). No immediate forensic action required.
SIG-66085EF0,INT-0005,FUSED-INT-0005,StandardMotorcycleSnatch,0.2,Weak Match,0.1391,1,3,ROUTINE RECORD: Interaction INT-0005 exhibits low signature alignment (20%). No immediate forensic action required.
SIG-E5AFE2AE,INT-0006,FUSED-INT-0006,StandardMotorcycleSnatch,0.2,Weak Match,0.1461,1,3,ROUTINE RECORD: Interaction INT-0006 exhibits low signature alignment (20%). No immediate forensic action required.
SIG-4FA20FF5,INT-0007,FUSED-INT-0007,StandardMotorcycleSnatch,0.2,Weak Match,0.1692,1,3,ROUTINE RECORD: Interaction INT-0007 exhibits low signature alignment (20%). No immediate forensic action required.
SIG-9C560E88,INT-0008,FUSED-INT-0008,StandardMotorcycleSnatch,0.2,Weak Match,0.1809,1,3,ROUTINE RECORD: Interaction INT-0008 exhibits low signature alignment (20%). No immediate forensic action required.
SIG-59654144,INT-0009,FUSED-INT-0009,StandardMotorcycleSnatch,0.2,Weak Match,0.1457,1,3,ROUTINE RECORD: Interaction INT-0009 exhibits low signature alignment (20%). No immediate forensic action required.
SIG-1C3C7DB0,INT-0010,FUSED-INT-0010,StandardMotorcycleSnatch,0.2,Weak Match,0.147,1,3,ROUTINE RECORD: Interaction INT-0010 exhibits low signature alignment (20%). No immediate forensic action required.
SIG-8983B896,INT-0011,FUSED-INT-0011,StandardMotorcycleSnatch,0.2,Weak Match,0.148,1,3,ROUTINE RECORD: Interaction INT-0011 exhibits low signature alignment (20%). No immediate forensic action required.
SIG-4B17A5D0,INT-0012,FUSED-INT-0012,StandardMotorcycleSnatch,0.2,Weak Match,0.148,1,3,ROUTINE RECORD: Interaction INT-0012 exhibits low signature alignment (20%). No immediate forensic action required.
SIG-B5690A7E,INT-0013,FUSED-INT-0013,StandardMotorcycleSnatch,0.2,Weak Match,0.148,1,3,ROUTINE RECORD: Interaction INT-0013 exhibits low signature alignment (20%). No immediate forensic action required.
SIG-CD7A3322,INT-0014,FUSED-INT-0014,StandardMotorcycleSnatch,0.2,Weak Match,0.146,1,3,ROUTINE RECORD: Interaction INT-0014 exhibits low signature alignment (20%). No immediate forensic action required.
SIG-D3FDCCC5,INT-0015,FUSED-INT-0015,StandardMotorcycleSnatch,0.2,Weak Match,0.146,1,3,ROUTINE RECORD: Interaction INT-0015 exhibits low signature alignment (20%). No immediate forensic action required.
SIG-12549F4E,INT-0016,FUSED-INT-0016,StandardMotorcycleSnatch,0.2,Weak Match,0.146,1,3,ROUTINE RECORD: Interaction INT-0016 exhibits low signature alignment (20%). No immediate forensic action required.
SIG-6091022A,INT-0017,FUSED-INT-0017,StandardMotorcycleSnatch,0.2,Weak Match,0.146,1,3,ROUTINE RECORD: Interaction INT-0017 exhibits low signature alignment (20%). No immediate forensic action required.
SIG-85914125,INT-0018,FUSED-INT-0018,StandardMotorcycleSnatch,0.4,Weak Match,0.2831,2,2,ROUTINE RECORD: Interaction INT-0018 exhibits low signature alignment (40%). No immediate forensic action required.
SIG-9AB75FA6,INT-0019,FUSED-INT-0019,StandardMotorcycleSnatch,0.4,Weak Match,0.3084,2,2,ROUTINE RECORD: Interaction INT-0019 exhibits low signature alignment (40%). No immediate forensic action required.
SIG-95DE9328,INT-0020,FUSED-INT-0020,StandardMotorcycleSnatch,0.4,Weak Match,0.281,2,2,ROUTINE RECORD: Interaction INT-0020 exhibits low signature alignment (40%). No immediate forensic action required.
SIG-C16FAD16,INT-0001,FUSED-INT-0001,StandardMotorcycleSnatch,0.2,Weak Match,0.1681,1,3,ROUTINE RECORD: Interaction INT-0001 exhibits low signature alignment (20%). No immediate forensic action required.
SIG-3076A68D,INT-0002,FUSED-INT-0002,StandardMotorcycleSnatch,0.8,High Confidence Match,0.6634,3,1,FLAGGED FOR HIGH-PRIORITY FORENSIC REVIEW: Interaction INT-0002 exhibits strong signature alignment (80%). Export forensic video clip for investigation.
SIG-CCF4ACC3,INT-0003,FUSED-INT-0003,StandardMotorcycleSnatch,0.2,Weak Match,0.1538,1,3,ROUTINE RECORD: Interaction INT-0003 exhibits low signature alignment (20%). No immediate forensic action required.
SIG-1D2369B4,INT-0004,FUSED-INT-0004,StandardMotorcycleSnatch,0.2,Weak Match,0.1503,1,3,ROUTINE RECORD: Interaction INT-0004 exhibits low signature alignment (20%). No immediate forensic action required.
SIG-B0294C83,INT-0005,FUSED-INT-0005,StandardMotorcycleSnatch,0.2,Weak Match,0.1391,1,3,ROUTINE RECORD: Interaction INT-0005 exhibits low signature alignment (20%). No immediate forensic action required.
SIG-48A623D0,INT-0006,FUSED-INT-0006,StandardMotorcycleSnatch,0.2,Weak Match,0.1461,1,3,ROUTINE RECORD: Interaction INT-0006 exhibits low signature alignment (20%). No immediate forensic action required.
SIG-5DE2EB01,INT-0007,FUSED-INT-0007,StandardMotorcycleSnatch,0.2,Weak Match,0.1692,1,3,ROUTINE RECORD: Interaction INT-0007 exhibits low signature alignment (20%). No immediate forensic action required.
SIG-A2FABB62,INT-0008,FUSED-INT-0008,StandardMotorcycleSnatch,0.2,Weak Match,0.1809,1,3,ROUTINE RECORD: Interaction INT-0008 exhibits low signature alignment (20%). No immediate forensic action required.
SIG-EA97A46B,INT-0009,FUSED-INT-0009,StandardMotorcycleSnatch,0.2,Weak Match,0.1457,1,3,ROUTINE RECORD: Interaction INT-0009 exhibits low signature alignment (20%). No immediate forensic action required.
SIG-E042190C,INT-0010,FUSED-INT-0010,StandardMotorcycleSnatch,0.2,Weak Match,0.147,1,3,ROUTINE RECORD: Interaction INT-0010 exhibits low signature alignment (20%). No immediate forensic action required.
SIG-B0A81E15,INT-0011,FUSED-INT-0011,StandardMotorcycleSnatch,0.2,Weak Match,0.148,1,3,ROUTINE RECORD: Interaction INT-0011 exhibits low signature alignment (20%). No immediate forensic action required.
SIG-613FC251,INT-0012,FUSED-INT-0012,StandardMotorcycleSnatch,0.2,Weak Match,0.148,1,3,ROUTINE RECORD: Interaction INT-0012 exhibits low signature alignment (20%). No immediate forensic action required.
SIG-F8730F1A,INT-0013,FUSED-INT-0013,StandardMotorcycleSnatch,0.2,Weak Match,0.148,1,3,ROUTINE RECORD: Interaction INT-0013 exhibits low signature alignment (20%). No immediate forensic action required.
SIG-0799EC97,INT-0014,FUSED-INT-0014,StandardMotorcycleSnatch,0.2,Weak Match,0.146,1,3,ROUTINE RECORD: Interaction INT-0014 exhibits low signature alignment (20%). No immediate forensic action required.
SIG-EA0EED3D,INT-0015,FUSED-INT-0015,StandardMotorcycleSnatch,0.2,Weak Match,0.146,1,3,ROUTINE RECORD: Interaction INT-0015 exhibits low signature alignment (20%). No immediate forensic action required.
SIG-F3710597,INT-0016,FUSED-INT-0016,StandardMotorcycleSnatch,0.2,Weak Match,0.146,1,3,ROUTINE RECORD: Interaction INT-0016 exhibits low signature alignment (20%). No immediate forensic action required.
SIG-6C9668C3,INT-0017,FUSED-INT-0017,StandardMotorcycleSnatch,0.2,Weak Match,0.146,1,3,ROUTINE RECORD: Interaction INT-0017 exhibits low signature alignment (20%). No immediate forensic action required.
SIG-9802B3B6,INT-0018,FUSED-INT-0018,StandardMotorcycleSnatch,0.4,Weak Match,0.2831,2,2,ROUTINE RECORD: Interaction INT-0018 exhibits low signature alignment (40%). No immediate forensic action required.
SIG-1D336259,INT-0019,FUSED-INT-0019,StandardMotorcycleSnatch,0.4,Weak Match,0.3084,2,2,ROUTINE RECORD: Interaction INT-0019 exhibits low signature alignment (40%). No immediate forensic action required.
SIG-34D42310,INT-0020,FUSED-INT-0020,StandardMotorcycleSnatch,0.4,Weak Match,0.281,2,2,ROUTINE RECORD: Interaction INT-0020 exhibits low signature alignment (40%). No immediate forensic action required.
SIG-A7213DA8,INT-0001,FUSED-INT-0001,StandardMotorcycleSnatch,0.2,Weak Match,0.1681,1,3,ROUTINE RECORD: Interaction INT-0001 exhibits low signature alignment (20%). No immediate forensic action required.
SIG-CF83EAC4,INT-0002,FUSED-INT-0002,StandardMotorcycleSnatch,0.8,High Confidence Match,0.6634,3,1,FLAGGED FOR HIGH-PRIORITY FORENSIC REVIEW: Interaction INT-0002 exhibits strong signature alignment (80%). Export forensic video clip for investigation.
SIG-A7B0023F,INT-0003,FUSED-INT-0003,StandardMotorcycleSnatch,0.2,Weak Match,0.1538,1,3,ROUTINE RECORD: Interaction INT-0003 exhibits low signature alignment (20%). No immediate forensic action required.
SIG-16064933,INT-0004,FUSED-INT-0004,StandardMotorcycleSnatch,0.2,Weak Match,0.1503,1,3,ROUTINE RECORD: Interaction INT-0004 exhibits low signature alignment (20%). No immediate forensic action required.
SIG-F90343C1,INT-0005,FUSED-INT-0005,StandardMotorcycleSnatch,0.2,Weak Match,0.1391,1,3,ROUTINE RECORD: Interaction INT-0005 exhibits low signature alignment (20%). No immediate forensic action required.
SIG-6EFC18A1,INT-0006,FUSED-INT-0006,StandardMotorcycleSnatch,0.2,Weak Match,0.1461,1,3,ROUTINE RECORD: Interaction INT-0006 exhibits low signature alignment (20%). No immediate forensic action required.
SIG-9034425C,INT-0007,FUSED-INT-0007,StandardMotorcycleSnatch,0.2,Weak Match,0.1692,1,3,ROUTINE RECORD: Interaction INT-0007 exhibits low signature alignment (20%). No immediate forensic action required.
SIG-6839BD20,INT-0008,FUSED-INT-0008,StandardMotorcycleSnatch,0.2,Weak Match,0.1809,1,3,ROUTINE RECORD: Interaction INT-0008 exhibits low signature alignment (20%). No immediate forensic action required.
SIG-197AFE6E,INT-0009,FUSED-INT-0009,StandardMotorcycleSnatch,0.2,Weak Match,0.1457,1,3,ROUTINE RECORD: Interaction INT-0009 exhibits low signature alignment (20%). No immediate forensic action required.
SIG-D8335167,INT-0010,FUSED-INT-0010,StandardMotorcycleSnatch,0.2,Weak Match,0.147,1,3,ROUTINE RECORD: Interaction INT-0010 exhibits low signature alignment (20%). No immediate forensic action required.
SIG-0F5A1D9D,INT-0011,FUSED-INT-0011,StandardMotorcycleSnatch,0.2,Weak Match,0.148,1,3,ROUTINE RECORD: Interaction INT-0011 exhibits low signature alignment (20%). No immediate forensic action required.
SIG-4B423A62,INT-0012,FUSED-INT-0012,StandardMotorcycleSnatch,0.2,Weak Match,0.148,1,3,ROUTINE RECORD: Interaction INT-0012 exhibits low signature alignment (20%). No immediate forensic action required.
SIG-F13FC430,INT-0013,FUSED-INT-0013,StandardMotorcycleSnatch,0.2,Weak Match,0.148,1,3,ROUTINE RECORD: Interaction INT-0013 exhibits low signature alignment (20%). No immediate forensic action required.
SIG-94114101,INT-0014,FUSED-INT-0014,StandardMotorcycleSnatch,0.2,Weak Match,0.146,1,3,ROUTINE RECORD: Interaction INT-0014 exhibits low signature alignment (20%). No immediate forensic action required.
SIG-AA758184,INT-0015,FUSED-INT-0015,StandardMotorcycleSnatch,0.2,Weak Match,0.146,1,3,ROUTINE RECORD: Interaction INT-0015 exhibits low signature alignment (20%). No immediate forensic action required.
SIG-03CFCAC6,INT-0016,FUSED-INT-0016,StandardMotorcycleSnatch,0.2,Weak Match,0.146,1,3,ROUTINE RECORD: Interaction INT-0016 exhibits low signature alignment (20%). No immediate forensic action required.
SIG-9727A723,INT-0017,FUSED-INT-0017,StandardMotorcycleSnatch,0.2,Weak Match,0.146,1,3,ROUTINE RECORD: Interaction INT-0017 exhibits low signature alignment (20%). No immediate forensic action required.
SIG-4E5ACD4B,INT-0018,FUSED-INT-0018,StandardMotorcycleSnatch,0.4,Weak Match,0.2831,2,2,ROUTINE RECORD: Interaction INT-0018 exhibits low signature alignment (40%). No immediate forensic action required.
SIG-ACFED9BA,INT-0019,FUSED-INT-0019,StandardMotorcycleSnatch,0.4,Weak Match,0.3084,2,2,ROUTINE RECORD: Interaction INT-0019 exhibits low signature alignment (40%). No immediate forensic action required.
SIG-ECD753B6,INT-0020,FUSED-INT-0020,StandardMotorcycleSnatch,0.4,Weak Match,0.281,2,2,ROUTINE RECORD: Interaction INT-0020 exhibits low signature alignment (40%). No immediate forensic action required.
SIG-269DBB19,INT-0001,FUSED-INT-0001,StandardMotorcycleSnatch,0.2,Weak Match,0.1681,1,3,ROUTINE RECORD: Interaction INT-0001 exhibits low signature alignment (20%). No immediate forensic action required.
SIG-0E79A5A5,INT-0002,FUSED-INT-0002,StandardMotorcycleSnatch,0.8,High Confidence Match,0.6634,3,1,FLAGGED FOR HIGH-PRIORITY FORENSIC REVIEW: Interaction INT-0002 exhibits strong signature alignment (80%). Export forensic video clip for investigation.
SIG-E5A58092,INT-0003,FUSED-INT-0003,StandardMotorcycleSnatch,0.2,Weak Match,0.1538,1,3,ROUTINE RECORD: Interaction INT-0003 exhibits low signature alignment (20%). No immediate forensic action required.
SIG-81540CAE,INT-0004,FUSED-INT-0004,StandardMotorcycleSnatch,0.2,Weak Match,0.1503,1,3,ROUTINE RECORD: Interaction INT-0004 exhibits low signature alignment (20%). No immediate forensic action required.
SIG-31F6709B,INT-0005,FUSED-INT-0005,StandardMotorcycleSnatch,0.2,Weak Match,0.1391,1,3,ROUTINE RECORD: Interaction INT-0005 exhibits low signature alignment (20%). No immediate forensic action required.
SIG-A0AAAEBF,INT-0006,FUSED-INT-0006,StandardMotorcycleSnatch,0.2,Weak Match,0.1461,1,3,ROUTINE RECORD: Interaction INT-0006 exhibits low signature alignment (20%). No immediate forensic action required.
SIG-1054AF23,INT-0007,FUSED-INT-0007,StandardMotorcycleSnatch,0.2,Weak Match,0.1692,1,3,ROUTINE RECORD: Interaction INT-0007 exhibits low signature alignment (20%). No immediate forensic action required.
SIG-AA392A51,INT-0008,FUSED-INT-0008,StandardMotorcycleSnatch,0.2,Weak Match,0.1809,1,3,ROUTINE RECORD: Interaction INT-0008 exhibits low signature alignment (20%). No immediate forensic action required.
SIG-8F5942CF,INT-0009,FUSED-INT-0009,StandardMotorcycleSnatch,0.2,Weak Match,0.1457,1,3,ROUTINE RECORD: Interaction INT-0009 exhibits low signature alignment (20%). No immediate forensic action required.
SIG-F20E63C5,INT-0010,FUSED-INT-0010,StandardMotorcycleSnatch,0.2,Weak Match,0.147,1,3,ROUTINE RECORD: Interaction INT-0010 exhibits low signature alignment (20%). No immediate forensic action required.
SIG-EA8E151A,INT-0011,FUSED-INT-0011,StandardMotorcycleSnatch,0.2,Weak Match,0.148,1,3,ROUTINE RECORD: Interaction INT-0011 exhibits low signature alignment (20%). No immediate forensic action required.
SIG-DC11E1E6,INT-0012,FUSED-INT-0012,StandardMotorcycleSnatch,0.2,Weak Match,0.148,1,3,ROUTINE RECORD: Interaction INT-0012 exhibits low signature alignment (20%). No immediate forensic action required.
SIG-E63D04AB,INT-0013,FUSED-INT-0013,StandardMotorcycleSnatch,0.2,Weak Match,0.148,1,3,ROUTINE RECORD: Interaction INT-0013 exhibits low signature alignment (20%). No immediate forensic action required.
SIG-1D8C446A,INT-0014,FUSED-INT-0014,StandardMotorcycleSnatch,0.2,Weak Match,0.146,1,3,ROUTINE RECORD: Interaction INT-0014 exhibits low signature alignment (20%). No immediate forensic action required.
SIG-1ED6B9AC,INT-0015,FUSED-INT-0015,StandardMotorcycleSnatch,0.2,Weak Match,0.146,1,3,ROUTINE RECORD: Interaction INT-0015 exhibits low signature alignment (20%). No immediate forensic action required.
SIG-7901E1E6,INT-0016,FUSED-INT-0016,StandardMotorcycleSnatch,0.2,Weak Match,0.146,1,3,ROUTINE RECORD: Interaction INT-0016 exhibits low signature alignment (20%). No immediate forensic action required.
SIG-0D1D1275,INT-0017,FUSED-INT-0017,StandardMotorcycleSnatch,0.2,Weak Match,0.146,1,3,ROUTINE RECORD: Interaction INT-0017 exhibits low signature alignment (20%). No immediate forensic action required.
SIG-7FA1B04E,INT-0018,FUSED-INT-0018,StandardMotorcycleSnatch,0.4,Weak Match,0.2831,2,2,ROUTINE RECORD: Interaction INT-0018 exhibits low signature alignment (40%). No immediate forensic action required.
SIG-954A0E36,INT-0019,FUSED-INT-0019,StandardMotorcycleSnatch,0.4,Weak Match,0.3084,2,2,ROUTINE RECORD: Interaction INT-0019 exhibits low signature alignment (40%). No immediate forensic action required.
SIG-A82FECF2,INT-0020,FUSED-INT-0020,StandardMotorcycleSnatch,0.4,Weak Match,0.281,2,2,ROUTINE RECORD: Interaction INT-0020 exhibits low signature alignment (40%). No immediate forensic action required.
SIG-15ED3E0D,INT-0001,FUSED-INT-0001,StandardMotorcycleSnatch,0.2,Weak Match,0.1681,1,3,ROUTINE RECORD: Interaction INT-0001 exhibits low signature alignment (20%). No immediate forensic action required.
SIG-04A0302A,INT-0002,FUSED-INT-0002,StandardMotorcycleSnatch,0.8,High Confidence Match,0.6634,3,1,FLAGGED FOR HIGH-PRIORITY FORENSIC REVIEW: Interaction INT-0002 exhibits strong signature alignment (80%). Export forensic video clip for investigation.
SIG-116361E7,INT-0003,FUSED-INT-0003,StandardMotorcycleSnatch,0.2,Weak Match,0.1538,1,3,ROUTINE RECORD: Interaction INT-0003 exhibits low signature alignment (20%). No immediate forensic action required.
SIG-0D2272F4,INT-0004,FUSED-INT-0004,StandardMotorcycleSnatch,0.2,Weak Match,0.1502,1,3,ROUTINE RECORD: Interaction INT-0004 exhibits low signature alignment (20%). No immediate forensic action required.
SIG-1D15FF76,INT-0005,FUSED-INT-0005,StandardMotorcycleSnatch,0.2,Weak Match,0.1391,1,3,ROUTINE RECORD: Interaction INT-0005 exhibits low signature alignment (20%). No immediate forensic action required.
SIG-4715603E,INT-0006,FUSED-INT-0006,StandardMotorcycleSnatch,0.2,Weak Match,0.1461,1,3,ROUTINE RECORD: Interaction INT-0006 exhibits low signature alignment (20%). No immediate forensic action required.
SIG-B0A9D587,INT-0007,FUSED-INT-0007,StandardMotorcycleSnatch,0.2,Weak Match,0.1692,1,3,ROUTINE RECORD: Interaction INT-0007 exhibits low signature alignment (20%). No immediate forensic action required.
SIG-D6A81139,INT-0008,FUSED-INT-0008,StandardMotorcycleSnatch,0.2,Weak Match,0.1809,1,3,ROUTINE RECORD: Interaction INT-0008 exhibits low signature alignment (20%). No immediate forensic action required.
SIG-3A394258,INT-0009,FUSED-INT-0009,StandardMotorcycleSnatch,0.2,Weak Match,0.1457,1,3,ROUTINE RECORD: Interaction INT-0009 exhibits low signature alignment (20%). No immediate forensic action required.
SIG-554F0FD0,INT-0010,FUSED-INT-0010,StandardMotorcycleSnatch,0.2,Weak Match,0.147,1,3,ROUTINE RECORD: Interaction INT-0010 exhibits low signature alignment (20%). No immediate forensic action required.
SIG-7506EE83,INT-0011,FUSED-INT-0011,StandardMotorcycleSnatch,0.2,Weak Match,0.148,1,3,ROUTINE RECORD: Interaction INT-0011 exhibits low signature alignment (20%). No immediate forensic action required.
SIG-F069F14B,INT-0012,FUSED-INT-0012,StandardMotorcycleSnatch,0.2,Weak Match,0.148,1,3,ROUTINE RECORD: Interaction INT-0012 exhibits low signature alignment (20%). No immediate forensic action required.
SIG-9F2B5252,INT-0013,FUSED-INT-0013,StandardMotorcycleSnatch,0.2,Weak Match,0.148,1,3,ROUTINE RECORD: Interaction INT-0013 exhibits low signature alignment (20%). No immediate forensic action required.
SIG-7EE8E84D,INT-0014,FUSED-INT-0014,StandardMotorcycleSnatch,0.2,Weak Match,0.146,1,3,ROUTINE RECORD: Interaction INT-0014 exhibits low signature alignment (20%). No immediate forensic action required.
SIG-A6E503A1,INT-0015,FUSED-INT-0015,StandardMotorcycleSnatch,0.2,Weak Match,0.146,1,3,ROUTINE RECORD: Interaction INT-0015 exhibits low signature alignment (20%). No immediate forensic action required.
SIG-BEBE494A,INT-0016,FUSED-INT-0016,StandardMotorcycleSnatch,0.2,Weak Match,0.146,1,3,ROUTINE RECORD: Interaction INT-0016 exhibits low signature alignment (20%). No immediate forensic action required.
SIG-BEA73C38,INT-0017,FUSED-INT-0017,StandardMotorcycleSnatch,0.2,Weak Match,0.146,1,3,ROUTINE RECORD: Interaction INT-0017 exhibits low signature alignment (20%). No immediate forensic action required.
SIG-5C923961,INT-0018,FUSED-INT-0018,StandardMotorcycleSnatch,0.2,Weak Match,0.1415,1,3,ROUTINE RECORD: Interaction INT-0018 exhibits low signature alignment (20%). No immediate forensic action required.
SIG-A922AB62,INT-0019,FUSED-INT-0019,StandardMotorcycleSnatch,0.2,Weak Match,0.1542,1,3,ROUTINE RECORD: Interaction INT-0019 exhibits low signature alignment (20%). No immediate forensic action required.
SIG-F9F012C7,INT-0020,FUSED-INT-0020,StandardMotorcycleSnatch,0.4,Weak Match,0.281,2,2,ROUTINE RECORD: Interaction INT-0020 exhibits low signature alignment (40%). No immediate forensic action required.
SIG-08FF8E18,INT-0001,FUSED-INT-0001,StandardMotorcycleSnatch,0.2,Weak Match,0.1681,1,3,ROUTINE RECORD: Interaction INT-0001 exhibits low signature alignment (20%). No immediate forensic action required.
SIG-C856E0D1,INT-0002,FUSED-INT-0002,StandardMotorcycleSnatch,0.8,High Confidence Match,0.6634,3,1,FLAGGED FOR HIGH-PRIORITY FORENSIC REVIEW: Interaction INT-0002 exhibits strong signature alignment (80%). Export forensic video clip for investigation.
SIG-921967C9,INT-0003,FUSED-INT-0003,StandardMotorcycleSnatch,0.2,Weak Match,0.1538,1,3,ROUTINE RECORD: Interaction INT-0003 exhibits low signature alignment (20%). No immediate forensic action required.
SIG-F8A470B5,INT-0004,FUSED-INT-0004,StandardMotorcycleSnatch,0.2,Weak Match,0.1502,1,3,ROUTINE RECORD: Interaction INT-0004 exhibits low signature alignment (20%). No immediate forensic action required.
SIG-1DE3A3DB,INT-0005,FUSED-INT-0005,StandardMotorcycleSnatch,0.2,Weak Match,0.1391,1,3,ROUTINE RECORD: Interaction INT-0005 exhibits low signature alignment (20%). No immediate forensic action required.
SIG-41A6A531,INT-0006,FUSED-INT-0006,StandardMotorcycleSnatch,0.2,Weak Match,0.1461,1,3,ROUTINE RECORD: Interaction INT-0006 exhibits low signature alignment (20%). No immediate forensic action required.
SIG-E7E88B0D,INT-0007,FUSED-INT-0007,StandardMotorcycleSnatch,0.2,Weak Match,0.1692,1,3,ROUTINE RECORD: Interaction INT-0007 exhibits low signature alignment (20%). No immediate forensic action required.
SIG-A4609218,INT-0008,FUSED-INT-0008,StandardMotorcycleSnatch,0.2,Weak Match,0.1809,1,3,ROUTINE RECORD: Interaction INT-0008 exhibits low signature alignment (20%). No immediate forensic action required.
SIG-01CBC331,INT-0009,FUSED-INT-0009,StandardMotorcycleSnatch,0.2,Weak Match,0.1457,1,3,ROUTINE RECORD: Interaction INT-0009 exhibits low signature alignment (20%). No immediate forensic action required.
SIG-A93A6871,INT-0010,FUSED-INT-0010,StandardMotorcycleSnatch,0.2,Weak Match,0.147,1,3,ROUTINE RECORD: Interaction INT-0010 exhibits low signature alignment (20%). No immediate forensic action required.
SIG-F6CBEA2A,INT-0011,FUSED-INT-0011,StandardMotorcycleSnatch,0.2,Weak Match,0.148,1,3,ROUTINE RECORD: Interaction INT-0011 exhibits low signature alignment (20%). No immediate forensic action required.
SIG-15C0DCA1,INT-0012,FUSED-INT-0012,StandardMotorcycleSnatch,0.2,Weak Match,0.148,1,3,ROUTINE RECORD: Interaction INT-0012 exhibits low signature alignment (20%). No immediate forensic action required.
SIG-6A5E3A3D,INT-0013,FUSED-INT-0013,StandardMotorcycleSnatch,0.2,Weak Match,0.148,1,3,ROUTINE RECORD: Interaction INT-0013 exhibits low signature alignment (20%). No immediate forensic action required.
SIG-ECA9BB24,INT-0014,FUSED-INT-0014,StandardMotorcycleSnatch,0.2,Weak Match,0.146,1,3,ROUTINE RECORD: Interaction INT-0014 exhibits low signature alignment (20%). No immediate forensic action required.
SIG-7358D43D,INT-0015,FUSED-INT-0015,StandardMotorcycleSnatch,0.2,Weak Match,0.146,1,3,ROUTINE RECORD: Interaction INT-0015 exhibits low signature alignment (20%). No immediate forensic action required.
SIG-4B345AEB,INT-0016,FUSED-INT-0016,StandardMotorcycleSnatch,0.2,Weak Match,0.146,1,3,ROUTINE RECORD: Interaction INT-0016 exhibits low signature alignment (20%). No immediate forensic action required.
SIG-C3A6B0F8,INT-0017,FUSED-INT-0017,StandardMotorcycleSnatch,0.2,Weak Match,0.146,1,3,ROUTINE RECORD: Interaction INT-0017 exhibits low signature alignment (20%). No immediate forensic action required.
SIG-DA9B3E56,INT-0018,FUSED-INT-0018,StandardMotorcycleSnatch,0.2,Weak Match,0.1415,1,3,ROUTINE RECORD: Interaction INT-0018 exhibits low signature alignment (20%). No immediate forensic action required.
SIG-C62E1A4C,INT-0019,FUSED-INT-0019,StandardMotorcycleSnatch,0.2,Weak Match,0.1542,1,3,ROUTINE RECORD: Interaction INT-0019 exhibits low signature alignment (20%). No immediate forensic action required.
SIG-F6F94FE1,INT-0020,FUSED-INT-0020,StandardMotorcycleSnatch,0.4,Weak Match,0.281,2,2,ROUTINE RECORD: Interaction INT-0020 exhibits low signature alignment (40%). No immediate forensic action required.
SIG-A3478C0A,INT-0001,FUSED-INT-0001,StandardMotorcycleSnatch,0.2,Weak Match,0.1681,1,3,ROUTINE RECORD: Interaction INT-0001 exhibits low signature alignment (20%). No immediate forensic action required.
SIG-F0202A94,INT-0002,FUSED-INT-0002,StandardMotorcycleSnatch,0.8,High Confidence Match,0.6634,3,1,FLAGGED FOR HIGH-PRIORITY FORENSIC REVIEW: Interaction INT-0002 exhibits strong signature alignment (80%). Export forensic video clip for investigation.
SIG-0718678C,INT-0003,FUSED-INT-0003,StandardMotorcycleSnatch,0.2,Weak Match,0.1538,1,3,ROUTINE RECORD: Interaction INT-0003 exhibits low signature alignment (20%). No immediate forensic action required.
SIG-94BA6253,INT-0004,FUSED-INT-0004,StandardMotorcycleSnatch,0.2,Weak Match,0.1501,1,3,ROUTINE RECORD: Interaction INT-0004 exhibits low signature alignment (20%). No immediate forensic action required.
SIG-71C7D63D,INT-0005,FUSED-INT-0005,StandardMotorcycleSnatch,0.2,Weak Match,0.1391,1,3,ROUTINE RECORD: Interaction INT-0005 exhibits low signature alignment (20%). No immediate forensic action required.
SIG-A6EAEA8C,INT-0006,FUSED-INT-0006,StandardMotorcycleSnatch,0.2,Weak Match,0.1461,1,3,ROUTINE RECORD: Interaction INT-0006 exhibits low signature alignment (20%). No immediate forensic action required.
SIG-EAF25D8B,INT-0007,FUSED-INT-0007,StandardMotorcycleSnatch,0.2,Weak Match,0.1692,1,3,ROUTINE RECORD: Interaction INT-0007 exhibits low signature alignment (20%). No immediate forensic action required.
SIG-7A9AA308,INT-0008,FUSED-INT-0008,StandardMotorcycleSnatch,0.2,Weak Match,0.1809,1,3,ROUTINE RECORD: Interaction INT-0008 exhibits low signature alignment (20%). No immediate forensic action required.
SIG-5C398925,INT-0009,FUSED-INT-0009,StandardMotorcycleSnatch,0.2,Weak Match,0.1457,1,3,ROUTINE RECORD: Interaction INT-0009 exhibits low signature alignment (20%). No immediate forensic action required.
SIG-3A251BA0,INT-0010,FUSED-INT-0010,StandardMotorcycleSnatch,0.2,Weak Match,0.147,1,3,ROUTINE RECORD: Interaction INT-0010 exhibits low signature alignment (20%). No immediate forensic action required.
SIG-4B75E5EE,INT-0011,FUSED-INT-0011,StandardMotorcycleSnatch,0.2,Weak Match,0.148,1,3,ROUTINE RECORD: Interaction INT-0011 exhibits low signature alignment (20%). No immediate forensic action required.
SIG-46C1DF6F,INT-0012,FUSED-INT-0012,StandardMotorcycleSnatch,0.2,Weak Match,0.148,1,3,ROUTINE RECORD: Interaction INT-0012 exhibits low signature alignment (20%). No immediate forensic action required.
SIG-64D15E57,INT-0013,FUSED-INT-0013,StandardMotorcycleSnatch,0.2,Weak Match,0.148,1,3,ROUTINE RECORD: Interaction INT-0013 exhibits low signature alignment (20%). No immediate forensic action required.
SIG-0BCA74CD,INT-0014,FUSED-INT-0014,StandardMotorcycleSnatch,0.2,Weak Match,0.146,1,3,ROUTINE RECORD: Interaction INT-0014 exhibits low signature alignment (20%). No immediate forensic action required.
SIG-E2928FAE,INT-0015,FUSED-INT-0015,StandardMotorcycleSnatch,0.2,Weak Match,0.146,1,3,ROUTINE RECORD: Interaction INT-0015 exhibits low signature alignment (20%). No immediate forensic action required.
SIG-526A37CC,INT-0016,FUSED-INT-0016,StandardMotorcycleSnatch,0.2,Weak Match,0.146,1,3,ROUTINE RECORD: Interaction INT-0016 exhibits low signature alignment (20%). No immediate forensic action required.
SIG-DF1038D1,INT-0017,FUSED-INT-0017,StandardMotorcycleSnatch,0.2,Weak Match,0.146,1,3,ROUTINE RECORD: Interaction INT-0017 exhibits low signature alignment (20%). No immediate forensic action required.
SIG-85E4A849,INT-0018,FUSED-INT-0018,StandardMotorcycleSnatch,0.4,Weak Match,0.2831,2,2,ROUTINE RECORD: Interaction INT-0018 exhibits low signature alignment (40%). No immediate forensic action required.
SIG-EE2800E7,INT-0019,FUSED-INT-0019,StandardMotorcycleSnatch,0.4,Weak Match,0.3084,2,2,ROUTINE RECORD: Interaction INT-0019 exhibits low signature alignment (40%). No immediate forensic action required.
SIG-36196916,INT-0020,FUSED-INT-0020,StandardMotorcycleSnatch,0.4,Weak Match,0.281,2,2,ROUTINE RECORD: Interaction INT-0020 exhibits low signature alignment (40%). No immediate forensic action required.
SIG-FCE4412B,INT-0021,FUSED-INT-0021,StandardMotorcycleSnatch,0.4,Weak Match,0.2786,2,2,ROUTINE RECORD: Interaction INT-0021 exhibits low signature alignment (40%). No immediate forensic action required.
SIG-9289E1E6,INT-0001,FUSED-INT-0001,StandardMotorcycleSnatch,0.2,Weak Match,0.1681,1,3,ROUTINE RECORD: Interaction INT-0001 exhibits low signature alignment (20%). No immediate forensic action required.
SIG-1C0E9F8B,INT-0002,FUSED-INT-0002,StandardMotorcycleSnatch,0.8,High Confidence Match,0.6634,3,1,FLAGGED FOR HIGH-PRIORITY FORENSIC REVIEW: Interaction INT-0002 exhibits strong signature alignment (80%). Export forensic video clip for investigation.
SIG-D0CAEF80,INT-0003,FUSED-INT-0003,StandardMotorcycleSnatch,0.2,Weak Match,0.1538,1,3,ROUTINE RECORD: Interaction INT-0003 exhibits low signature alignment (20%). No immediate forensic action required.
SIG-A4910EEC,INT-0004,FUSED-INT-0004,StandardMotorcycleSnatch,0.2,Weak Match,0.1501,1,3,ROUTINE RECORD: Interaction INT-0004 exhibits low signature alignment (20%). No immediate forensic action required.
SIG-6304D9E6,INT-0005,FUSED-INT-0005,StandardMotorcycleSnatch,0.2,Weak Match,0.1391,1,3,ROUTINE RECORD: Interaction INT-0005 exhibits low signature alignment (20%). No immediate forensic action required.
SIG-658AD64A,INT-0006,FUSED-INT-0006,StandardMotorcycleSnatch,0.2,Weak Match,0.1461,1,3,ROUTINE RECORD: Interaction INT-0006 exhibits low signature alignment (20%). No immediate forensic action required.
SIG-CA46AD00,INT-0007,FUSED-INT-0007,StandardMotorcycleSnatch,0.2,Weak Match,0.1692,1,3,ROUTINE RECORD: Interaction INT-0007 exhibits low signature alignment (20%). No immediate forensic action required.
SIG-690FAEA8,INT-0008,FUSED-INT-0008,StandardMotorcycleSnatch,0.2,Weak Match,0.1809,1,3,ROUTINE RECORD: Interaction INT-0008 exhibits low signature alignment (20%). No immediate forensic action required.
SIG-9C272EAC,INT-0009,FUSED-INT-0009,StandardMotorcycleSnatch,0.2,Weak Match,0.1457,1,3,ROUTINE RECORD: Interaction INT-0009 exhibits low signature alignment (20%). No immediate forensic action required.
SIG-CE6F5736,INT-0010,FUSED-INT-0010,StandardMotorcycleSnatch,0.2,Weak Match,0.147,1,3,ROUTINE RECORD: Interaction INT-0010 exhibits low signature alignment (20%). No immediate forensic action required.
SIG-5BE6618E,INT-0011,FUSED-INT-0011,StandardMotorcycleSnatch,0.2,Weak Match,0.148,1,3,ROUTINE RECORD: Interaction INT-0011 exhibits low signature alignment (20%). No immediate forensic action required.
SIG-A59DB6F9,INT-0012,FUSED-INT-0012,StandardMotorcycleSnatch,0.2,Weak Match,0.148,1,3,ROUTINE RECORD: Interaction INT-0012 exhibits low signature alignment (20%). No immediate forensic action required.
SIG-63A3A211,INT-0013,FUSED-INT-0013,StandardMotorcycleSnatch,0.2,Weak Match,0.148,1,3,ROUTINE RECORD: Interaction INT-0013 exhibits low signature alignment (20%). No immediate forensic action required.
SIG-ACBC4146,INT-0014,FUSED-INT-0014,StandardMotorcycleSnatch,0.2,Weak Match,0.146,1,3,ROUTINE RECORD: Interaction INT-0014 exhibits low signature alignment (20%). No immediate forensic action required.
SIG-09EAF487,INT-0015,FUSED-INT-0015,StandardMotorcycleSnatch,0.2,Weak Match,0.146,1,3,ROUTINE RECORD: Interaction INT-0015 exhibits low signature alignment (20%). No immediate forensic action required.
SIG-4DE572C2,INT-0016,FUSED-INT-0016,StandardMotorcycleSnatch,0.2,Weak Match,0.146,1,3,ROUTINE RECORD: Interaction INT-0016 exhibits low signature alignment (20%). No immediate forensic action required.
SIG-EC243C9A,INT-0017,FUSED-INT-0017,StandardMotorcycleSnatch,0.2,Weak Match,0.146,1,3,ROUTINE RECORD: Interaction INT-0017 exhibits low signature alignment (20%). No immediate forensic action required.
SIG-E66DE938,INT-0018,FUSED-INT-0018,StandardMotorcycleSnatch,0.4,Weak Match,0.2831,2,2,ROUTINE RECORD: Interaction INT-0018 exhibits low signature alignment (40%). No immediate forensic action required.
SIG-8DE9D53D,INT-0019,FUSED-INT-0019,StandardMotorcycleSnatch,0.4,Weak Match,0.3084,2,2,ROUTINE RECORD: Interaction INT-0019 exhibits low signature alignment (40%). No immediate forensic action required.
SIG-AB7479BE,INT-0020,FUSED-INT-0020,StandardMotorcycleSnatch,0.4,Weak Match,0.281,2,2,ROUTINE RECORD: Interaction INT-0020 exhibits low signature alignment (40%). No immediate forensic action required.
SIG-DF10136B,INT-0021,FUSED-INT-0021,StandardMotorcycleSnatch,0.4,Weak Match,0.2786,2,2,ROUTINE RECORD: Interaction INT-0021 exhibits low signature alignment (40%). No immediate forensic action required.
SIG-DA964443,INT-0001,FUSED-INT-0001,StandardMotorcycleSnatch,0.2,Weak Match,0.1681,1,3,ROUTINE RECORD: Interaction INT-0001 exhibits low signature alignment (20%). No immediate forensic action required.
SIG-CACF059F,INT-0002,FUSED-INT-0002,StandardMotorcycleSnatch,0.8,High Confidence Match,0.6634,3,1,FLAGGED FOR HIGH-PRIORITY FORENSIC REVIEW: Interaction INT-0002 exhibits strong signature alignment (80%). Export forensic video clip for investigation.
SIG-C891EBE3,INT-0003,FUSED-INT-0003,StandardMotorcycleSnatch,0.2,Weak Match,0.1538,1,3,ROUTINE RECORD: Interaction INT-0003 exhibits low signature alignment (20%). No immediate forensic action required.
SIG-E9975D1A,INT-0004,FUSED-INT-0004,StandardMotorcycleSnatch,0.2,Weak Match,0.15,1,3,ROUTINE RECORD: Interaction INT-0004 exhibits low signature alignment (20%). No immediate forensic action required.
SIG-AADCFEC3,INT-0005,FUSED-INT-0005,StandardMotorcycleSnatch,0.2,Weak Match,0.1391,1,3,ROUTINE RECORD: Interaction INT-0005 exhibits low signature alignment (20%). No immediate forensic action required.
SIG-EF1E0B60,INT-0006,FUSED-INT-0006,StandardMotorcycleSnatch,0.2,Weak Match,0.1461,1,3,ROUTINE RECORD: Interaction INT-0006 exhibits low signature alignment (20%). No immediate forensic action required.
SIG-473E2574,INT-0007,FUSED-INT-0007,StandardMotorcycleSnatch,0.2,Weak Match,0.1692,1,3,ROUTINE RECORD: Interaction INT-0007 exhibits low signature alignment (20%). No immediate forensic action required.
SIG-CAB51292,INT-0008,FUSED-INT-0008,StandardMotorcycleSnatch,0.2,Weak Match,0.1809,1,3,ROUTINE RECORD: Interaction INT-0008 exhibits low signature alignment (20%). No immediate forensic action required.
SIG-2CD77F7D,INT-0009,FUSED-INT-0009,StandardMotorcycleSnatch,0.2,Weak Match,0.1457,1,3,ROUTINE RECORD: Interaction INT-0009 exhibits low signature alignment (20%). No immediate forensic action required.
SIG-4E3F7C43,INT-0010,FUSED-INT-0010,StandardMotorcycleSnatch,0.2,Weak Match,0.147,1,3,ROUTINE RECORD: Interaction INT-0010 exhibits low signature alignment (20%). No immediate forensic action required.
SIG-16691D3D,INT-0011,FUSED-INT-0011,StandardMotorcycleSnatch,0.2,Weak Match,0.148,1,3,ROUTINE RECORD: Interaction INT-0011 exhibits low signature alignment (20%). No immediate forensic action required.
SIG-0741E4E1,INT-0012,FUSED-INT-0012,StandardMotorcycleSnatch,0.2,Weak Match,0.148,1,3,ROUTINE RECORD: Interaction INT-0012 exhibits low signature alignment (20%). No immediate forensic action required.
SIG-526AA710,INT-0013,FUSED-INT-0013,StandardMotorcycleSnatch,0.2,Weak Match,0.148,1,3,ROUTINE RECORD: Interaction INT-0013 exhibits low signature alignment (20%). No immediate forensic action required.
SIG-0EBEF4D4,INT-0014,FUSED-INT-0014,StandardMotorcycleSnatch,0.2,Weak Match,0.146,1,3,ROUTINE RECORD: Interaction INT-0014 exhibits low signature alignment (20%). No immediate forensic action required.
SIG-2FBE8245,INT-0015,FUSED-INT-0015,StandardMotorcycleSnatch,0.2,Weak Match,0.146,1,3,ROUTINE RECORD: Interaction INT-0015 exhibits low signature alignment (20%). No immediate forensic action required.
SIG-C9ED80EA,INT-0016,FUSED-INT-0016,StandardMotorcycleSnatch,0.2,Weak Match,0.146,1,3,ROUTINE RECORD: Interaction INT-0016 exhibits low signature alignment (20%). No immediate forensic action required.
SIG-B2B587FB,INT-0017,FUSED-INT-0017,StandardMotorcycleSnatch,0.2,Weak Match,0.146,1,3,ROUTINE RECORD: Interaction INT-0017 exhibits low signature alignment (20%). No immediate forensic action required.
SIG-760A4E84,INT-0018,FUSED-INT-0018,StandardMotorcycleSnatch,0.4,Weak Match,0.2831,2,2,ROUTINE RECORD: Interaction INT-0018 exhibits low signature alignment (40%). No immediate forensic action required.
SIG-EB04B884,INT-0019,FUSED-INT-0019,StandardMotorcycleSnatch,0.4,Weak Match,0.3084,2,2,ROUTINE RECORD: Interaction INT-0019 exhibits low signature alignment (40%). No immediate forensic action required.
SIG-0A984883,INT-0020,FUSED-INT-0020,StandardMotorcycleSnatch,0.4,Weak Match,0.281,2,2,ROUTINE RECORD: Interaction INT-0020 exhibits low signature alignment (40%). No immediate forensic action required.
SIG-C67D6598,INT-0021,FUSED-INT-0021,StandardMotorcycleSnatch,0.4,Weak Match,0.2873,2,2,ROUTINE RECORD: Interaction INT-0021 exhibits low signature alignment (40%). No immediate forensic action required.
SIG-D9648044,INT-0001,FUSED-INT-0001,StandardMotorcycleSnatch,0.2,Weak Match,0.1681,1,3,ROUTINE RECORD: Interaction INT-0001 exhibits low signature alignment (20%). No immediate forensic action required.
SIG-2DA06BF9,INT-0002,FUSED-INT-0002,StandardMotorcycleSnatch,0.8,High Confidence Match,0.6634,3,1,FLAGGED FOR HIGH-PRIORITY FORENSIC REVIEW: Interaction INT-0002 exhibits strong signature alignment (80%). Export forensic video clip for investigation.
SIG-55ADEB25,INT-0003,FUSED-INT-0003,StandardMotorcycleSnatch,0.2,Weak Match,0.1538,1,3,ROUTINE RECORD: Interaction INT-0003 exhibits low signature alignment (20%). No immediate forensic action required.
SIG-5DF9E1B7,INT-0004,FUSED-INT-0004,StandardMotorcycleSnatch,0.2,Weak Match,0.15,1,3,ROUTINE RECORD: Interaction INT-0004 exhibits low signature alignment (20%). No immediate forensic action required.
SIG-40AEB2C2,INT-0005,FUSED-INT-0005,StandardMotorcycleSnatch,0.2,Weak Match,0.1391,1,3,ROUTINE RECORD: Interaction INT-0005 exhibits low signature alignment (20%). No immediate forensic action required.
SIG-D65FBEF9,INT-0006,FUSED-INT-0006,StandardMotorcycleSnatch,0.2,Weak Match,0.1461,1,3,ROUTINE RECORD: Interaction INT-0006 exhibits low signature alignment (20%). No immediate forensic action required.
SIG-F0D1848A,INT-0007,FUSED-INT-0007,StandardMotorcycleSnatch,0.2,Weak Match,0.1692,1,3,ROUTINE RECORD: Interaction INT-0007 exhibits low signature alignment (20%). No immediate forensic action required.
SIG-5CB9389C,INT-0008,FUSED-INT-0008,StandardMotorcycleSnatch,0.2,Weak Match,0.1809,1,3,ROUTINE RECORD: Interaction INT-0008 exhibits low signature alignment (20%). No immediate forensic action required.
SIG-745356F8,INT-0009,FUSED-INT-0009,StandardMotorcycleSnatch,0.2,Weak Match,0.1457,1,3,ROUTINE RECORD: Interaction INT-0009 exhibits low signature alignment (20%). No immediate forensic action required.
SIG-DE5096C8,INT-0010,FUSED-INT-0010,StandardMotorcycleSnatch,0.2,Weak Match,0.147,1,3,ROUTINE RECORD: Interaction INT-0010 exhibits low signature alignment (20%). No immediate forensic action required.
SIG-F1675BDC,INT-0011,FUSED-INT-0011,StandardMotorcycleSnatch,0.2,Weak Match,0.148,1,3,ROUTINE RECORD: Interaction INT-0011 exhibits low signature alignment (20%). No immediate forensic action required.
SIG-A33E87E6,INT-0012,FUSED-INT-0012,StandardMotorcycleSnatch,0.2,Weak Match,0.148,1,3,ROUTINE RECORD: Interaction INT-0012 exhibits low signature alignment (20%). No immediate forensic action required.
SIG-7FCC934B,INT-0013,FUSED-INT-0013,StandardMotorcycleSnatch,0.2,Weak Match,0.148,1,3,ROUTINE RECORD: Interaction INT-0013 exhibits low signature alignment (20%). No immediate forensic action required.
SIG-2D004AA9,INT-0014,FUSED-INT-0014,StandardMotorcycleSnatch,0.2,Weak Match,0.146,1,3,ROUTINE RECORD: Interaction INT-0014 exhibits low signature alignment (20%). No immediate forensic action required.
SIG-73599F2C,INT-0015,FUSED-INT-0015,StandardMotorcycleSnatch,0.2,Weak Match,0.146,1,3,ROUTINE RECORD: Interaction INT-0015 exhibits low signature alignment (20%). No immediate forensic action required.
SIG-5CD336BF,INT-0016,FUSED-INT-0016,StandardMotorcycleSnatch,0.2,Weak Match,0.146,1,3,ROUTINE RECORD: Interaction INT-0016 exhibits low signature alignment (20%). No immediate forensic action required.
SIG-C0F8DD48,INT-0017,FUSED-INT-0017,StandardMotorcycleSnatch,0.2,Weak Match,0.146,1,3,ROUTINE RECORD: Interaction INT-0017 exhibits low signature alignment (20%). No immediate forensic action required.
SIG-BF9AF3C4,INT-0018,FUSED-INT-0018,StandardMotorcycleSnatch,0.4,Weak Match,0.2831,2,2,ROUTINE RECORD: Interaction INT-0018 exhibits low signature alignment (40%). No immediate forensic action required.
SIG-BEB8D323,INT-0019,FUSED-INT-0019,StandardMotorcycleSnatch,0.4,Weak Match,0.3084,2,2,ROUTINE RECORD: Interaction INT-0019 exhibits low signature alignment (40%). No immediate forensic action required.
SIG-AE4B6571,INT-0020,FUSED-INT-0020,StandardMotorcycleSnatch,0.4,Weak Match,0.281,2,2,ROUTINE RECORD: Interaction INT-0020 exhibits low signature alignment (40%). No immediate forensic action required.
SIG-D6EF4338,INT-0021,FUSED-INT-0021,StandardMotorcycleSnatch,0.4,Weak Match,0.2873,2,2,ROUTINE RECORD: Interaction INT-0021 exhibits low signature alignment (40%). No immediate forensic action required.
SIG-4B87A025,INT-0001,FUSED-INT-0001,StandardMotorcycleSnatch,0.2,Weak Match,0.1681,1,3,ROUTINE RECORD: Interaction INT-0001 exhibits low signature alignment (20%). No immediate forensic action required.
SIG-DB541D22,INT-0002,FUSED-INT-0002,StandardMotorcycleSnatch,0.8,High Confidence Match,0.6634,3,1,FLAGGED FOR HIGH-PRIORITY FORENSIC REVIEW: Interaction INT-0002 exhibits strong signature alignment (80%). Export forensic video clip for investigation.
SIG-573CA554,INT-0003,FUSED-INT-0003,StandardMotorcycleSnatch,0.2,Weak Match,0.1538,1,3,ROUTINE RECORD: Interaction INT-0003 exhibits low signature alignment (20%). No immediate forensic action required.
SIG-EFB47430,INT-0004,FUSED-INT-0004,StandardMotorcycleSnatch,0.2,Weak Match,0.15,1,3,ROUTINE RECORD: Interaction INT-0004 exhibits low signature alignment (20%). No immediate forensic action required.
SIG-FBF3E8D8,INT-0005,FUSED-INT-0005,StandardMotorcycleSnatch,0.2,Weak Match,0.1391,1,3,ROUTINE RECORD: Interaction INT-0005 exhibits low signature alignment (20%). No immediate forensic action required.
SIG-2C13E1B0,INT-0006,FUSED-INT-0006,StandardMotorcycleSnatch,0.2,Weak Match,0.1461,1,3,ROUTINE RECORD: Interaction INT-0006 exhibits low signature alignment (20%). No immediate forensic action required.
SIG-BA0D0703,INT-0007,FUSED-INT-0007,StandardMotorcycleSnatch,0.2,Weak Match,0.1692,1,3,ROUTINE RECORD: Interaction INT-0007 exhibits low signature alignment (20%). No immediate forensic action required.
SIG-64D6DE79,INT-0008,FUSED-INT-0008,StandardMotorcycleSnatch,0.2,Weak Match,0.1809,1,3,ROUTINE RECORD: Interaction INT-0008 exhibits low signature alignment (20%). No immediate forensic action required.
SIG-143BD1B1,INT-0009,FUSED-INT-0009,StandardMotorcycleSnatch,0.2,Weak Match,0.1457,1,3,ROUTINE RECORD: Interaction INT-0009 exhibits low signature alignment (20%). No immediate forensic action required.
SIG-91E34903,INT-0010,FUSED-INT-0010,StandardMotorcycleSnatch,0.2,Weak Match,0.147,1,3,ROUTINE RECORD: Interaction INT-0010 exhibits low signature alignment (20%). No immediate forensic action required.
SIG-ADE7E34D,INT-0011,FUSED-INT-0011,StandardMotorcycleSnatch,0.2,Weak Match,0.148,1,3,ROUTINE RECORD: Interaction INT-0011 exhibits low signature alignment (20%). No immediate forensic action required.
SIG-C701EA43,INT-0012,FUSED-INT-0012,StandardMotorcycleSnatch,0.2,Weak Match,0.148,1,3,ROUTINE RECORD: Interaction INT-0012 exhibits low signature alignment (20%). No immediate forensic action required.
SIG-36685468,INT-0013,FUSED-INT-0013,StandardMotorcycleSnatch,0.2,Weak Match,0.148,1,3,ROUTINE RECORD: Interaction INT-0013 exhibits low signature alignment (20%). No immediate forensic action required.
SIG-A7E5CED6,INT-0014,FUSED-INT-0014,StandardMotorcycleSnatch,0.2,Weak Match,0.146,1,3,ROUTINE RECORD: Interaction INT-0014 exhibits low signature alignment (20%). No immediate forensic action required.
SIG-64202813,INT-0015,FUSED-INT-0015,StandardMotorcycleSnatch,0.2,Weak Match,0.146,1,3,ROUTINE RECORD: Interaction INT-0015 exhibits low signature alignment (20%). No immediate forensic action required.
SIG-BF4C0936,INT-0016,FUSED-INT-0016,StandardMotorcycleSnatch,0.2,Weak Match,0.146,1,3,ROUTINE RECORD: Interaction INT-0016 exhibits low signature alignment (20%). No immediate forensic action required.
SIG-D1317F57,INT-0017,FUSED-INT-0017,StandardMotorcycleSnatch,0.2,Weak Match,0.146,1,3,ROUTINE RECORD: Interaction INT-0017 exhibits low signature alignment (20%). No immediate forensic action required.
SIG-AF43F06F,INT-0018,FUSED-INT-0018,StandardMotorcycleSnatch,0.4,Weak Match,0.2831,2,2,ROUTINE RECORD: Interaction INT-0018 exhibits low signature alignment (40%). No immediate forensic action required.
SIG-90319EEC,INT-0019,FUSED-INT-0019,StandardMotorcycleSnatch,0.4,Weak Match,0.3084,2,2,ROUTINE RECORD: Interaction INT-0019 exhibits low signature alignment (40%). No immediate forensic action required.
SIG-D87B6904,INT-0020,FUSED-INT-0020,StandardMotorcycleSnatch,0.4,Weak Match,0.281,2,2,ROUTINE RECORD: Interaction INT-0020 exhibits low signature alignment (40%). No immediate forensic action required.
SIG-16232729,INT-0021,FUSED-INT-0021,StandardMotorcycleSnatch,0.4,Weak Match,0.2873,2,2,ROUTINE RECORD: Interaction INT-0021 exhibits low signature alignment (40%). No immediate forensic action required.
SIG-1133CB53,INT-0001,FUSED-INT-0001,StandardMotorcycleSnatch,0.2,Weak Match,0.1681,1,3,ROUTINE RECORD: Interaction INT-0001 exhibits low signature alignment (20%). No immediate forensic action required.
SIG-965E82EE,INT-0002,FUSED-INT-0002,StandardMotorcycleSnatch,0.8,High Confidence Match,0.6634,3,1,FLAGGED FOR HIGH-PRIORITY FORENSIC REVIEW: Interaction INT-0002 exhibits strong signature alignment (80%). Export forensic video clip for investigation.
SIG-3DA99977,INT-0003,FUSED-INT-0003,StandardMotorcycleSnatch,0.2,Weak Match,0.1538,1,3,ROUTINE RECORD: Interaction INT-0003 exhibits low signature alignment (20%). No immediate forensic action required.
SIG-3E8898D9,INT-0004,FUSED-INT-0004,StandardMotorcycleSnatch,0.2,Weak Match,0.1499,1,3,ROUTINE RECORD: Interaction INT-0004 exhibits low signature alignment (20%). No immediate forensic action required.
SIG-D3B9DCDA,INT-0005,FUSED-INT-0005,StandardMotorcycleSnatch,0.2,Weak Match,0.1391,1,3,ROUTINE RECORD: Interaction INT-0005 exhibits low signature alignment (20%). No immediate forensic action required.
SIG-9A9EFD48,INT-0006,FUSED-INT-0006,StandardMotorcycleSnatch,0.2,Weak Match,0.1461,1,3,ROUTINE RECORD: Interaction INT-0006 exhibits low signature alignment (20%). No immediate forensic action required.
SIG-834BEBC6,INT-0007,FUSED-INT-0007,StandardMotorcycleSnatch,0.2,Weak Match,0.1692,1,3,ROUTINE RECORD: Interaction INT-0007 exhibits low signature alignment (20%). No immediate forensic action required.
SIG-DD40453B,INT-0008,FUSED-INT-0008,StandardMotorcycleSnatch,0.2,Weak Match,0.1809,1,3,ROUTINE RECORD: Interaction INT-0008 exhibits low signature alignment (20%). No immediate forensic action required.
SIG-E49D5FFD,INT-0009,FUSED-INT-0009,StandardMotorcycleSnatch,0.2,Weak Match,0.1457,1,3,ROUTINE RECORD: Interaction INT-0009 exhibits low signature alignment (20%). No immediate forensic action required.
SIG-476C58F5,INT-0010,FUSED-INT-0010,StandardMotorcycleSnatch,0.2,Weak Match,0.147,1,3,ROUTINE RECORD: Interaction INT-0010 exhibits low signature alignment (20%). No immediate forensic action required.
SIG-C5D1972E,INT-0011,FUSED-INT-0011,StandardMotorcycleSnatch,0.2,Weak Match,0.148,1,3,ROUTINE RECORD: Interaction INT-0011 exhibits low signature alignment (20%). No immediate forensic action required.
SIG-68299BC8,INT-0012,FUSED-INT-0012,StandardMotorcycleSnatch,0.2,Weak Match,0.148,1,3,ROUTINE RECORD: Interaction INT-0012 exhibits low signature alignment (20%). No immediate forensic action required.
SIG-D5500D2A,INT-0013,FUSED-INT-0013,StandardMotorcycleSnatch,0.2,Weak Match,0.148,1,3,ROUTINE RECORD: Interaction INT-0013 exhibits low signature alignment (20%). No immediate forensic action required.
SIG-385728DC,INT-0014,FUSED-INT-0014,StandardMotorcycleSnatch,0.2,Weak Match,0.146,1,3,ROUTINE RECORD: Interaction INT-0014 exhibits low signature alignment (20%). No immediate forensic action required.
SIG-5573EB5C,INT-0015,FUSED-INT-0015,StandardMotorcycleSnatch,0.2,Weak Match,0.146,1,3,ROUTINE RECORD: Interaction INT-0015 exhibits low signature alignment (20%). No immediate forensic action required.
SIG-02F75BCA,INT-0016,FUSED-INT-0016,StandardMotorcycleSnatch,0.2,Weak Match,0.146,1,3,ROUTINE RECORD: Interaction INT-0016 exhibits low signature alignment (20%). No immediate forensic action required.
SIG-CC3D691D,INT-0017,FUSED-INT-0017,StandardMotorcycleSnatch,0.2,Weak Match,0.146,1,3,ROUTINE RECORD: Interaction INT-0017 exhibits low signature alignment (20%). No immediate forensic action required.
SIG-1D7EABEB,INT-0018,FUSED-INT-0018,StandardMotorcycleSnatch,0.4,Weak Match,0.2831,2,2,ROUTINE RECORD: Interaction INT-0018 exhibits low signature alignment (40%). No immediate forensic action required.
SIG-46B9776E,INT-0019,FUSED-INT-0019,StandardMotorcycleSnatch,0.4,Weak Match,0.3084,2,2,ROUTINE RECORD: Interaction INT-0019 exhibits low signature alignment (40%). No immediate forensic action required.
SIG-1CDCB674,INT-0020,FUSED-INT-0020,StandardMotorcycleSnatch,0.4,Weak Match,0.281,2,2,ROUTINE RECORD: Interaction INT-0020 exhibits low signature alignment (40%). No immediate forensic action required.
SIG-C2DDCBFD,INT-0021,FUSED-INT-0021,StandardMotorcycleSnatch,0.4,Weak Match,0.2873,2,2,ROUTINE RECORD: Interaction INT-0021 exhibits low signature alignment (40%). No immediate forensic action required.
SIG-7466E65C,INT-0001,FUSED-INT-0001,StandardMotorcycleSnatch,0.2,Weak Match,0.1681,1,3,ROUTINE RECORD: Interaction INT-0001 exhibits low signature alignment (20%). No immediate forensic action required.
SIG-C4615E89,INT-0002,FUSED-INT-0002,StandardMotorcycleSnatch,0.8,High Confidence Match,0.6634,3,1,FLAGGED FOR HIGH-PRIORITY FORENSIC REVIEW: Interaction INT-0002 exhibits strong signature alignment (80%). Export forensic video clip for investigation.
SIG-A56C7885,INT-0003,FUSED-INT-0003,StandardMotorcycleSnatch,0.2,Weak Match,0.1538,1,3,ROUTINE RECORD: Interaction INT-0003 exhibits low signature alignment (20%). No immediate forensic action required.
SIG-94905718,INT-0004,FUSED-INT-0004,StandardMotorcycleSnatch,0.2,Weak Match,0.1499,1,3,ROUTINE RECORD: Interaction INT-0004 exhibits low signature alignment (20%). No immediate forensic action required.
SIG-70D57598,INT-0005,FUSED-INT-0005,StandardMotorcycleSnatch,0.2,Weak Match,0.1391,1,3,ROUTINE RECORD: Interaction INT-0005 exhibits low signature alignment (20%). No immediate forensic action required.
SIG-E6AD139D,INT-0006,FUSED-INT-0006,StandardMotorcycleSnatch,0.2,Weak Match,0.1461,1,3,ROUTINE RECORD: Interaction INT-0006 exhibits low signature alignment (20%). No immediate forensic action required.
SIG-D4E3E765,INT-0007,FUSED-INT-0007,StandardMotorcycleSnatch,0.2,Weak Match,0.1692,1,3,ROUTINE RECORD: Interaction INT-0007 exhibits low signature alignment (20%). No immediate forensic action required.
SIG-C3EF651C,INT-0008,FUSED-INT-0008,StandardMotorcycleSnatch,0.2,Weak Match,0.1809,1,3,ROUTINE RECORD: Interaction INT-0008 exhibits low signature alignment (20%). No immediate forensic action required.
SIG-E2CB15AF,INT-0009,FUSED-INT-0009,StandardMotorcycleSnatch,0.2,Weak Match,0.1457,1,3,ROUTINE RECORD: Interaction INT-0009 exhibits low signature alignment (20%). No immediate forensic action required.
SIG-9DFC60CA,INT-0010,FUSED-INT-0010,StandardMotorcycleSnatch,0.2,Weak Match,0.147,1,3,ROUTINE RECORD: Interaction INT-0010 exhibits low signature alignment (20%). No immediate forensic action required.
SIG-83A4227B,INT-0011,FUSED-INT-0011,StandardMotorcycleSnatch,0.2,Weak Match,0.148,1,3,ROUTINE RECORD: Interaction INT-0011 exhibits low signature alignment (20%). No immediate forensic action required.
SIG-9077463B,INT-0012,FUSED-INT-0012,StandardMotorcycleSnatch,0.2,Weak Match,0.148,1,3,ROUTINE RECORD: Interaction INT-0012 exhibits low signature alignment (20%). No immediate forensic action required.
SIG-6312ECBA,INT-0013,FUSED-INT-0013,StandardMotorcycleSnatch,0.2,Weak Match,0.148,1,3,ROUTINE RECORD: Interaction INT-0013 exhibits low signature alignment (20%). No immediate forensic action required.
SIG-D3568DD5,INT-0014,FUSED-INT-0014,StandardMotorcycleSnatch,0.2,Weak Match,0.146,1,3,ROUTINE RECORD: Interaction INT-0014 exhibits low signature alignment (20%). No immediate forensic action required.
SIG-6FD6CB1F,INT-0015,FUSED-INT-0015,StandardMotorcycleSnatch,0.2,Weak Match,0.146,1,3,ROUTINE RECORD: Interaction INT-0015 exhibits low signature alignment (20%). No immediate forensic action required.
SIG-D19E734F,INT-0016,FUSED-INT-0016,StandardMotorcycleSnatch,0.2,Weak Match,0.146,1,3,ROUTINE RECORD: Interaction INT-0016 exhibits low signature alignment (20%). No immediate forensic action required.
SIG-83D98596,INT-0017,FUSED-INT-0017,StandardMotorcycleSnatch,0.2,Weak Match,0.146,1,3,ROUTINE RECORD: Interaction INT-0017 exhibits low signature alignment (20%). No immediate forensic action required.
SIG-DB26A296,INT-0018,FUSED-INT-0018,StandardMotorcycleSnatch,0.4,Weak Match,0.2831,2,2,ROUTINE RECORD: Interaction INT-0018 exhibits low signature alignment (40%). No immediate forensic action required.
SIG-803E622E,INT-0019,FUSED-INT-0019,StandardMotorcycleSnatch,0.4,Weak Match,0.3084,2,2,ROUTINE RECORD: Interaction INT-0019 exhibits low signature alignment (40%). No immediate forensic action required.
SIG-5020715A,INT-0020,FUSED-INT-0020,StandardMotorcycleSnatch,0.4,Weak Match,0.281,2,2,ROUTINE RECORD: Interaction INT-0020 exhibits low signature alignment (40%). No immediate forensic action required.
SIG-E4675AA2,INT-0021,FUSED-INT-0021,StandardMotorcycleSnatch,0.4,Weak Match,0.2873,2,2,ROUTINE RECORD: Interaction INT-0021 exhibits low signature alignment (40%). No immediate forensic action required.
SIG-7CF8A46B,INT-0001,FUSED-INT-0001,StandardMotorcycleSnatch,0.2,Weak Match,0.1681,1,3,ROUTINE RECORD: Interaction INT-0001 exhibits low signature alignment (20%). No immediate forensic action required.
SIG-E8F735AC,INT-0002,FUSED-INT-0002,StandardMotorcycleSnatch,0.8,High Confidence Match,0.6634,3,1,FLAGGED FOR HIGH-PRIORITY FORENSIC REVIEW: Interaction INT-0002 exhibits strong signature alignment (80%). Export forensic video clip for investigation.
SIG-BA343F17,INT-0003,FUSED-INT-0003,StandardMotorcycleSnatch,0.2,Weak Match,0.1538,1,3,ROUTINE RECORD: Interaction INT-0003 exhibits low signature alignment (20%). No immediate forensic action required.
SIG-076AAAA4,INT-0004,FUSED-INT-0004,StandardMotorcycleSnatch,0.2,Weak Match,0.1498,1,3,ROUTINE RECORD: Interaction INT-0004 exhibits low signature alignment (20%). No immediate forensic action required.
SIG-4FB55624,INT-0005,FUSED-INT-0005,StandardMotorcycleSnatch,0.2,Weak Match,0.1391,1,3,ROUTINE RECORD: Interaction INT-0005 exhibits low signature alignment (20%). No immediate forensic action required.
SIG-C2FEF3A4,INT-0006,FUSED-INT-0006,StandardMotorcycleSnatch,0.2,Weak Match,0.1461,1,3,ROUTINE RECORD: Interaction INT-0006 exhibits low signature alignment (20%). No immediate forensic action required.
SIG-AE77F197,INT-0007,FUSED-INT-0007,StandardMotorcycleSnatch,0.2,Weak Match,0.1692,1,3,ROUTINE RECORD: Interaction INT-0007 exhibits low signature alignment (20%). No immediate forensic action required.
SIG-095A64F9,INT-0008,FUSED-INT-0008,StandardMotorcycleSnatch,0.2,Weak Match,0.1809,1,3,ROUTINE RECORD: Interaction INT-0008 exhibits low signature alignment (20%). No immediate forensic action required.
SIG-0567DC84,INT-0009,FUSED-INT-0009,StandardMotorcycleSnatch,0.2,Weak Match,0.1457,1,3,ROUTINE RECORD: Interaction INT-0009 exhibits low signature alignment (20%). No immediate forensic action required.
SIG-DD265FF6,INT-0010,FUSED-INT-0010,StandardMotorcycleSnatch,0.2,Weak Match,0.147,1,3,ROUTINE RECORD: Interaction INT-0010 exhibits low signature alignment (20%). No immediate forensic action required.
SIG-86FE4FB5,INT-0011,FUSED-INT-0011,StandardMotorcycleSnatch,0.2,Weak Match,0.148,1,3,ROUTINE RECORD: Interaction INT-0011 exhibits low signature alignment (20%). No immediate forensic action required.
SIG-BF4BD5CC,INT-0012,FUSED-INT-0012,StandardMotorcycleSnatch,0.2,Weak Match,0.148,1,3,ROUTINE RECORD: Interaction INT-0012 exhibits low signature alignment (20%). No immediate forensic action required.
SIG-D3957196,INT-0013,FUSED-INT-0013,StandardMotorcycleSnatch,0.2,Weak Match,0.148,1,3,ROUTINE RECORD: Interaction INT-0013 exhibits low signature alignment (20%). No immediate forensic action required.
SIG-DB9C311B,INT-0014,FUSED-INT-0014,StandardMotorcycleSnatch,0.2,Weak Match,0.146,1,3,ROUTINE RECORD: Interaction INT-0014 exhibits low signature alignment (20%). No immediate forensic action required.
SIG-1F4C7E55,INT-0015,FUSED-INT-0015,StandardMotorcycleSnatch,0.2,Weak Match,0.146,1,3,ROUTINE RECORD: Interaction INT-0015 exhibits low signature alignment (20%). No immediate forensic action required.
SIG-2B211816,INT-0016,FUSED-INT-0016,StandardMotorcycleSnatch,0.2,Weak Match,0.146,1,3,ROUTINE RECORD: Interaction INT-0016 exhibits low signature alignment (20%). No immediate forensic action required.
SIG-84F3EA07,INT-0017,FUSED-INT-0017,StandardMotorcycleSnatch,0.2,Weak Match,0.146,1,3,ROUTINE RECORD: Interaction INT-0017 exhibits low signature alignment (20%). No immediate forensic action required.
SIG-562A1706,INT-0018,FUSED-INT-0018,StandardMotorcycleSnatch,0.4,Weak Match,0.2831,2,2,ROUTINE RECORD: Interaction INT-0018 exhibits low signature alignment (40%). No immediate forensic action required.
SIG-22552E50,INT-0019,FUSED-INT-0019,StandardMotorcycleSnatch,0.4,Weak Match,0.3084,2,2,ROUTINE RECORD: Interaction INT-0019 exhibits low signature alignment (40%). No immediate forensic action required.
SIG-7FC8E417,INT-0020,FUSED-INT-0020,StandardMotorcycleSnatch,0.4,Weak Match,0.281,2,2,ROUTINE RECORD: Interaction INT-0020 exhibits low signature alignment (40%). No immediate forensic action required.
SIG-C4C0B403,INT-0021,FUSED-INT-0021,StandardMotorcycleSnatch,0.4,Weak Match,0.2873,2,2,ROUTINE RECORD: Interaction INT-0021 exhibits low signature alignment (40%). No immediate forensic action required.
SIG-DACA95A9,INT-0001,FUSED-INT-0001,StandardMotorcycleSnatch,0.2,Weak Match,0.1681,1,3,ROUTINE RECORD: Interaction INT-0001 exhibits low signature alignment (20%). No immediate forensic action required.
SIG-6723E0D4,INT-0002,FUSED-INT-0002,StandardMotorcycleSnatch,0.8,High Confidence Match,0.6634,3,1,FLAGGED FOR HIGH-PRIORITY FORENSIC REVIEW: Interaction INT-0002 exhibits strong signature alignment (80%). Export forensic video clip for investigation.
SIG-034FA944,INT-0003,FUSED-INT-0003,StandardMotorcycleSnatch,0.2,Weak Match,0.1538,1,3,ROUTINE RECORD: Interaction INT-0003 exhibits low signature alignment (20%). No immediate forensic action required.
SIG-F480AFC3,INT-0004,FUSED-INT-0004,StandardMotorcycleSnatch,0.2,Weak Match,0.1498,1,3,ROUTINE RECORD: Interaction INT-0004 exhibits low signature alignment (20%). No immediate forensic action required.
SIG-35911F63,INT-0005,FUSED-INT-0005,StandardMotorcycleSnatch,0.2,Weak Match,0.1391,1,3,ROUTINE RECORD: Interaction INT-0005 exhibits low signature alignment (20%). No immediate forensic action required.
SIG-3243D526,INT-0006,FUSED-INT-0006,StandardMotorcycleSnatch,0.2,Weak Match,0.1461,1,3,ROUTINE RECORD: Interaction INT-0006 exhibits low signature alignment (20%). No immediate forensic action required.
SIG-1AB2A961,INT-0007,FUSED-INT-0007,StandardMotorcycleSnatch,0.2,Weak Match,0.1692,1,3,ROUTINE RECORD: Interaction INT-0007 exhibits low signature alignment (20%). No immediate forensic action required.
SIG-B8220240,INT-0008,FUSED-INT-0008,StandardMotorcycleSnatch,0.2,Weak Match,0.1809,1,3,ROUTINE RECORD: Interaction INT-0008 exhibits low signature alignment (20%). No immediate forensic action required.
SIG-F195BDCA,INT-0009,FUSED-INT-0009,StandardMotorcycleSnatch,0.2,Weak Match,0.1457,1,3,ROUTINE RECORD: Interaction INT-0009 exhibits low signature alignment (20%). No immediate forensic action required.
SIG-D84772D1,INT-0010,FUSED-INT-0010,StandardMotorcycleSnatch,0.2,Weak Match,0.147,1,3,ROUTINE RECORD: Interaction INT-0010 exhibits low signature alignment (20%). No immediate forensic action required.
SIG-E976509B,INT-0011,FUSED-INT-0011,StandardMotorcycleSnatch,0.2,Weak Match,0.148,1,3,ROUTINE RECORD: Interaction INT-0011 exhibits low signature alignment (20%). No immediate forensic action required.
SIG-F01EF59E,INT-0012,FUSED-INT-0012,StandardMotorcycleSnatch,0.2,Weak Match,0.148,1,3,ROUTINE RECORD: Interaction INT-0012 exhibits low signature alignment (20%). No immediate forensic action required.
SIG-783FA028,INT-0013,FUSED-INT-0013,StandardMotorcycleSnatch,0.2,Weak Match,0.148,1,3,ROUTINE RECORD: Interaction INT-0013 exhibits low signature alignment (20%). No immediate forensic action required.
SIG-CA6E5E1B,INT-0014,FUSED-INT-0014,StandardMotorcycleSnatch,0.2,Weak Match,0.146,1,3,ROUTINE RECORD: Interaction INT-0014 exhibits low signature alignment (20%). No immediate forensic action required.
SIG-057B12DF,INT-0015,FUSED-INT-0015,StandardMotorcycleSnatch,0.2,Weak Match,0.146,1,3,ROUTINE RECORD: Interaction INT-0015 exhibits low signature alignment (20%). No immediate forensic action required.
SIG-FB7675E2,INT-0016,FUSED-INT-0016,StandardMotorcycleSnatch,0.2,Weak Match,0.146,1,3,ROUTINE RECORD: Interaction INT-0016 exhibits low signature alignment (20%). No immediate forensic action required.
SIG-7F1F1495,INT-0017,FUSED-INT-0017,StandardMotorcycleSnatch,0.2,Weak Match,0.146,1,3,ROUTINE RECORD: Interaction INT-0017 exhibits low signature alignment (20%). No immediate forensic action required.
SIG-60FCDC35,INT-0018,FUSED-INT-0018,StandardMotorcycleSnatch,0.4,Weak Match,0.2831,2,2,ROUTINE RECORD: Interaction INT-0018 exhibits low signature alignment (40%). No immediate forensic action required.
SIG-DAB3AC5F,INT-0019,FUSED-INT-0019,StandardMotorcycleSnatch,0.4,Weak Match,0.3084,2,2,ROUTINE RECORD: Interaction INT-0019 exhibits low signature alignment (40%). No immediate forensic action required.
SIG-8E42F1C9,INT-0020,FUSED-INT-0020,StandardMotorcycleSnatch,0.4,Weak Match,0.281,2,2,ROUTINE RECORD: Interaction INT-0020 exhibits low signature alignment (40%). No immediate forensic action required.
SIG-24553C05,INT-0021,FUSED-INT-0021,StandardMotorcycleSnatch,0.4,Weak Match,0.2873,2,2,ROUTINE RECORD: Interaction INT-0021 exhibits low signature alignment (40%). No immediate forensic action required.
SIG-429AE045,INT-0001,FUSED-INT-0001,StandardMotorcycleSnatch,0.2,Weak Match,0.1681,1,3,ROUTINE RECORD: Interaction INT-0001 exhibits low signature alignment (20%). No immediate forensic action required.
SIG-73809FC7,INT-0002,FUSED-INT-0002,StandardMotorcycleSnatch,0.8,High Confidence Match,0.6634,3,1,FLAGGED FOR HIGH-PRIORITY FORENSIC REVIEW: Interaction INT-0002 exhibits strong signature alignment (80%). Export forensic video clip for investigation.
SIG-49D25AA9,INT-0003,FUSED-INT-0003,StandardMotorcycleSnatch,0.2,Weak Match,0.1538,1,3,ROUTINE RECORD: Interaction INT-0003 exhibits low signature alignment (20%). No immediate forensic action required.
SIG-B413246D,INT-0004,FUSED-INT-0004,StandardMotorcycleSnatch,0.2,Weak Match,0.1497,1,3,ROUTINE RECORD: Interaction INT-0004 exhibits low signature alignment (20%). No immediate forensic action required.
SIG-27CE4CB3,INT-0005,FUSED-INT-0005,StandardMotorcycleSnatch,0.2,Weak Match,0.1391,1,3,ROUTINE RECORD: Interaction INT-0005 exhibits low signature alignment (20%). No immediate forensic action required.
SIG-90897294,INT-0006,FUSED-INT-0006,StandardMotorcycleSnatch,0.2,Weak Match,0.1461,1,3,ROUTINE RECORD: Interaction INT-0006 exhibits low signature alignment (20%). No immediate forensic action required.
SIG-BF887034,INT-0007,FUSED-INT-0007,StandardMotorcycleSnatch,0.2,Weak Match,0.1692,1,3,ROUTINE RECORD: Interaction INT-0007 exhibits low signature alignment (20%). No immediate forensic action required.
SIG-106A8A7E,INT-0008,FUSED-INT-0008,StandardMotorcycleSnatch,0.2,Weak Match,0.1809,1,3,ROUTINE RECORD: Interaction INT-0008 exhibits low signature alignment (20%). No immediate forensic action required.
SIG-BA3DB657,INT-0009,FUSED-INT-0009,StandardMotorcycleSnatch,0.2,Weak Match,0.1457,1,3,ROUTINE RECORD: Interaction INT-0009 exhibits low signature alignment (20%). No immediate forensic action required.
SIG-B453D263,INT-0010,FUSED-INT-0010,StandardMotorcycleSnatch,0.2,Weak Match,0.147,1,3,ROUTINE RECORD: Interaction INT-0010 exhibits low signature alignment (20%). No immediate forensic action required.
SIG-F60F8793,INT-0011,FUSED-INT-0011,StandardMotorcycleSnatch,0.2,Weak Match,0.148,1,3,ROUTINE RECORD: Interaction INT-0011 exhibits low signature alignment (20%). No immediate forensic action required.
SIG-AC20CC4A,INT-0012,FUSED-INT-0012,StandardMotorcycleSnatch,0.2,Weak Match,0.148,1,3,ROUTINE RECORD: Interaction INT-0012 exhibits low signature alignment (20%). No immediate forensic action required.
SIG-7D2039DA,INT-0013,FUSED-INT-0013,StandardMotorcycleSnatch,0.2,Weak Match,0.148,1,3,ROUTINE RECORD: Interaction INT-0013 exhibits low signature alignment (20%). No immediate forensic action required.
SIG-EB9537DD,INT-0014,FUSED-INT-0014,StandardMotorcycleSnatch,0.2,Weak Match,0.146,1,3,ROUTINE RECORD: Interaction INT-0014 exhibits low signature alignment (20%). No immediate forensic action required.
SIG-472B1B9F,INT-0015,FUSED-INT-0015,StandardMotorcycleSnatch,0.2,Weak Match,0.146,1,3,ROUTINE RECORD: Interaction INT-0015 exhibits low signature alignment (20%). No immediate forensic action required.
SIG-11EF8ABF,INT-0016,FUSED-INT-0016,StandardMotorcycleSnatch,0.2,Weak Match,0.146,1,3,ROUTINE RECORD: Interaction INT-0016 exhibits low signature alignment (20%). No immediate forensic action required.
SIG-C44C9BD8,INT-0017,FUSED-INT-0017,StandardMotorcycleSnatch,0.2,Weak Match,0.146,1,3,ROUTINE RECORD: Interaction INT-0017 exhibits low signature alignment (20%). No immediate forensic action required.
SIG-8EB703B2,INT-0018,FUSED-INT-0018,StandardMotorcycleSnatch,0.4,Weak Match,0.2831,2,2,ROUTINE RECORD: Interaction INT-0018 exhibits low signature alignment (40%). No immediate forensic action required.
SIG-53E58CDD,INT-0019,FUSED-INT-0019,StandardMotorcycleSnatch,0.4,Weak Match,0.3084,2,2,ROUTINE RECORD: Interaction INT-0019 exhibits low signature alignment (40%). No immediate forensic action required.
SIG-937B837F,INT-0020,FUSED-INT-0020,StandardMotorcycleSnatch,0.4,Weak Match,0.281,2,2,ROUTINE RECORD: Interaction INT-0020 exhibits low signature alignment (40%). No immediate forensic action required.
SIG-293848D8,INT-0021,FUSED-INT-0021,StandardMotorcycleSnatch,0.4,Weak Match,0.2873,2,2,ROUTINE RECORD: Interaction INT-0021 exhibits low signature alignment (40%). No immediate forensic action required.
SIG-776B27EA,INT-0001,FUSED-INT-0001,StandardMotorcycleSnatch,0.2,Weak Match,0.1681,1,3,ROUTINE RECORD: Interaction INT-0001 exhibits low signature alignment (20%). No immediate forensic action required.
SIG-D4ACBA65,INT-0002,FUSED-INT-0002,StandardMotorcycleSnatch,0.8,High Confidence Match,0.6634,3,1,FLAGGED FOR HIGH-PRIORITY FORENSIC REVIEW: Interaction INT-0002 exhibits strong signature alignment (80%). Export forensic video clip for investigation.
SIG-95534E59,INT-0003,FUSED-INT-0003,StandardMotorcycleSnatch,0.2,Weak Match,0.1538,1,3,ROUTINE RECORD: Interaction INT-0003 exhibits low signature alignment (20%). No immediate forensic action required.
SIG-48534071,INT-0004,FUSED-INT-0004,StandardMotorcycleSnatch,0.2,Weak Match,0.1497,1,3,ROUTINE RECORD: Interaction INT-0004 exhibits low signature alignment (20%). No immediate forensic action required.
SIG-AD351F99,INT-0005,FUSED-INT-0005,StandardMotorcycleSnatch,0.2,Weak Match,0.1391,1,3,ROUTINE RECORD: Interaction INT-0005 exhibits low signature alignment (20%). No immediate forensic action required.
SIG-92F56838,INT-0006,FUSED-INT-0006,StandardMotorcycleSnatch,0.2,Weak Match,0.1461,1,3,ROUTINE RECORD: Interaction INT-0006 exhibits low signature alignment (20%). No immediate forensic action required.
SIG-FC22DD4E,INT-0007,FUSED-INT-0007,StandardMotorcycleSnatch,0.2,Weak Match,0.1692,1,3,ROUTINE RECORD: Interaction INT-0007 exhibits low signature alignment (20%). No immediate forensic action required.
SIG-8AF1715A,INT-0008,FUSED-INT-0008,StandardMotorcycleSnatch,0.2,Weak Match,0.1809,1,3,ROUTINE RECORD: Interaction INT-0008 exhibits low signature alignment (20%). No immediate forensic action required.
SIG-C4A8DB7D,INT-0009,FUSED-INT-0009,StandardMotorcycleSnatch,0.2,Weak Match,0.1457,1,3,ROUTINE RECORD: Interaction INT-0009 exhibits low signature alignment (20%). No immediate forensic action required.
SIG-C0EFB3AD,INT-0010,FUSED-INT-0010,StandardMotorcycleSnatch,0.2,Weak Match,0.147,1,3,ROUTINE RECORD: Interaction INT-0010 exhibits low signature alignment (20%). No immediate forensic action required.
SIG-76EDA044,INT-0011,FUSED-INT-0011,StandardMotorcycleSnatch,0.2,Weak Match,0.148,1,3,ROUTINE RECORD: Interaction INT-0011 exhibits low signature alignment (20%). No immediate forensic action required.
SIG-AE89B4EB,INT-0012,FUSED-INT-0012,StandardMotorcycleSnatch,0.2,Weak Match,0.148,1,3,ROUTINE RECORD: Interaction INT-0012 exhibits low signature alignment (20%). No immediate forensic action required.
SIG-F5689B4E,INT-0013,FUSED-INT-0013,StandardMotorcycleSnatch,0.2,Weak Match,0.148,1,3,ROUTINE RECORD: Interaction INT-0013 exhibits low signature alignment (20%). No immediate forensic action required.
SIG-22B59217,INT-0014,FUSED-INT-0014,StandardMotorcycleSnatch,0.2,Weak Match,0.146,1,3,ROUTINE RECORD: Interaction INT-0014 exhibits low signature alignment (20%). No immediate forensic action required.
SIG-93AE5322,INT-0015,FUSED-INT-0015,StandardMotorcycleSnatch,0.2,Weak Match,0.146,1,3,ROUTINE RECORD: Interaction INT-0015 exhibits low signature alignment (20%). No immediate forensic action required.
SIG-207EDEC1,INT-0016,FUSED-INT-0016,StandardMotorcycleSnatch,0.2,Weak Match,0.146,1,3,ROUTINE RECORD: Interaction INT-0016 exhibits low signature alignment (20%). No immediate forensic action required.
SIG-13B089C5,INT-0017,FUSED-INT-0017,StandardMotorcycleSnatch,0.2,Weak Match,0.146,1,3,ROUTINE RECORD: Interaction INT-0017 exhibits low signature alignment (20%). No immediate forensic action required.
SIG-8D87691A,INT-0018,FUSED-INT-0018,StandardMotorcycleSnatch,0.4,Weak Match,0.2831,2,2,ROUTINE RECORD: Interaction INT-0018 exhibits low signature alignment (40%). No immediate forensic action required.
SIG-32CD7325,INT-0019,FUSED-INT-0019,StandardMotorcycleSnatch,0.4,Weak Match,0.3084,2,2,ROUTINE RECORD: Interaction INT-0019 exhibits low signature alignment (40%). No immediate forensic action required.
SIG-822B80A7,INT-0020,FUSED-INT-0020,StandardMotorcycleSnatch,0.4,Weak Match,0.281,2,2,ROUTINE RECORD: Interaction INT-0020 exhibits low signature alignment (40%). No immediate forensic action required.
SIG-E2DF032F,INT-0021,FUSED-INT-0021,StandardMotorcycleSnatch,0.4,Weak Match,0.2873,2,2,ROUTINE RECORD: Interaction INT-0021 exhibits low signature alignment (40%). No immediate forensic action required.
SIG-71D9108D,INT-0001,FUSED-INT-0001,StandardMotorcycleSnatch,0.2,Weak Match,0.1681,1,3,ROUTINE RECORD: Interaction INT-0001 exhibits low signature alignment (20%). No immediate forensic action required.
SIG-B6FE3442,INT-0002,FUSED-INT-0002,StandardMotorcycleSnatch,0.8,High Confidence Match,0.6634,3,1,FLAGGED FOR HIGH-PRIORITY FORENSIC REVIEW: Interaction INT-0002 exhibits strong signature alignment (80%). Export forensic video clip for investigation.
SIG-9C469918,INT-0003,FUSED-INT-0003,StandardMotorcycleSnatch,0.2,Weak Match,0.1538,1,3,ROUTINE RECORD: Interaction INT-0003 exhibits low signature alignment (20%). No immediate forensic action required.
SIG-46C62C2A,INT-0004,FUSED-INT-0004,StandardMotorcycleSnatch,0.2,Weak Match,0.1497,1,3,ROUTINE RECORD: Interaction INT-0004 exhibits low signature alignment (20%). No immediate forensic action required.
SIG-5DD503BE,INT-0005,FUSED-INT-0005,StandardMotorcycleSnatch,0.2,Weak Match,0.1391,1,3,ROUTINE RECORD: Interaction INT-0005 exhibits low signature alignment (20%). No immediate forensic action required.
SIG-93480526,INT-0006,FUSED-INT-0006,StandardMotorcycleSnatch,0.2,Weak Match,0.1461,1,3,ROUTINE RECORD: Interaction INT-0006 exhibits low signature alignment (20%). No immediate forensic action required.
SIG-E29C8383,INT-0007,FUSED-INT-0007,StandardMotorcycleSnatch,0.2,Weak Match,0.1692,1,3,ROUTINE RECORD: Interaction INT-0007 exhibits low signature alignment (20%). No immediate forensic action required.
SIG-2D821941,INT-0008,FUSED-INT-0008,StandardMotorcycleSnatch,0.2,Weak Match,0.1809,1,3,ROUTINE RECORD: Interaction INT-0008 exhibits low signature alignment (20%). No immediate forensic action required.
SIG-CC0B07B1,INT-0009,FUSED-INT-0009,StandardMotorcycleSnatch,0.2,Weak Match,0.1457,1,3,ROUTINE RECORD: Interaction INT-0009 exhibits low signature alignment (20%). No immediate forensic action required.
SIG-26DE9C55,INT-0010,FUSED-INT-0010,StandardMotorcycleSnatch,0.2,Weak Match,0.147,1,3,ROUTINE RECORD: Interaction INT-0010 exhibits low signature alignment (20%). No immediate forensic action required.
SIG-7AA81744,INT-0011,FUSED-INT-0011,StandardMotorcycleSnatch,0.2,Weak Match,0.148,1,3,ROUTINE RECORD: Interaction INT-0011 exhibits low signature alignment (20%). No immediate forensic action required.
SIG-03352A4D,INT-0012,FUSED-INT-0012,StandardMotorcycleSnatch,0.2,Weak Match,0.148,1,3,ROUTINE RECORD: Interaction INT-0012 exhibits low signature alignment (20%). No immediate forensic action required.
SIG-0434804E,INT-0013,FUSED-INT-0013,StandardMotorcycleSnatch,0.2,Weak Match,0.148,1,3,ROUTINE RECORD: Interaction INT-0013 exhibits low signature alignment (20%). No immediate forensic action required.
SIG-EC51EC70,INT-0014,FUSED-INT-0014,StandardMotorcycleSnatch,0.2,Weak Match,0.146,1,3,ROUTINE RECORD: Interaction INT-0014 exhibits low signature alignment (20%). No immediate forensic action required.
SIG-4DD4E050,INT-0015,FUSED-INT-0015,StandardMotorcycleSnatch,0.2,Weak Match,0.146,1,3,ROUTINE RECORD: Interaction INT-0015 exhibits low signature alignment (20%). No immediate forensic action required.
SIG-739B298F,INT-0016,FUSED-INT-0016,StandardMotorcycleSnatch,0.2,Weak Match,0.146,1,3,ROUTINE RECORD: Interaction INT-0016 exhibits low signature alignment (20%). No immediate forensic action required.
SIG-EC489F06,INT-0017,FUSED-INT-0017,StandardMotorcycleSnatch,0.2,Weak Match,0.146,1,3,ROUTINE RECORD: Interaction INT-0017 exhibits low signature alignment (20%). No immediate forensic action required.
SIG-F53FABC0,INT-0018,FUSED-INT-0018,StandardMotorcycleSnatch,0.4,Weak Match,0.2831,2,2,ROUTINE RECORD: Interaction INT-0018 exhibits low signature alignment (40%). No immediate forensic action required.
SIG-07EC6DB1,INT-0019,FUSED-INT-0019,StandardMotorcycleSnatch,0.4,Weak Match,0.3084,2,2,ROUTINE RECORD: Interaction INT-0019 exhibits low signature alignment (40%). No immediate forensic action required.
SIG-F738E6E4,INT-0020,FUSED-INT-0020,StandardMotorcycleSnatch,0.4,Weak Match,0.281,2,2,ROUTINE RECORD: Interaction INT-0020 exhibits low signature alignment (40%). No immediate forensic action required.
SIG-638CF45C,INT-0021,FUSED-INT-0021,StandardMotorcycleSnatch,0.4,Weak Match,0.2873,2,2,ROUTINE RECORD: Interaction INT-0021 exhibits low signature alignment (40%). No immediate forensic action required.
SIG-A81EEFF7,INT-0001,FUSED-INT-0001,StandardMotorcycleSnatch,0.2,Weak Match,0.1681,1,3,ROUTINE RECORD: Interaction INT-0001 exhibits low signature alignment (20%). No immediate forensic action required.
SIG-7C606DF4,INT-0002,FUSED-INT-0002,StandardMotorcycleSnatch,0.8,High Confidence Match,0.6634,3,1,FLAGGED FOR HIGH-PRIORITY FORENSIC REVIEW: Interaction INT-0002 exhibits strong signature alignment (80%). Export forensic video clip for investigation.
SIG-B96A6A5B,INT-0003,FUSED-INT-0003,StandardMotorcycleSnatch,0.2,Weak Match,0.1538,1,3,ROUTINE RECORD: Interaction INT-0003 exhibits low signature alignment (20%). No immediate forensic action required.
SIG-30B99E87,INT-0004,FUSED-INT-0004,StandardMotorcycleSnatch,0.2,Weak Match,0.1496,1,3,ROUTINE RECORD: Interaction INT-0004 exhibits low signature alignment (20%). No immediate forensic action required.
SIG-CD61DF8F,INT-0005,FUSED-INT-0005,StandardMotorcycleSnatch,0.2,Weak Match,0.1391,1,3,ROUTINE RECORD: Interaction INT-0005 exhibits low signature alignment (20%). No immediate forensic action required.
SIG-9D76AF02,INT-0006,FUSED-INT-0006,StandardMotorcycleSnatch,0.2,Weak Match,0.1461,1,3,ROUTINE RECORD: Interaction INT-0006 exhibits low signature alignment (20%). No immediate forensic action required.
SIG-FAA8ED6B,INT-0007,FUSED-INT-0007,StandardMotorcycleSnatch,0.2,Weak Match,0.1692,1,3,ROUTINE RECORD: Interaction INT-0007 exhibits low signature alignment (20%). No immediate forensic action required.
SIG-DA25874E,INT-0008,FUSED-INT-0008,StandardMotorcycleSnatch,0.2,Weak Match,0.1809,1,3,ROUTINE RECORD: Interaction INT-0008 exhibits low signature alignment (20%). No immediate forensic action required.
SIG-09E839ED,INT-0009,FUSED-INT-0009,StandardMotorcycleSnatch,0.2,Weak Match,0.1457,1,3,ROUTINE RECORD: Interaction INT-0009 exhibits low signature alignment (20%). No immediate forensic action required.
SIG-1621D4E9,INT-0010,FUSED-INT-0010,StandardMotorcycleSnatch,0.2,Weak Match,0.147,1,3,ROUTINE RECORD: Interaction INT-0010 exhibits low signature alignment (20%). No immediate forensic action required.
SIG-2A13235E,INT-0011,FUSED-INT-0011,StandardMotorcycleSnatch,0.2,Weak Match,0.148,1,3,ROUTINE RECORD: Interaction INT-0011 exhibits low signature alignment (20%). No immediate forensic action required.
SIG-38D7744A,INT-0012,FUSED-INT-0012,StandardMotorcycleSnatch,0.2,Weak Match,0.148,1,3,ROUTINE RECORD: Interaction INT-0012 exhibits low signature alignment (20%). No immediate forensic action required.
SIG-06B5310B,INT-0013,FUSED-INT-0013,StandardMotorcycleSnatch,0.2,Weak Match,0.148,1,3,ROUTINE RECORD: Interaction INT-0013 exhibits low signature alignment (20%). No immediate forensic action required.
SIG-6170E2D0,INT-0014,FUSED-INT-0014,StandardMotorcycleSnatch,0.2,Weak Match,0.146,1,3,ROUTINE RECORD: Interaction INT-0014 exhibits low signature alignment (20%). No immediate forensic action required.
SIG-4F82450B,INT-0015,FUSED-INT-0015,StandardMotorcycleSnatch,0.2,Weak Match,0.146,1,3,ROUTINE RECORD: Interaction INT-0015 exhibits low signature alignment (20%). No immediate forensic action required.
SIG-44308936,INT-0016,FUSED-INT-0016,StandardMotorcycleSnatch,0.2,Weak Match,0.146,1,3,ROUTINE RECORD: Interaction INT-0016 exhibits low signature alignment (20%). No immediate forensic action required.
SIG-E3658044,INT-0017,FUSED-INT-0017,StandardMotorcycleSnatch,0.2,Weak Match,0.146,1,3,ROUTINE RECORD: Interaction INT-0017 exhibits low signature alignment (20%). No immediate forensic action required.
SIG-26735993,INT-0018,FUSED-INT-0018,StandardMotorcycleSnatch,0.4,Weak Match,0.2831,2,2,ROUTINE RECORD: Interaction INT-0018 exhibits low signature alignment (40%). No immediate forensic action required.
SIG-2304E85D,INT-0019,FUSED-INT-0019,StandardMotorcycleSnatch,0.4,Weak Match,0.3084,2,2,ROUTINE RECORD: Interaction INT-0019 exhibits low signature alignment (40%). No immediate forensic action required.
SIG-526B6446,INT-0020,FUSED-INT-0020,StandardMotorcycleSnatch,0.4,Weak Match,0.281,2,2,ROUTINE RECORD: Interaction INT-0020 exhibits low signature alignment (40%). No immediate forensic action required.
SIG-A1113B52,INT-0021,FUSED-INT-0021,StandardMotorcycleSnatch,0.4,Weak Match,0.2873,2,2,ROUTINE RECORD: Interaction INT-0021 exhibits low signature alignment (40%). No immediate forensic action required.
SIG-232516F1,INT-0001,FUSED-INT-0001,StandardMotorcycleSnatch,0.2,Weak Match,0.1681,1,3,ROUTINE RECORD: Interaction INT-0001 exhibits low signature alignment (20%). No immediate forensic action required.
SIG-3FC40496,INT-0002,FUSED-INT-0002,StandardMotorcycleSnatch,0.8,High Confidence Match,0.6634,3,1,FLAGGED FOR HIGH-PRIORITY FORENSIC REVIEW: Interaction INT-0002 exhibits strong signature alignment (80%). Export forensic video clip for investigation.
SIG-6B2CF34C,INT-0003,FUSED-INT-0003,StandardMotorcycleSnatch,0.2,Weak Match,0.1538,1,3,ROUTINE RECORD: Interaction INT-0003 exhibits low signature alignment (20%). No immediate forensic action required.
SIG-8CF8CF12,INT-0004,FUSED-INT-0004,StandardMotorcycleSnatch,0.2,Weak Match,0.1496,1,3,ROUTINE RECORD: Interaction INT-0004 exhibits low signature alignment (20%). No immediate forensic action required.
SIG-887DDD95,INT-0005,FUSED-INT-0005,StandardMotorcycleSnatch,0.2,Weak Match,0.1391,1,3,ROUTINE RECORD: Interaction INT-0005 exhibits low signature alignment (20%). No immediate forensic action required.
SIG-D7449013,INT-0006,FUSED-INT-0006,StandardMotorcycleSnatch,0.2,Weak Match,0.1461,1,3,ROUTINE RECORD: Interaction INT-0006 exhibits low signature alignment (20%). No immediate forensic action required.
SIG-1459638F,INT-0007,FUSED-INT-0007,StandardMotorcycleSnatch,0.2,Weak Match,0.1692,1,3,ROUTINE RECORD: Interaction INT-0007 exhibits low signature alignment (20%). No immediate forensic action required.
SIG-94B5F82A,INT-0008,FUSED-INT-0008,StandardMotorcycleSnatch,0.2,Weak Match,0.1809,1,3,ROUTINE RECORD: Interaction INT-0008 exhibits low signature alignment (20%). No immediate forensic action required.
SIG-FB6308A8,INT-0009,FUSED-INT-0009,StandardMotorcycleSnatch,0.2,Weak Match,0.1457,1,3,ROUTINE RECORD: Interaction INT-0009 exhibits low signature alignment (20%). No immediate forensic action required.
SIG-49AF1B42,INT-0010,FUSED-INT-0010,StandardMotorcycleSnatch,0.2,Weak Match,0.147,1,3,ROUTINE RECORD: Interaction INT-0010 exhibits low signature alignment (20%). No immediate forensic action required.
SIG-D0C40BE4,INT-0011,FUSED-INT-0011,StandardMotorcycleSnatch,0.2,Weak Match,0.148,1,3,ROUTINE RECORD: Interaction INT-0011 exhibits low signature alignment (20%). No immediate forensic action required.
SIG-3686B613,INT-0012,FUSED-INT-0012,StandardMotorcycleSnatch,0.2,Weak Match,0.148,1,3,ROUTINE RECORD: Interaction INT-0012 exhibits low signature alignment (20%). No immediate forensic action required.
SIG-931EE122,INT-0013,FUSED-INT-0013,StandardMotorcycleSnatch,0.2,Weak Match,0.148,1,3,ROUTINE RECORD: Interaction INT-0013 exhibits low signature alignment (20%). No immediate forensic action required.
SIG-AD63443E,INT-0014,FUSED-INT-0014,StandardMotorcycleSnatch,0.2,Weak Match,0.146,1,3,ROUTINE RECORD: Interaction INT-0014 exhibits low signature alignment (20%). No immediate forensic action required.
SIG-D27D2F30,INT-0015,FUSED-INT-0015,StandardMotorcycleSnatch,0.2,Weak Match,0.146,1,3,ROUTINE RECORD: Interaction INT-0015 exhibits low signature alignment (20%). No immediate forensic action required.
SIG-82048FC7,INT-0016,FUSED-INT-0016,StandardMotorcycleSnatch,0.2,Weak Match,0.146,1,3,ROUTINE RECORD: Interaction INT-0016 exhibits low signature alignment (20%). No immediate forensic action required.
SIG-3F2E88CD,INT-0017,FUSED-INT-0017,StandardMotorcycleSnatch,0.2,Weak Match,0.146,1,3,ROUTINE RECORD: Interaction INT-0017 exhibits low signature alignment (20%). No immediate forensic action required.
SIG-191DA0FD,INT-0018,FUSED-INT-0018,StandardMotorcycleSnatch,0.4,Weak Match,0.2831,2,2,ROUTINE RECORD: Interaction INT-0018 exhibits low signature alignment (40%). No immediate forensic action required.
SIG-3AF844D6,INT-0019,FUSED-INT-0019,StandardMotorcycleSnatch,0.4,Weak Match,0.3084,2,2,ROUTINE RECORD: Interaction INT-0019 exhibits low signature alignment (40%). No immediate forensic action required.
SIG-538BF61C,INT-0020,FUSED-INT-0020,StandardMotorcycleSnatch,0.4,Weak Match,0.281,2,2,ROUTINE RECORD: Interaction INT-0020 exhibits low signature alignment (40%). No immediate forensic action required.
SIG-03673348,INT-0021,FUSED-INT-0021,StandardMotorcycleSnatch,0.4,Weak Match,0.2873,2,2,ROUTINE RECORD: Interaction INT-0021 exhibits low signature alignment (40%). No immediate forensic action required.
SIG-9397900D,INT-0001,FUSED-INT-0001,StandardMotorcycleSnatch,0.2,Weak Match,0.1681,1,3,ROUTINE RECORD: Interaction INT-0001 exhibits low signature alignment (20%). No immediate forensic action required.
SIG-A4988659,INT-0002,FUSED-INT-0002,StandardMotorcycleSnatch,0.8,High Confidence Match,0.6634,3,1,FLAGGED FOR HIGH-PRIORITY FORENSIC REVIEW: Interaction INT-0002 exhibits strong signature alignment (80%). Export forensic video clip for investigation.
SIG-64295384,INT-0003,FUSED-INT-0003,StandardMotorcycleSnatch,0.2,Weak Match,0.1538,1,3,ROUTINE RECORD: Interaction INT-0003 exhibits low signature alignment (20%). No immediate forensic action required.
SIG-29A9CC60,INT-0004,FUSED-INT-0004,StandardMotorcycleSnatch,0.2,Weak Match,0.1495,1,3,ROUTINE RECORD: Interaction INT-0004 exhibits low signature alignment (20%). No immediate forensic action required.
SIG-2CC80A75,INT-0005,FUSED-INT-0005,StandardMotorcycleSnatch,0.2,Weak Match,0.1391,1,3,ROUTINE RECORD: Interaction INT-0005 exhibits low signature alignment (20%). No immediate forensic action required.
SIG-E79609B4,INT-0006,FUSED-INT-0006,StandardMotorcycleSnatch,0.2,Weak Match,0.1461,1,3,ROUTINE RECORD: Interaction INT-0006 exhibits low signature alignment (20%). No immediate forensic action required.
SIG-F42E9D8F,INT-0007,FUSED-INT-0007,StandardMotorcycleSnatch,0.2,Weak Match,0.1692,1,3,ROUTINE RECORD: Interaction INT-0007 exhibits low signature alignment (20%). No immediate forensic action required.
SIG-1EE02735,INT-0008,FUSED-INT-0008,StandardMotorcycleSnatch,0.2,Weak Match,0.1809,1,3,ROUTINE RECORD: Interaction INT-0008 exhibits low signature alignment (20%). No immediate forensic action required.
SIG-A15429C7,INT-0009,FUSED-INT-0009,StandardMotorcycleSnatch,0.2,Weak Match,0.1457,1,3,ROUTINE RECORD: Interaction INT-0009 exhibits low signature alignment (20%). No immediate forensic action required.
SIG-71CE0315,INT-0010,FUSED-INT-0010,StandardMotorcycleSnatch,0.2,Weak Match,0.147,1,3,ROUTINE RECORD: Interaction INT-0010 exhibits low signature alignment (20%). No immediate forensic action required.
SIG-FCF9F81E,INT-0011,FUSED-INT-0011,StandardMotorcycleSnatch,0.2,Weak Match,0.148,1,3,ROUTINE RECORD: Interaction INT-0011 exhibits low signature alignment (20%). No immediate forensic action required.
SIG-12EA21AA,INT-0012,FUSED-INT-0012,StandardMotorcycleSnatch,0.2,Weak Match,0.148,1,3,ROUTINE RECORD: Interaction INT-0012 exhibits low signature alignment (20%). No immediate forensic action required.
SIG-444D5F68,INT-0013,FUSED-INT-0013,StandardMotorcycleSnatch,0.2,Weak Match,0.148,1,3,ROUTINE RECORD: Interaction INT-0013 exhibits low signature alignment (20%). No immediate forensic action required.
SIG-4D085CF0,INT-0014,FUSED-INT-0014,StandardMotorcycleSnatch,0.2,Weak Match,0.146,1,3,ROUTINE RECORD: Interaction INT-0014 exhibits low signature alignment (20%). No immediate forensic action required.
SIG-23A740F8,INT-0015,FUSED-INT-0015,StandardMotorcycleSnatch,0.2,Weak Match,0.146,1,3,ROUTINE RECORD: Interaction INT-0015 exhibits low signature alignment (20%). No immediate forensic action required.
SIG-2CAF930D,INT-0016,FUSED-INT-0016,StandardMotorcycleSnatch,0.2,Weak Match,0.146,1,3,ROUTINE RECORD: Interaction INT-0016 exhibits low signature alignment (20%). No immediate forensic action required.
SIG-320F21DF,INT-0017,FUSED-INT-0017,StandardMotorcycleSnatch,0.2,Weak Match,0.146,1,3,ROUTINE RECORD: Interaction INT-0017 exhibits low signature alignment (20%). No immediate forensic action required.
SIG-BF69C06C,INT-0018,FUSED-INT-0018,StandardMotorcycleSnatch,0.2,Weak Match,0.1415,1,3,ROUTINE RECORD: Interaction INT-0018 exhibits low signature alignment (20%). No immediate forensic action required.
SIG-2419033D,INT-0019,FUSED-INT-0019,StandardMotorcycleSnatch,0.2,Weak Match,0.1542,1,3,ROUTINE RECORD: Interaction INT-0019 exhibits low signature alignment (20%). No immediate forensic action required.
SIG-C1F353BD,INT-0020,FUSED-INT-0020,StandardMotorcycleSnatch,0.4,Weak Match,0.281,2,2,ROUTINE RECORD: Interaction INT-0020 exhibits low signature alignment (40%). No immediate forensic action required.
SIG-E514F7B3,INT-0021,FUSED-INT-0021,StandardMotorcycleSnatch,0.4,Weak Match,0.2873,2,2,ROUTINE RECORD: Interaction INT-0021 exhibits low signature alignment (40%). No immediate forensic action required.
SIG-61E9F853,INT-0001,FUSED-INT-0001,StandardMotorcycleSnatch,0.2,Weak Match,0.1681,1,3,ROUTINE RECORD: Interaction INT-0001 exhibits low signature alignment (20%). No immediate forensic action required.
SIG-4ED0C7C8,INT-0002,FUSED-INT-0002,StandardMotorcycleSnatch,0.8,High Confidence Match,0.6634,3,1,FLAGGED FOR HIGH-PRIORITY FORENSIC REVIEW: Interaction INT-0002 exhibits strong signature alignment (80%). Export forensic video clip for investigation.
SIG-3074087B,INT-0003,FUSED-INT-0003,StandardMotorcycleSnatch,0.2,Weak Match,0.1538,1,3,ROUTINE RECORD: Interaction INT-0003 exhibits low signature alignment (20%). No immediate forensic action required.
SIG-6F147F62,INT-0004,FUSED-INT-0004,StandardMotorcycleSnatch,0.2,Weak Match,0.1495,1,3,ROUTINE RECORD: Interaction INT-0004 exhibits low signature alignment (20%). No immediate forensic action required.
SIG-82CC4FF6,INT-0005,FUSED-INT-0005,StandardMotorcycleSnatch,0.2,Weak Match,0.1391,1,3,ROUTINE RECORD: Interaction INT-0005 exhibits low signature alignment (20%). No immediate forensic action required.
SIG-ABBD2630,INT-0006,FUSED-INT-0006,StandardMotorcycleSnatch,0.2,Weak Match,0.1461,1,3,ROUTINE RECORD: Interaction INT-0006 exhibits low signature alignment (20%). No immediate forensic action required.
SIG-6D0C453E,INT-0007,FUSED-INT-0007,StandardMotorcycleSnatch,0.2,Weak Match,0.1692,1,3,ROUTINE RECORD: Interaction INT-0007 exhibits low signature alignment (20%). No immediate forensic action required.
SIG-9DE980B8,INT-0008,FUSED-INT-0008,StandardMotorcycleSnatch,0.2,Weak Match,0.1809,1,3,ROUTINE RECORD: Interaction INT-0008 exhibits low signature alignment (20%). No immediate forensic action required.
SIG-024130D2,INT-0009,FUSED-INT-0009,StandardMotorcycleSnatch,0.2,Weak Match,0.1457,1,3,ROUTINE RECORD: Interaction INT-0009 exhibits low signature alignment (20%). No immediate forensic action required.
SIG-15A24255,INT-0010,FUSED-INT-0010,StandardMotorcycleSnatch,0.2,Weak Match,0.147,1,3,ROUTINE RECORD: Interaction INT-0010 exhibits low signature alignment (20%). No immediate forensic action required.
SIG-72C78E29,INT-0011,FUSED-INT-0011,StandardMotorcycleSnatch,0.2,Weak Match,0.148,1,3,ROUTINE RECORD: Interaction INT-0011 exhibits low signature alignment (20%). No immediate forensic action required.
SIG-EB4A30D6,INT-0012,FUSED-INT-0012,StandardMotorcycleSnatch,0.2,Weak Match,0.148,1,3,ROUTINE RECORD: Interaction INT-0012 exhibits low signature alignment (20%). No immediate forensic action required.
SIG-9CE1A928,INT-0013,FUSED-INT-0013,StandardMotorcycleSnatch,0.2,Weak Match,0.148,1,3,ROUTINE RECORD: Interaction INT-0013 exhibits low signature alignment (20%). No immediate forensic action required.
SIG-E496D2F2,INT-0014,FUSED-INT-0014,StandardMotorcycleSnatch,0.2,Weak Match,0.146,1,3,ROUTINE RECORD: Interaction INT-0014 exhibits low signature alignment (20%). No immediate forensic action required.
SIG-D8760C1A,INT-0015,FUSED-INT-0015,StandardMotorcycleSnatch,0.2,Weak Match,0.146,1,3,ROUTINE RECORD: Interaction INT-0015 exhibits low signature alignment (20%). No immediate forensic action required.
SIG-32E35175,INT-0016,FUSED-INT-0016,StandardMotorcycleSnatch,0.2,Weak Match,0.146,1,3,ROUTINE RECORD: Interaction INT-0016 exhibits low signature alignment (20%). No immediate forensic action required.
SIG-42BDE454,INT-0017,FUSED-INT-0017,StandardMotorcycleSnatch,0.2,Weak Match,0.146,1,3,ROUTINE RECORD: Interaction INT-0017 exhibits low signature alignment (20%). No immediate forensic action required.
SIG-F23060ED,INT-0018,FUSED-INT-0018,StandardMotorcycleSnatch,0.2,Weak Match,0.1415,1,3,ROUTINE RECORD: Interaction INT-0018 exhibits low signature alignment (20%). No immediate forensic action required.
SIG-85A22D4E,INT-0019,FUSED-INT-0019,StandardMotorcycleSnatch,0.2,Weak Match,0.1542,1,3,ROUTINE RECORD: Interaction INT-0019 exhibits low signature alignment (20%). No immediate forensic action required.
SIG-2423D536,INT-0020,FUSED-INT-0020,StandardMotorcycleSnatch,0.4,Weak Match,0.281,2,2,ROUTINE RECORD: Interaction INT-0020 exhibits low signature alignment (40%). No immediate forensic action required.
SIG-676AD2FD,INT-0021,FUSED-INT-0021,StandardMotorcycleSnatch,0.4,Weak Match,0.2873,2,2,ROUTINE RECORD: Interaction INT-0021 exhibits low signature alignment (40%). No immediate forensic action required.
SIG-7B0CC760,INT-0001,FUSED-INT-0001,StandardMotorcycleSnatch,0.2,Weak Match,0.1681,1,3,ROUTINE RECORD: Interaction INT-0001 exhibits low signature alignment (20%). No immediate forensic action required.
SIG-0382E613,INT-0002,FUSED-INT-0002,StandardMotorcycleSnatch,0.8,High Confidence Match,0.6634,3,1,FLAGGED FOR HIGH-PRIORITY FORENSIC REVIEW: Interaction INT-0002 exhibits strong signature alignment (80%). Export forensic video clip for investigation.
SIG-BF1069C5,INT-0003,FUSED-INT-0003,StandardMotorcycleSnatch,0.2,Weak Match,0.1538,1,3,ROUTINE RECORD: Interaction INT-0003 exhibits low signature alignment (20%). No immediate forensic action required.
SIG-E0871F8D,INT-0004,FUSED-INT-0004,StandardMotorcycleSnatch,0.2,Weak Match,0.1495,1,3,ROUTINE RECORD: Interaction INT-0004 exhibits low signature alignment (20%). No immediate forensic action required.
SIG-D7558972,INT-0005,FUSED-INT-0005,StandardMotorcycleSnatch,0.2,Weak Match,0.1391,1,3,ROUTINE RECORD: Interaction INT-0005 exhibits low signature alignment (20%). No immediate forensic action required.
SIG-D5F4A9A0,INT-0006,FUSED-INT-0006,StandardMotorcycleSnatch,0.2,Weak Match,0.1461,1,3,ROUTINE RECORD: Interaction INT-0006 exhibits low signature alignment (20%). No immediate forensic action required.
SIG-306AE55C,INT-0007,FUSED-INT-0007,StandardMotorcycleSnatch,0.2,Weak Match,0.1692,1,3,ROUTINE RECORD: Interaction INT-0007 exhibits low signature alignment (20%). No immediate forensic action required.
SIG-EE7C2430,INT-0008,FUSED-INT-0008,StandardMotorcycleSnatch,0.2,Weak Match,0.1809,1,3,ROUTINE RECORD: Interaction INT-0008 exhibits low signature alignment (20%). No immediate forensic action required.
SIG-EBD50549,INT-0009,FUSED-INT-0009,StandardMotorcycleSnatch,0.2,Weak Match,0.1457,1,3,ROUTINE RECORD: Interaction INT-0009 exhibits low signature alignment (20%). No immediate forensic action required.
SIG-952FE390,INT-0010,FUSED-INT-0010,StandardMotorcycleSnatch,0.2,Weak Match,0.147,1,3,ROUTINE RECORD: Interaction INT-0010 exhibits low signature alignment (20%). No immediate forensic action required.
SIG-E4BA73A3,INT-0011,FUSED-INT-0011,StandardMotorcycleSnatch,0.2,Weak Match,0.148,1,3,ROUTINE RECORD: Interaction INT-0011 exhibits low signature alignment (20%). No immediate forensic action required.
SIG-DB34C652,INT-0012,FUSED-INT-0012,StandardMotorcycleSnatch,0.2,Weak Match,0.148,1,3,ROUTINE RECORD: Interaction INT-0012 exhibits low signature alignment (20%). No immediate forensic action required.
SIG-331F0267,INT-0013,FUSED-INT-0013,StandardMotorcycleSnatch,0.2,Weak Match,0.148,1,3,ROUTINE RECORD: Interaction INT-0013 exhibits low signature alignment (20%). No immediate forensic action required.
SIG-D221905E,INT-0014,FUSED-INT-0014,StandardMotorcycleSnatch,0.2,Weak Match,0.146,1,3,ROUTINE RECORD: Interaction INT-0014 exhibits low signature alignment (20%). No immediate forensic action required.
SIG-8D507823,INT-0015,FUSED-INT-0015,StandardMotorcycleSnatch,0.2,Weak Match,0.146,1,3,ROUTINE RECORD: Interaction INT-0015 exhibits low signature alignment (20%). No immediate forensic action required.
SIG-DD0BE81F,INT-0016,FUSED-INT-0016,StandardMotorcycleSnatch,0.2,Weak Match,0.146,1,3,ROUTINE RECORD: Interaction INT-0016 exhibits low signature alignment (20%). No immediate forensic action required.
SIG-E0984074,INT-0017,FUSED-INT-0017,StandardMotorcycleSnatch,0.2,Weak Match,0.146,1,3,ROUTINE RECORD: Interaction INT-0017 exhibits low signature alignment (20%). No immediate forensic action required.
SIG-F10761BF,INT-0018,FUSED-INT-0018,StandardMotorcycleSnatch,0.2,Weak Match,0.1415,1,3,ROUTINE RECORD: Interaction INT-0018 exhibits low signature alignment (20%). No immediate forensic action required.
SIG-57C7C409,INT-0019,FUSED-INT-0019,StandardMotorcycleSnatch,0.2,Weak Match,0.1542,1,3,ROUTINE RECORD: Interaction INT-0019 exhibits low signature alignment (20%). No immediate forensic action required.
SIG-5DD4AE9A,INT-0020,FUSED-INT-0020,StandardMotorcycleSnatch,0.4,Weak Match,0.281,2,2,ROUTINE RECORD: Interaction INT-0020 exhibits low signature alignment (40%). No immediate forensic action required.
SIG-7AA78ADB,INT-0021,FUSED-INT-0021,StandardMotorcycleSnatch,0.4,Weak Match,0.2873,2,2,ROUTINE RECORD: Interaction INT-0021 exhibits low signature alignment (40%). No immediate forensic action required.
SIG-4D604564,INT-0001,FUSED-INT-0001,StandardMotorcycleSnatch,0.2,Weak Match,0.1681,1,3,ROUTINE RECORD: Interaction INT-0001 exhibits low signature alignment (20%). No immediate forensic action required.
SIG-73C03CDF,INT-0002,FUSED-INT-0002,StandardMotorcycleSnatch,0.8,High Confidence Match,0.6634,3,1,FLAGGED FOR HIGH-PRIORITY FORENSIC REVIEW: Interaction INT-0002 exhibits strong signature alignment (80%). Export forensic video clip for investigation.
SIG-DC80981E,INT-0003,FUSED-INT-0003,StandardMotorcycleSnatch,0.2,Weak Match,0.1538,1,3,ROUTINE RECORD: Interaction INT-0003 exhibits low signature alignment (20%). No immediate forensic action required.
SIG-BF94A517,INT-0004,FUSED-INT-0004,StandardMotorcycleSnatch,0.2,Weak Match,0.1494,1,3,ROUTINE RECORD: Interaction INT-0004 exhibits low signature alignment (20%). No immediate forensic action required.
SIG-F508CE42,INT-0005,FUSED-INT-0005,StandardMotorcycleSnatch,0.2,Weak Match,0.1391,1,3,ROUTINE RECORD: Interaction INT-0005 exhibits low signature alignment (20%). No immediate forensic action required.
SIG-BFBB67B0,INT-0006,FUSED-INT-0006,StandardMotorcycleSnatch,0.2,Weak Match,0.1461,1,3,ROUTINE RECORD: Interaction INT-0006 exhibits low signature alignment (20%). No immediate forensic action required.
SIG-96597E1D,INT-0007,FUSED-INT-0007,StandardMotorcycleSnatch,0.2,Weak Match,0.1692,1,3,ROUTINE RECORD: Interaction INT-0007 exhibits low signature alignment (20%). No immediate forensic action required.
SIG-4C17E2BB,INT-0008,FUSED-INT-0008,StandardMotorcycleSnatch,0.2,Weak Match,0.1809,1,3,ROUTINE RECORD: Interaction INT-0008 exhibits low signature alignment (20%). No immediate forensic action required.
SIG-82A8AA2E,INT-0009,FUSED-INT-0009,StandardMotorcycleSnatch,0.2,Weak Match,0.1457,1,3,ROUTINE RECORD: Interaction INT-0009 exhibits low signature alignment (20%). No immediate forensic action required.
SIG-937153C8,INT-0010,FUSED-INT-0010,StandardMotorcycleSnatch,0.2,Weak Match,0.147,1,3,ROUTINE RECORD: Interaction INT-0010 exhibits low signature alignment (20%). No immediate forensic action required.
SIG-8CF37683,INT-0011,FUSED-INT-0011,StandardMotorcycleSnatch,0.2,Weak Match,0.148,1,3,ROUTINE RECORD: Interaction INT-0011 exhibits low signature alignment (20%). No immediate forensic action required.
SIG-11BF98D4,INT-0012,FUSED-INT-0012,StandardMotorcycleSnatch,0.2,Weak Match,0.148,1,3,ROUTINE RECORD: Interaction INT-0012 exhibits low signature alignment (20%). No immediate forensic action required.
SIG-91477186,INT-0013,FUSED-INT-0013,StandardMotorcycleSnatch,0.2,Weak Match,0.148,1,3,ROUTINE RECORD: Interaction INT-0013 exhibits low signature alignment (20%). No immediate forensic action required.
SIG-1BA73AA4,INT-0014,FUSED-INT-0014,StandardMotorcycleSnatch,0.2,Weak Match,0.146,1,3,ROUTINE RECORD: Interaction INT-0014 exhibits low signature alignment (20%). No immediate forensic action required.
SIG-ABAEC6B0,INT-0015,FUSED-INT-0015,StandardMotorcycleSnatch,0.2,Weak Match,0.146,1,3,ROUTINE RECORD: Interaction INT-0015 exhibits low signature alignment (20%). No immediate forensic action required.
SIG-5D72AE8C,INT-0016,FUSED-INT-0016,StandardMotorcycleSnatch,0.2,Weak Match,0.146,1,3,ROUTINE RECORD: Interaction INT-0016 exhibits low signature alignment (20%). No immediate forensic action required.
SIG-A029BA79,INT-0017,FUSED-INT-0017,StandardMotorcycleSnatch,0.2,Weak Match,0.146,1,3,ROUTINE RECORD: Interaction INT-0017 exhibits low signature alignment (20%). No immediate forensic action required.
SIG-E90C32C0,INT-0018,FUSED-INT-0018,StandardMotorcycleSnatch,0.2,Weak Match,0.1415,1,3,ROUTINE RECORD: Interaction INT-0018 exhibits low signature alignment (20%). No immediate forensic action required.
SIG-941116FF,INT-0019,FUSED-INT-0019,StandardMotorcycleSnatch,0.2,Weak Match,0.1542,1,3,ROUTINE RECORD: Interaction INT-0019 exhibits low signature alignment (20%). No immediate forensic action required.
SIG-99E85736,INT-0020,FUSED-INT-0020,StandardMotorcycleSnatch,0.4,Weak Match,0.281,2,2,ROUTINE RECORD: Interaction INT-0020 exhibits low signature alignment (40%). No immediate forensic action required.
SIG-0CBB0206,INT-0021,FUSED-INT-0021,StandardMotorcycleSnatch,0.4,Weak Match,0.2873,2,2,ROUTINE RECORD: Interaction INT-0021 exhibits low signature alignment (40%). No immediate forensic action required.
SIG-D876E17A,INT-0001,FUSED-INT-0001,StandardMotorcycleSnatch,0.2,Weak Match,0.1681,1,3,ROUTINE RECORD: Interaction INT-0001 exhibits low signature alignment (20%). No immediate forensic action required.
SIG-D7C7D71F,INT-0002,FUSED-INT-0002,StandardMotorcycleSnatch,0.8,High Confidence Match,0.6634,3,1,FLAGGED FOR HIGH-PRIORITY FORENSIC REVIEW: Interaction INT-0002 exhibits strong signature alignment (80%). Export forensic video clip for investigation.
SIG-83F4A4CF,INT-0003,FUSED-INT-0003,StandardMotorcycleSnatch,0.2,Weak Match,0.1538,1,3,ROUTINE RECORD: Interaction INT-0003 exhibits low signature alignment (20%). No immediate forensic action required.
SIG-541DE9E0,INT-0004,FUSED-INT-0004,StandardMotorcycleSnatch,0.2,Weak Match,0.1494,1,3,ROUTINE RECORD: Interaction INT-0004 exhibits low signature alignment (20%). No immediate forensic action required.
SIG-5372FE03,INT-0005,FUSED-INT-0005,StandardMotorcycleSnatch,0.2,Weak Match,0.1391,1,3,ROUTINE RECORD: Interaction INT-0005 exhibits low signature alignment (20%). No immediate forensic action required.
SIG-039F8D14,INT-0006,FUSED-INT-0006,StandardMotorcycleSnatch,0.2,Weak Match,0.1461,1,3,ROUTINE RECORD: Interaction INT-0006 exhibits low signature alignment (20%). No immediate forensic action required.
SIG-2723D6E7,INT-0007,FUSED-INT-0007,StandardMotorcycleSnatch,0.2,Weak Match,0.1692,1,3,ROUTINE RECORD: Interaction INT-0007 exhibits low signature alignment (20%). No immediate forensic action required.
SIG-D21CF658,INT-0008,FUSED-INT-0008,StandardMotorcycleSnatch,0.2,Weak Match,0.1809,1,3,ROUTINE RECORD: Interaction INT-0008 exhibits low signature alignment (20%). No immediate forensic action required.
SIG-61FBAD14,INT-0009,FUSED-INT-0009,StandardMotorcycleSnatch,0.2,Weak Match,0.1457,1,3,ROUTINE RECORD: Interaction INT-0009 exhibits low signature alignment (20%). No immediate forensic action required.
SIG-7373D5E3,INT-0010,FUSED-INT-0010,StandardMotorcycleSnatch,0.2,Weak Match,0.147,1,3,ROUTINE RECORD: Interaction INT-0010 exhibits low signature alignment (20%). No immediate forensic action required.
SIG-F695AC52,INT-0011,FUSED-INT-0011,StandardMotorcycleSnatch,0.2,Weak Match,0.148,1,3,ROUTINE RECORD: Interaction INT-0011 exhibits low signature alignment (20%). No immediate forensic action required.
SIG-ED34F433,INT-0012,FUSED-INT-0012,StandardMotorcycleSnatch,0.2,Weak Match,0.148,1,3,ROUTINE RECORD: Interaction INT-0012 exhibits low signature alignment (20%). No immediate forensic action required.
SIG-8A6036C7,INT-0013,FUSED-INT-0013,StandardMotorcycleSnatch,0.2,Weak Match,0.148,1,3,ROUTINE RECORD: Interaction INT-0013 exhibits low signature alignment (20%). No immediate forensic action required.
SIG-75DEF460,INT-0014,FUSED-INT-0014,StandardMotorcycleSnatch,0.2,Weak Match,0.146,1,3,ROUTINE RECORD: Interaction INT-0014 exhibits low signature alignment (20%). No immediate forensic action required.
SIG-567652CB,INT-0015,FUSED-INT-0015,StandardMotorcycleSnatch,0.2,Weak Match,0.146,1,3,ROUTINE RECORD: Interaction INT-0015 exhibits low signature alignment (20%). No immediate forensic action required.
SIG-0B464ABC,INT-0016,FUSED-INT-0016,StandardMotorcycleSnatch,0.2,Weak Match,0.146,1,3,ROUTINE RECORD: Interaction INT-0016 exhibits low signature alignment (20%). No immediate forensic action required.
SIG-F4D225FE,INT-0017,FUSED-INT-0017,StandardMotorcycleSnatch,0.2,Weak Match,0.146,1,3,ROUTINE RECORD: Interaction INT-0017 exhibits low signature alignment (20%). No immediate forensic action required.
SIG-AC456F2A,INT-0018,FUSED-INT-0018,StandardMotorcycleSnatch,0.2,Weak Match,0.1415,1,3,ROUTINE RECORD: Interaction INT-0018 exhibits low signature alignment (20%). No immediate forensic action required.
SIG-51B79BC2,INT-0019,FUSED-INT-0019,StandardMotorcycleSnatch,0.2,Weak Match,0.1542,1,3,ROUTINE RECORD: Interaction INT-0019 exhibits low signature alignment (20%). No immediate forensic action required.
SIG-F35B16B3,INT-0020,FUSED-INT-0020,StandardMotorcycleSnatch,0.4,Weak Match,0.281,2,2,ROUTINE RECORD: Interaction INT-0020 exhibits low signature alignment (40%). No immediate forensic action required.
SIG-84FACE38,INT-0021,FUSED-INT-0021,StandardMotorcycleSnatch,0.4,Weak Match,0.2873,2,2,ROUTINE RECORD: Interaction INT-0021 exhibits low signature alignment (40%). No immediate forensic action required.
SIG-DE6B801B,INT-0001,FUSED-INT-0001,StandardMotorcycleSnatch,0.2,Weak Match,0.1681,1,3,ROUTINE RECORD: Interaction INT-0001 exhibits low signature alignment (20%). No immediate forensic action required.
SIG-79BFA67B,INT-0002,FUSED-INT-0002,StandardMotorcycleSnatch,0.8,High Confidence Match,0.6634,3,1,FLAGGED FOR HIGH-PRIORITY FORENSIC REVIEW: Interaction INT-0002 exhibits strong signature alignment (80%). Export forensic video clip for investigation.
SIG-F374892C,INT-0003,FUSED-INT-0003,StandardMotorcycleSnatch,0.2,Weak Match,0.1538,1,3,ROUTINE RECORD: Interaction INT-0003 exhibits low signature alignment (20%). No immediate forensic action required.
SIG-0484485B,INT-0004,FUSED-INT-0004,StandardMotorcycleSnatch,0.2,Weak Match,0.1493,1,3,ROUTINE RECORD: Interaction INT-0004 exhibits low signature alignment (20%). No immediate forensic action required.
SIG-11BEE015,INT-0005,FUSED-INT-0005,StandardMotorcycleSnatch,0.2,Weak Match,0.1391,1,3,ROUTINE RECORD: Interaction INT-0005 exhibits low signature alignment (20%). No immediate forensic action required.
SIG-CC355CDE,INT-0006,FUSED-INT-0006,StandardMotorcycleSnatch,0.2,Weak Match,0.1461,1,3,ROUTINE RECORD: Interaction INT-0006 exhibits low signature alignment (20%). No immediate forensic action required.
SIG-9BAFD2B2,INT-0007,FUSED-INT-0007,StandardMotorcycleSnatch,0.2,Weak Match,0.1692,1,3,ROUTINE RECORD: Interaction INT-0007 exhibits low signature alignment (20%). No immediate forensic action required.
SIG-EE9268D6,INT-0008,FUSED-INT-0008,StandardMotorcycleSnatch,0.2,Weak Match,0.1809,1,3,ROUTINE RECORD: Interaction INT-0008 exhibits low signature alignment (20%). No immediate forensic action required.
SIG-7B3969DA,INT-0009,FUSED-INT-0009,StandardMotorcycleSnatch,0.2,Weak Match,0.1457,1,3,ROUTINE RECORD: Interaction INT-0009 exhibits low signature alignment (20%). No immediate forensic action required.
SIG-AA9C2A80,INT-0010,FUSED-INT-0010,StandardMotorcycleSnatch,0.2,Weak Match,0.147,1,3,ROUTINE RECORD: Interaction INT-0010 exhibits low signature alignment (20%). No immediate forensic action required.
SIG-D611BEE0,INT-0011,FUSED-INT-0011,StandardMotorcycleSnatch,0.2,Weak Match,0.148,1,3,ROUTINE RECORD: Interaction INT-0011 exhibits low signature alignment (20%). No immediate forensic action required.
SIG-D08C9A1C,INT-0012,FUSED-INT-0012,StandardMotorcycleSnatch,0.2,Weak Match,0.148,1,3,ROUTINE RECORD: Interaction INT-0012 exhibits low signature alignment (20%). No immediate forensic action required.
SIG-A9794AEF,INT-0013,FUSED-INT-0013,StandardMotorcycleSnatch,0.2,Weak Match,0.148,1,3,ROUTINE RECORD: Interaction INT-0013 exhibits low signature alignment (20%). No immediate forensic action required.
SIG-C0736D6D,INT-0014,FUSED-INT-0014,StandardMotorcycleSnatch,0.2,Weak Match,0.146,1,3,ROUTINE RECORD: Interaction INT-0014 exhibits low signature alignment (20%). No immediate forensic action required.
SIG-EEC1D04F,INT-0015,FUSED-INT-0015,StandardMotorcycleSnatch,0.2,Weak Match,0.146,1,3,ROUTINE RECORD: Interaction INT-0015 exhibits low signature alignment (20%). No immediate forensic action required.
SIG-C32D3DA6,INT-0016,FUSED-INT-0016,StandardMotorcycleSnatch,0.2,Weak Match,0.146,1,3,ROUTINE RECORD: Interaction INT-0016 exhibits low signature alignment (20%). No immediate forensic action required.
SIG-33E224E5,INT-0017,FUSED-INT-0017,StandardMotorcycleSnatch,0.2,Weak Match,0.146,1,3,ROUTINE RECORD: Interaction INT-0017 exhibits low signature alignment (20%). No immediate forensic action required.
SIG-5326F947,INT-0018,FUSED-INT-0018,StandardMotorcycleSnatch,0.2,Weak Match,0.1415,1,3,ROUTINE RECORD: Interaction INT-0018 exhibits low signature alignment (20%). No immediate forensic action required.
SIG-46BC48EB,INT-0019,FUSED-INT-0019,StandardMotorcycleSnatch,0.2,Weak Match,0.1542,1,3,ROUTINE RECORD: Interaction INT-0019 exhibits low signature alignment (20%). No immediate forensic action required.
SIG-25624CD1,INT-0020,FUSED-INT-0020,StandardMotorcycleSnatch,0.4,Weak Match,0.281,2,2,ROUTINE RECORD: Interaction INT-0020 exhibits low signature alignment (40%). No immediate forensic action required.
SIG-54EEE9C1,INT-0021,FUSED-INT-0021,StandardMotorcycleSnatch,0.4,Weak Match,0.2873,2,2,ROUTINE RECORD: Interaction INT-0021 exhibits low signature alignment (40%). No immediate forensic action required.
SIG-61733B25,INT-0001,FUSED-INT-0001,StandardMotorcycleSnatch,0.2,Weak Match,0.1681,1,3,ROUTINE RECORD: Interaction INT-0001 exhibits low signature alignment (20%). No immediate forensic action required.
SIG-0C1DEDD3,INT-0002,FUSED-INT-0002,StandardMotorcycleSnatch,0.8,High Confidence Match,0.6634,3,1,FLAGGED FOR HIGH-PRIORITY FORENSIC REVIEW: Interaction INT-0002 exhibits strong signature alignment (80%). Export forensic video clip for investigation.
SIG-DE7E0DEE,INT-0003,FUSED-INT-0003,StandardMotorcycleSnatch,0.2,Weak Match,0.1538,1,3,ROUTINE RECORD: Interaction INT-0003 exhibits low signature alignment (20%). No immediate forensic action required.
SIG-8F8B01DB,INT-0004,FUSED-INT-0004,StandardMotorcycleSnatch,0.2,Weak Match,0.1493,1,3,ROUTINE RECORD: Interaction INT-0004 exhibits low signature alignment (20%). No immediate forensic action required.
SIG-B9E959D9,INT-0005,FUSED-INT-0005,StandardMotorcycleSnatch,0.2,Weak Match,0.1391,1,3,ROUTINE RECORD: Interaction INT-0005 exhibits low signature alignment (20%). No immediate forensic action required.
SIG-C17D534C,INT-0006,FUSED-INT-0006,StandardMotorcycleSnatch,0.2,Weak Match,0.1461,1,3,ROUTINE RECORD: Interaction INT-0006 exhibits low signature alignment (20%). No immediate forensic action required.
SIG-DAD3D2FD,INT-0007,FUSED-INT-0007,StandardMotorcycleSnatch,0.2,Weak Match,0.1692,1,3,ROUTINE RECORD: Interaction INT-0007 exhibits low signature alignment (20%). No immediate forensic action required.
SIG-41856D11,INT-0008,FUSED-INT-0008,StandardMotorcycleSnatch,0.2,Weak Match,0.1809,1,3,ROUTINE RECORD: Interaction INT-0008 exhibits low signature alignment (20%). No immediate forensic action required.
SIG-F7463C8D,INT-0009,FUSED-INT-0009,StandardMotorcycleSnatch,0.2,Weak Match,0.1457,1,3,ROUTINE RECORD: Interaction INT-0009 exhibits low signature alignment (20%). No immediate forensic action required.
SIG-E39AF38D,INT-0010,FUSED-INT-0010,StandardMotorcycleSnatch,0.2,Weak Match,0.147,1,3,ROUTINE RECORD: Interaction INT-0010 exhibits low signature alignment (20%). No immediate forensic action required.
SIG-38759BE8,INT-0011,FUSED-INT-0011,StandardMotorcycleSnatch,0.2,Weak Match,0.148,1,3,ROUTINE RECORD: Interaction INT-0011 exhibits low signature alignment (20%). No immediate forensic action required.
SIG-A7D20B09,INT-0012,FUSED-INT-0012,StandardMotorcycleSnatch,0.2,Weak Match,0.148,1,3,ROUTINE RECORD: Interaction INT-0012 exhibits low signature alignment (20%). No immediate forensic action required.
SIG-7880E7D5,INT-0013,FUSED-INT-0013,StandardMotorcycleSnatch,0.2,Weak Match,0.148,1,3,ROUTINE RECORD: Interaction INT-0013 exhibits low signature alignment (20%). No immediate forensic action required.
SIG-21DB23EE,INT-0014,FUSED-INT-0014,StandardMotorcycleSnatch,0.2,Weak Match,0.146,1,3,ROUTINE RECORD: Interaction INT-0014 exhibits low signature alignment (20%). No immediate forensic action required.
SIG-5F556892,INT-0015,FUSED-INT-0015,StandardMotorcycleSnatch,0.2,Weak Match,0.146,1,3,ROUTINE RECORD: Interaction INT-0015 exhibits low signature alignment (20%). No immediate forensic action required.
SIG-BDAFB7B8,INT-0016,FUSED-INT-0016,StandardMotorcycleSnatch,0.2,Weak Match,0.146,1,3,ROUTINE RECORD: Interaction INT-0016 exhibits low signature alignment (20%). No immediate forensic action required.
SIG-BDD54062,INT-0017,FUSED-INT-0017,StandardMotorcycleSnatch,0.2,Weak Match,0.146,1,3,ROUTINE RECORD: Interaction INT-0017 exhibits low signature alignment (20%). No immediate forensic action required.
SIG-1FA1A7C7,INT-0018,FUSED-INT-0018,StandardMotorcycleSnatch,0.2,Weak Match,0.1415,1,3,ROUTINE RECORD: Interaction INT-0018 exhibits low signature alignment (20%). No immediate forensic action required.
SIG-16DE474F,INT-0019,FUSED-INT-0019,StandardMotorcycleSnatch,0.2,Weak Match,0.1542,1,3,ROUTINE RECORD: Interaction INT-0019 exhibits low signature alignment (20%). No immediate forensic action required.
SIG-4CE2BD8F,INT-0020,FUSED-INT-0020,StandardMotorcycleSnatch,0.4,Weak Match,0.281,2,2,ROUTINE RECORD: Interaction INT-0020 exhibits low signature alignment (40%). No immediate forensic action required.
SIG-EBB5FA9A,INT-0021,FUSED-INT-0021,StandardMotorcycleSnatch,0.4,Weak Match,0.2873,2,2,ROUTINE RECORD: Interaction INT-0021 exhibits low signature alignment (40%). No immediate forensic action required.
SIG-B4225331,INT-0001,FUSED-INT-0001,StandardMotorcycleSnatch,0.4,Weak Match,0.3361,2,2,ROUTINE RECORD: Interaction INT-0001 exhibits low signature alignment (40%). No immediate forensic action required.
SIG-BD2081C5,INT-0002,FUSED-INT-0002,StandardMotorcycleSnatch,1.0,High Confidence Match,0.8293,4,0,FLAGGED FOR HIGH-PRIORITY FORENSIC REVIEW: Interaction INT-0002 exhibits strong signature alignment (100%). Export forensic video clip for investigation.
SIG-B9DB97E9,INT-0003,FUSED-INT-0003,StandardMotorcycleSnatch,0.2,Weak Match,0.1538,1,3,ROUTINE RECORD: Interaction INT-0003 exhibits low signature alignment (20%). No immediate forensic action required.
SIG-C3D76D8F,INT-0004,FUSED-INT-0004,StandardMotorcycleSnatch,0.2,Weak Match,0.1493,1,3,ROUTINE RECORD: Interaction INT-0004 exhibits low signature alignment (20%). No immediate forensic action required.
SIG-133E5954,INT-0005,FUSED-INT-0005,StandardMotorcycleSnatch,0.4,Weak Match,0.2782,2,2,ROUTINE RECORD: Interaction INT-0005 exhibits low signature alignment (40%). No immediate forensic action required.
SIG-03AEDE0E,INT-0006,FUSED-INT-0006,StandardMotorcycleSnatch,0.4,Weak Match,0.2922,2,2,ROUTINE RECORD: Interaction INT-0006 exhibits low signature alignment (40%). No immediate forensic action required.
SIG-0D28970F,INT-0007,FUSED-INT-0007,StandardMotorcycleSnatch,0.4,Weak Match,0.3384,2,2,ROUTINE RECORD: Interaction INT-0007 exhibits low signature alignment (40%). No immediate forensic action required.
SIG-055E48BB,INT-0008,FUSED-INT-0008,StandardMotorcycleSnatch,0.4,Weak Match,0.3618,2,2,ROUTINE RECORD: Interaction INT-0008 exhibits low signature alignment (40%). No immediate forensic action required.
SIG-AAC01888,INT-0009,FUSED-INT-0009,StandardMotorcycleSnatch,0.4,Weak Match,0.2915,2,2,ROUTINE RECORD: Interaction INT-0009 exhibits low signature alignment (40%). No immediate forensic action required.
SIG-0173C44A,INT-0010,FUSED-INT-0010,StandardMotorcycleSnatch,0.4,Weak Match,0.2939,2,2,ROUTINE RECORD: Interaction INT-0010 exhibits low signature alignment (40%). No immediate forensic action required.
SIG-C1F230E1,INT-0011,FUSED-INT-0011,StandardMotorcycleSnatch,0.4,Weak Match,0.296,2,2,ROUTINE RECORD: Interaction INT-0011 exhibits low signature alignment (40%). No immediate forensic action required.
SIG-858516CC,INT-0012,FUSED-INT-0012,StandardMotorcycleSnatch,0.4,Weak Match,0.296,2,2,ROUTINE RECORD: Interaction INT-0012 exhibits low signature alignment (40%). No immediate forensic action required.
SIG-92E3B2A2,INT-0013,FUSED-INT-0013,StandardMotorcycleSnatch,0.4,Weak Match,0.296,2,2,ROUTINE RECORD: Interaction INT-0013 exhibits low signature alignment (40%). No immediate forensic action required.
SIG-2A623BD8,INT-0014,FUSED-INT-0014,StandardMotorcycleSnatch,0.4,Weak Match,0.292,2,2,ROUTINE RECORD: Interaction INT-0014 exhibits low signature alignment (40%). No immediate forensic action required.
SIG-B1C822E7,INT-0015,FUSED-INT-0015,StandardMotorcycleSnatch,0.4,Weak Match,0.292,2,2,ROUTINE RECORD: Interaction INT-0015 exhibits low signature alignment (40%). No immediate forensic action required.
SIG-36B5FFA1,INT-0016,FUSED-INT-0016,StandardMotorcycleSnatch,0.4,Weak Match,0.292,2,2,ROUTINE RECORD: Interaction INT-0016 exhibits low signature alignment (40%). No immediate forensic action required.
SIG-E5DC1033,INT-0017,FUSED-INT-0017,StandardMotorcycleSnatch,0.4,Weak Match,0.292,2,2,ROUTINE RECORD: Interaction INT-0017 exhibits low signature alignment (40%). No immediate forensic action required.
SIG-C49C5082,INT-0018,FUSED-INT-0018,StandardMotorcycleSnatch,0.2,Weak Match,0.1415,1,3,ROUTINE RECORD: Interaction INT-0018 exhibits low signature alignment (20%). No immediate forensic action required.
SIG-FC18B4CF,INT-0019,FUSED-INT-0019,StandardMotorcycleSnatch,0.2,Weak Match,0.1542,1,3,ROUTINE RECORD: Interaction INT-0019 exhibits low signature alignment (20%). No immediate forensic action required.
SIG-D71280BD,INT-0020,FUSED-INT-0020,StandardMotorcycleSnatch,0.2,Weak Match,0.1405,1,3,ROUTINE RECORD: Interaction INT-0020 exhibits low signature alignment (20%). No immediate forensic action required.
SIG-BF836D0C,INT-0021,FUSED-INT-0021,StandardMotorcycleSnatch,0.2,Weak Match,0.1436,1,3,ROUTINE RECORD: Interaction INT-0021 exhibits low signature alignment (20%). No immediate forensic action required.
SIG-A2A2E878,INT-0022,FUSED-INT-0022,StandardMotorcycleSnatch,0.2,Weak Match,0.1254,1,3,ROUTINE RECORD: Interaction INT-0022 exhibits low signature alignment (20%). No immediate forensic action required.
SIG-DE9D8B33,INT-0023,FUSED-INT-0023,StandardMotorcycleSnatch,0.4,Weak Match,0.2864,2,2,ROUTINE RECORD: Interaction INT-0023 exhibits low signature alignment (40%). No immediate forensic action required.
SIG-138FC618,INT-0024,FUSED-INT-0024,StandardMotorcycleSnatch,0.4,Weak Match,0.2832,2,2,ROUTINE RECORD: Interaction INT-0024 exhibits low signature alignment (40%). No immediate forensic action required.
SIG-92CF744D,INT-0025,FUSED-INT-0025,StandardMotorcycleSnatch,0.2,Weak Match,0.1242,1,3,ROUTINE RECORD: Interaction INT-0025 exhibits low signature alignment (20%). No immediate forensic action required.
SIG-639A0B6E,INT-0026,FUSED-INT-0026,StandardMotorcycleSnatch,0.4,Weak Match,0.2983,2,2,ROUTINE RECORD: Interaction INT-0026 exhibits low signature alignment (40%). No immediate forensic action required.
SIG-0DCB9C5E,INT-0001,FUSED-INT-0001,StandardMotorcycleSnatch,0.2,Weak Match,0.1681,1,3,ROUTINE RECORD: Interaction INT-0001 exhibits low signature alignment (20%). No immediate forensic action required.
SIG-99E464C2,INT-0002,FUSED-INT-0002,StandardMotorcycleSnatch,0.8,High Confidence Match,0.6634,3,1,FLAGGED FOR HIGH-PRIORITY FORENSIC REVIEW: Interaction INT-0002 exhibits strong signature alignment (80%). Export forensic video clip for investigation.
SIG-DFC54B85,INT-0003,FUSED-INT-0003,StandardMotorcycleSnatch,0.2,Weak Match,0.1538,1,3,ROUTINE RECORD: Interaction INT-0003 exhibits low signature alignment (20%). No immediate forensic action required.
SIG-401F2E47,INT-0004,FUSED-INT-0004,StandardMotorcycleSnatch,0.2,Weak Match,0.1492,1,3,ROUTINE RECORD: Interaction INT-0004 exhibits low signature alignment (20%). No immediate forensic action required.
SIG-2B57A187,INT-0005,FUSED-INT-0005,StandardMotorcycleSnatch,0.2,Weak Match,0.1391,1,3,ROUTINE RECORD: Interaction INT-0005 exhibits low signature alignment (20%). No immediate forensic action required.
SIG-CF1F4D18,INT-0006,FUSED-INT-0006,StandardMotorcycleSnatch,0.2,Weak Match,0.1461,1,3,ROUTINE RECORD: Interaction INT-0006 exhibits low signature alignment (20%). No immediate forensic action required.
SIG-72BE244A,INT-0007,FUSED-INT-0007,StandardMotorcycleSnatch,0.2,Weak Match,0.1692,1,3,ROUTINE RECORD: Interaction INT-0007 exhibits low signature alignment (20%). No immediate forensic action required.
SIG-935C04D8,INT-0008,FUSED-INT-0008,StandardMotorcycleSnatch,0.2,Weak Match,0.1809,1,3,ROUTINE RECORD: Interaction INT-0008 exhibits low signature alignment (20%). No immediate forensic action required.
SIG-1973F730,INT-0009,FUSED-INT-0009,StandardMotorcycleSnatch,0.2,Weak Match,0.1457,1,3,ROUTINE RECORD: Interaction INT-0009 exhibits low signature alignment (20%). No immediate forensic action required.
SIG-73BB49A8,INT-0010,FUSED-INT-0010,StandardMotorcycleSnatch,0.2,Weak Match,0.147,1,3,ROUTINE RECORD: Interaction INT-0010 exhibits low signature alignment (20%). No immediate forensic action required.
SIG-C5E3B7D1,INT-0011,FUSED-INT-0011,StandardMotorcycleSnatch,0.2,Weak Match,0.148,1,3,ROUTINE RECORD: Interaction INT-0011 exhibits low signature alignment (20%). No immediate forensic action required.
SIG-37657801,INT-0012,FUSED-INT-0012,StandardMotorcycleSnatch,0.2,Weak Match,0.148,1,3,ROUTINE RECORD: Interaction INT-0012 exhibits low signature alignment (20%). No immediate forensic action required.
SIG-4DC3D3D7,INT-0013,FUSED-INT-0013,StandardMotorcycleSnatch,0.2,Weak Match,0.148,1,3,ROUTINE RECORD: Interaction INT-0013 exhibits low signature alignment (20%). No immediate forensic action required.
SIG-D6AFAA4D,INT-0014,FUSED-INT-0014,StandardMotorcycleSnatch,0.2,Weak Match,0.146,1,3,ROUTINE RECORD: Interaction INT-0014 exhibits low signature alignment (20%). No immediate forensic action required.
SIG-5ACBA802,INT-0015,FUSED-INT-0015,StandardMotorcycleSnatch,0.2,Weak Match,0.146,1,3,ROUTINE RECORD: Interaction INT-0015 exhibits low signature alignment (20%). No immediate forensic action required.
SIG-8FD26578,INT-0016,FUSED-INT-0016,StandardMotorcycleSnatch,0.2,Weak Match,0.146,1,3,ROUTINE RECORD: Interaction INT-0016 exhibits low signature alignment (20%). No immediate forensic action required.
SIG-60C2684B,INT-0017,FUSED-INT-0017,StandardMotorcycleSnatch,0.2,Weak Match,0.146,1,3,ROUTINE RECORD: Interaction INT-0017 exhibits low signature alignment (20%). No immediate forensic action required.
SIG-4C1DBF66,INT-0018,FUSED-INT-0018,StandardMotorcycleSnatch,0.2,Weak Match,0.1415,1,3,ROUTINE RECORD: Interaction INT-0018 exhibits low signature alignment (20%). No immediate forensic action required.
SIG-A19E8B36,INT-0019,FUSED-INT-0019,StandardMotorcycleSnatch,0.2,Weak Match,0.1542,1,3,ROUTINE RECORD: Interaction INT-0019 exhibits low signature alignment (20%). No immediate forensic action required.
SIG-FDA04C12,INT-0020,FUSED-INT-0020,StandardMotorcycleSnatch,0.4,Weak Match,0.281,2,2,ROUTINE RECORD: Interaction INT-0020 exhibits low signature alignment (40%). No immediate forensic action required.
SIG-9B02793E,INT-0021,FUSED-INT-0021,StandardMotorcycleSnatch,0.4,Weak Match,0.2873,2,2,ROUTINE RECORD: Interaction INT-0021 exhibits low signature alignment (40%). No immediate forensic action required.
SIG-A80D8DCD,INT-0022,FUSED-INT-0022,StandardMotorcycleSnatch,0.0,No Match,0.0,0,4,ROUTINE RECORD: Interaction INT-0022 exhibits low signature alignment (0%). No immediate forensic action required.
SIG-A34966B4,INT-0023,FUSED-INT-0023,StandardMotorcycleSnatch,0.2,Weak Match,0.1432,1,3,ROUTINE RECORD: Interaction INT-0023 exhibits low signature alignment (20%). No immediate forensic action required.
SIG-2007446E,INT-0024,FUSED-INT-0024,StandardMotorcycleSnatch,0.2,Weak Match,0.1416,1,3,ROUTINE RECORD: Interaction INT-0024 exhibits low signature alignment (20%). No immediate forensic action required.
SIG-24F18222,INT-0025,FUSED-INT-0025,StandardMotorcycleSnatch,0.0,No Match,0.0,0,4,ROUTINE RECORD: Interaction INT-0025 exhibits low signature alignment (0%). No immediate forensic action required.
SIG-B8B289E5,INT-0026,FUSED-INT-0026,StandardMotorcycleSnatch,0.2,Weak Match,0.1492,1,3,ROUTINE RECORD: Interaction INT-0026 exhibits low signature alignment (20%). No immediate forensic action required.
SIG-2A1D9B19,INT-0001,FUSED-INT-0001,StandardMotorcycleSnatch,0.2,Weak Match,0.1681,1,3,ROUTINE RECORD: Interaction INT-0001 exhibits low signature alignment (20%). No immediate forensic action required.
SIG-DE5EB611,INT-0002,FUSED-INT-0002,StandardMotorcycleSnatch,0.8,High Confidence Match,0.6634,3,1,FLAGGED FOR HIGH-PRIORITY FORENSIC REVIEW: Interaction INT-0002 exhibits strong signature alignment (80%). Export forensic video clip for investigation.
SIG-7EFDF541,INT-0003,FUSED-INT-0003,StandardMotorcycleSnatch,0.2,Weak Match,0.1538,1,3,ROUTINE RECORD: Interaction INT-0003 exhibits low signature alignment (20%). No immediate forensic action required.
SIG-117305DF,INT-0004,FUSED-INT-0004,StandardMotorcycleSnatch,0.2,Weak Match,0.1492,1,3,ROUTINE RECORD: Interaction INT-0004 exhibits low signature alignment (20%). No immediate forensic action required.
SIG-BD083133,INT-0005,FUSED-INT-0005,StandardMotorcycleSnatch,0.2,Weak Match,0.1391,1,3,ROUTINE RECORD: Interaction INT-0005 exhibits low signature alignment (20%). No immediate forensic action required.
SIG-109084E5,INT-0006,FUSED-INT-0006,StandardMotorcycleSnatch,0.2,Weak Match,0.1461,1,3,ROUTINE RECORD: Interaction INT-0006 exhibits low signature alignment (20%). No immediate forensic action required.
SIG-6659B666,INT-0007,FUSED-INT-0007,StandardMotorcycleSnatch,0.2,Weak Match,0.1692,1,3,ROUTINE RECORD: Interaction INT-0007 exhibits low signature alignment (20%). No immediate forensic action required.
SIG-7D550968,INT-0008,FUSED-INT-0008,StandardMotorcycleSnatch,0.2,Weak Match,0.1809,1,3,ROUTINE RECORD: Interaction INT-0008 exhibits low signature alignment (20%). No immediate forensic action required.
SIG-25903011,INT-0009,FUSED-INT-0009,StandardMotorcycleSnatch,0.2,Weak Match,0.1457,1,3,ROUTINE RECORD: Interaction INT-0009 exhibits low signature alignment (20%). No immediate forensic action required.
SIG-98FDB94B,INT-0010,FUSED-INT-0010,StandardMotorcycleSnatch,0.2,Weak Match,0.147,1,3,ROUTINE RECORD: Interaction INT-0010 exhibits low signature alignment (20%). No immediate forensic action required.
SIG-EC7AB09B,INT-0011,FUSED-INT-0011,StandardMotorcycleSnatch,0.2,Weak Match,0.148,1,3,ROUTINE RECORD: Interaction INT-0011 exhibits low signature alignment (20%). No immediate forensic action required.
SIG-820AF682,INT-0012,FUSED-INT-0012,StandardMotorcycleSnatch,0.2,Weak Match,0.148,1,3,ROUTINE RECORD: Interaction INT-0012 exhibits low signature alignment (20%). No immediate forensic action required.
SIG-82624DE4,INT-0013,FUSED-INT-0013,StandardMotorcycleSnatch,0.2,Weak Match,0.148,1,3,ROUTINE RECORD: Interaction INT-0013 exhibits low signature alignment (20%). No immediate forensic action required.
SIG-E24A351F,INT-0014,FUSED-INT-0014,StandardMotorcycleSnatch,0.2,Weak Match,0.146,1,3,ROUTINE RECORD: Interaction INT-0014 exhibits low signature alignment (20%). No immediate forensic action required.
SIG-AF92756D,INT-0015,FUSED-INT-0015,StandardMotorcycleSnatch,0.2,Weak Match,0.146,1,3,ROUTINE RECORD: Interaction INT-0015 exhibits low signature alignment (20%). No immediate forensic action required.
SIG-81F3F6BD,INT-0016,FUSED-INT-0016,StandardMotorcycleSnatch,0.2,Weak Match,0.146,1,3,ROUTINE RECORD: Interaction INT-0016 exhibits low signature alignment (20%). No immediate forensic action required.
SIG-B15DC676,INT-0017,FUSED-INT-0017,StandardMotorcycleSnatch,0.2,Weak Match,0.146,1,3,ROUTINE RECORD: Interaction INT-0017 exhibits low signature alignment (20%). No immediate forensic action required.
SIG-B0B45FF9,INT-0018,FUSED-INT-0018,StandardMotorcycleSnatch,0.2,Weak Match,0.1415,1,3,ROUTINE RECORD: Interaction INT-0018 exhibits low signature alignment (20%). No immediate forensic action required.
SIG-34A31D3F,INT-0019,FUSED-INT-0019,StandardMotorcycleSnatch,0.2,Weak Match,0.1542,1,3,ROUTINE RECORD: Interaction INT-0019 exhibits low signature alignment (20%). No immediate forensic action required.
SIG-43FF9EE6,INT-0020,FUSED-INT-0020,StandardMotorcycleSnatch,0.4,Weak Match,0.281,2,2,ROUTINE RECORD: Interaction INT-0020 exhibits low signature alignment (40%). No immediate forensic action required.
SIG-0E4E7441,INT-0021,FUSED-INT-0021,StandardMotorcycleSnatch,0.4,Weak Match,0.2873,2,2,ROUTINE RECORD: Interaction INT-0021 exhibits low signature alignment (40%). No immediate forensic action required.
SIG-5B12FED2,INT-0022,FUSED-INT-0022,StandardMotorcycleSnatch,0.0,No Match,0.0,0,4,ROUTINE RECORD: Interaction INT-0022 exhibits low signature alignment (0%). No immediate forensic action required.
SIG-0D7CDA7F,INT-0023,FUSED-INT-0023,StandardMotorcycleSnatch,0.2,Weak Match,0.1432,1,3,ROUTINE RECORD: Interaction INT-0023 exhibits low signature alignment (20%). No immediate forensic action required.
SIG-16D8E9AC,INT-0024,FUSED-INT-0024,StandardMotorcycleSnatch,0.2,Weak Match,0.1416,1,3,ROUTINE RECORD: Interaction INT-0024 exhibits low signature alignment (20%). No immediate forensic action required.
SIG-2FD7300E,INT-0025,FUSED-INT-0025,StandardMotorcycleSnatch,0.0,No Match,0.0,0,4,ROUTINE RECORD: Interaction INT-0025 exhibits low signature alignment (0%). No immediate forensic action required.
SIG-7DFD801D,INT-0026,FUSED-INT-0026,StandardMotorcycleSnatch,0.2,Weak Match,0.1492,1,3,ROUTINE RECORD: Interaction INT-0026 exhibits low signature alignment (20%). No immediate forensic action required.
SIG-F9C07E55,INT-0001,FUSED-INT-0001,StandardMotorcycleSnatch,0.2,Weak Match,0.1681,1,3,ROUTINE RECORD: Interaction INT-0001 exhibits low signature alignment (20%). No immediate forensic action required.
SIG-ACDA8378,INT-0002,FUSED-INT-0002,StandardMotorcycleSnatch,0.8,High Confidence Match,0.6634,3,1,FLAGGED FOR HIGH-PRIORITY FORENSIC REVIEW: Interaction INT-0002 exhibits strong signature alignment (80%). Export forensic video clip for investigation.
SIG-2815300E,INT-0003,FUSED-INT-0003,StandardMotorcycleSnatch,0.2,Weak Match,0.1538,1,3,ROUTINE RECORD: Interaction INT-0003 exhibits low signature alignment (20%). No immediate forensic action required.
SIG-1AB0E87D,INT-0004,FUSED-INT-0004,StandardMotorcycleSnatch,0.2,Weak Match,0.1492,1,3,ROUTINE RECORD: Interaction INT-0004 exhibits low signature alignment (20%). No immediate forensic action required.
SIG-14300E2F,INT-0005,FUSED-INT-0005,StandardMotorcycleSnatch,0.2,Weak Match,0.1391,1,3,ROUTINE RECORD: Interaction INT-0005 exhibits low signature alignment (20%). No immediate forensic action required.
SIG-CCBD7032,INT-0006,FUSED-INT-0006,StandardMotorcycleSnatch,0.2,Weak Match,0.1461,1,3,ROUTINE RECORD: Interaction INT-0006 exhibits low signature alignment (20%). No immediate forensic action required.
SIG-193C82BD,INT-0007,FUSED-INT-0007,StandardMotorcycleSnatch,0.2,Weak Match,0.1692,1,3,ROUTINE RECORD: Interaction INT-0007 exhibits low signature alignment (20%). No immediate forensic action required.
SIG-AE321339,INT-0008,FUSED-INT-0008,StandardMotorcycleSnatch,0.2,Weak Match,0.1809,1,3,ROUTINE RECORD: Interaction INT-0008 exhibits low signature alignment (20%). No immediate forensic action required.
SIG-421B9CC4,INT-0009,FUSED-INT-0009,StandardMotorcycleSnatch,0.2,Weak Match,0.1457,1,3,ROUTINE RECORD: Interaction INT-0009 exhibits low signature alignment (20%). No immediate forensic action required.
SIG-ACC64CB9,INT-0010,FUSED-INT-0010,StandardMotorcycleSnatch,0.2,Weak Match,0.147,1,3,ROUTINE RECORD: Interaction INT-0010 exhibits low signature alignment (20%). No immediate forensic action required.
SIG-3EB8A916,INT-0011,FUSED-INT-0011,StandardMotorcycleSnatch,0.2,Weak Match,0.148,1,3,ROUTINE RECORD: Interaction INT-0011 exhibits low signature alignment (20%). No immediate forensic action required.
SIG-7C3D240E,INT-0012,FUSED-INT-0012,StandardMotorcycleSnatch,0.2,Weak Match,0.148,1,3,ROUTINE RECORD: Interaction INT-0012 exhibits low signature alignment (20%). No immediate forensic action required.
SIG-17F82DF1,INT-0013,FUSED-INT-0013,StandardMotorcycleSnatch,0.2,Weak Match,0.148,1,3,ROUTINE RECORD: Interaction INT-0013 exhibits low signature alignment (20%). No immediate forensic action required.
SIG-DADB6675,INT-0014,FUSED-INT-0014,StandardMotorcycleSnatch,0.2,Weak Match,0.146,1,3,ROUTINE RECORD: Interaction INT-0014 exhibits low signature alignment (20%). No immediate forensic action required.
SIG-36DDDD4B,INT-0015,FUSED-INT-0015,StandardMotorcycleSnatch,0.2,Weak Match,0.146,1,3,ROUTINE RECORD: Interaction INT-0015 exhibits low signature alignment (20%). No immediate forensic action required.
SIG-497F7CF6,INT-0016,FUSED-INT-0016,StandardMotorcycleSnatch,0.2,Weak Match,0.146,1,3,ROUTINE RECORD: Interaction INT-0016 exhibits low signature alignment (20%). No immediate forensic action required.
SIG-0B45C040,INT-0017,FUSED-INT-0017,StandardMotorcycleSnatch,0.2,Weak Match,0.146,1,3,ROUTINE RECORD: Interaction INT-0017 exhibits low signature alignment (20%). No immediate forensic action required.
SIG-80AFC855,INT-0018,FUSED-INT-0018,StandardMotorcycleSnatch,0.2,Weak Match,0.1415,1,3,ROUTINE RECORD: Interaction INT-0018 exhibits low signature alignment (20%). No immediate forensic action required.
SIG-28BB39C4,INT-0019,FUSED-INT-0019,StandardMotorcycleSnatch,0.2,Weak Match,0.1542,1,3,ROUTINE RECORD: Interaction INT-0019 exhibits low signature alignment (20%). No immediate forensic action required.
SIG-16042078,INT-0020,FUSED-INT-0020,StandardMotorcycleSnatch,0.4,Weak Match,0.281,2,2,ROUTINE RECORD: Interaction INT-0020 exhibits low signature alignment (40%). No immediate forensic action required.
SIG-8C4D98F8,INT-0021,FUSED-INT-0021,StandardMotorcycleSnatch,0.4,Weak Match,0.2873,2,2,ROUTINE RECORD: Interaction INT-0021 exhibits low signature alignment (40%). No immediate forensic action required.
SIG-2D2B95ED,INT-0022,FUSED-INT-0022,StandardMotorcycleSnatch,0.0,No Match,0.0,0,4,ROUTINE RECORD: Interaction INT-0022 exhibits low signature alignment (0%). No immediate forensic action required.
SIG-A76ED201,INT-0023,FUSED-INT-0023,StandardMotorcycleSnatch,0.2,Weak Match,0.1432,1,3,ROUTINE RECORD: Interaction INT-0023 exhibits low signature alignment (20%). No immediate forensic action required.
SIG-597F21E9,INT-0024,FUSED-INT-0024,StandardMotorcycleSnatch,0.2,Weak Match,0.1416,1,3,ROUTINE RECORD: Interaction INT-0024 exhibits low signature alignment (20%). No immediate forensic action required.
SIG-E70C175E,INT-0025,FUSED-INT-0025,StandardMotorcycleSnatch,0.0,No Match,0.0,0,4,ROUTINE RECORD: Interaction INT-0025 exhibits low signature alignment (0%). No immediate forensic action required.
SIG-9822B968,INT-0026,FUSED-INT-0026,StandardMotorcycleSnatch,0.2,Weak Match,0.1492,1,3,ROUTINE RECORD: Interaction INT-0026 exhibits low signature alignment (20%). No immediate forensic action required.
SIG-11325CAB,INT-0001,FUSED-INT-0001,StandardMotorcycleSnatch,0.2,Weak Match,0.1681,1,3,ROUTINE RECORD: Interaction INT-0001 exhibits low signature alignment (20%). No immediate forensic action required.
SIG-191FD8B0,INT-0002,FUSED-INT-0002,StandardMotorcycleSnatch,0.8,High Confidence Match,0.6634,3,1,FLAGGED FOR HIGH-PRIORITY FORENSIC REVIEW: Interaction INT-0002 exhibits strong signature alignment (80%). Export forensic video clip for investigation.
SIG-93956560,INT-0003,FUSED-INT-0003,StandardMotorcycleSnatch,0.2,Weak Match,0.1538,1,3,ROUTINE RECORD: Interaction INT-0003 exhibits low signature alignment (20%). No immediate forensic action required.
SIG-9AAED69D,INT-0004,FUSED-INT-0004,StandardMotorcycleSnatch,0.2,Weak Match,0.1491,1,3,ROUTINE RECORD: Interaction INT-0004 exhibits low signature alignment (20%). No immediate forensic action required.
SIG-0DF1A51E,INT-0005,FUSED-INT-0005,StandardMotorcycleSnatch,0.2,Weak Match,0.1391,1,3,ROUTINE RECORD: Interaction INT-0005 exhibits low signature alignment (20%). No immediate forensic action required.
SIG-07177098,INT-0006,FUSED-INT-0006,StandardMotorcycleSnatch,0.2,Weak Match,0.1461,1,3,ROUTINE RECORD: Interaction INT-0006 exhibits low signature alignment (20%). No immediate forensic action required.
SIG-E22144EA,INT-0007,FUSED-INT-0007,StandardMotorcycleSnatch,0.2,Weak Match,0.1692,1,3,ROUTINE RECORD: Interaction INT-0007 exhibits low signature alignment (20%). No immediate forensic action required.
SIG-52C3C8EB,INT-0008,FUSED-INT-0008,StandardMotorcycleSnatch,0.2,Weak Match,0.1809,1,3,ROUTINE RECORD: Interaction INT-0008 exhibits low signature alignment (20%). No immediate forensic action required.
SIG-7160D909,INT-0009,FUSED-INT-0009,StandardMotorcycleSnatch,0.2,Weak Match,0.1457,1,3,ROUTINE RECORD: Interaction INT-0009 exhibits low signature alignment (20%). No immediate forensic action required.
SIG-63A7C0E3,INT-0010,FUSED-INT-0010,StandardMotorcycleSnatch,0.2,Weak Match,0.147,1,3,ROUTINE RECORD: Interaction INT-0010 exhibits low signature alignment (20%). No immediate forensic action required.
SIG-4663A0C0,INT-0011,FUSED-INT-0011,StandardMotorcycleSnatch,0.2,Weak Match,0.148,1,3,ROUTINE RECORD: Interaction INT-0011 exhibits low signature alignment (20%). No immediate forensic action required.
SIG-1C074FBE,INT-0012,FUSED-INT-0012,StandardMotorcycleSnatch,0.2,Weak Match,0.148,1,3,ROUTINE RECORD: Interaction INT-0012 exhibits low signature alignment (20%). No immediate forensic action required.
SIG-156CE710,INT-0013,FUSED-INT-0013,StandardMotorcycleSnatch,0.2,Weak Match,0.148,1,3,ROUTINE RECORD: Interaction INT-0013 exhibits low signature alignment (20%). No immediate forensic action required.
SIG-2D6D9A4C,INT-0014,FUSED-INT-0014,StandardMotorcycleSnatch,0.2,Weak Match,0.146,1,3,ROUTINE RECORD: Interaction INT-0014 exhibits low signature alignment (20%). No immediate forensic action required.
SIG-4520D48A,INT-0015,FUSED-INT-0015,StandardMotorcycleSnatch,0.2,Weak Match,0.146,1,3,ROUTINE RECORD: Interaction INT-0015 exhibits low signature alignment (20%). No immediate forensic action required.
SIG-3EF3CF06,INT-0016,FUSED-INT-0016,StandardMotorcycleSnatch,0.2,Weak Match,0.146,1,3,ROUTINE RECORD: Interaction INT-0016 exhibits low signature alignment (20%). No immediate forensic action required.
SIG-B3D7BB99,INT-0017,FUSED-INT-0017,StandardMotorcycleSnatch,0.2,Weak Match,0.146,1,3,ROUTINE RECORD: Interaction INT-0017 exhibits low signature alignment (20%). No immediate forensic action required.
SIG-2F669498,INT-0018,FUSED-INT-0018,StandardMotorcycleSnatch,0.2,Weak Match,0.1415,1,3,ROUTINE RECORD: Interaction INT-0018 exhibits low signature alignment (20%). No immediate forensic action required.
SIG-738AE9A8,INT-0019,FUSED-INT-0019,StandardMotorcycleSnatch,0.2,Weak Match,0.1542,1,3,ROUTINE RECORD: Interaction INT-0019 exhibits low signature alignment (20%). No immediate forensic action required.
SIG-DAF6D5F9,INT-0020,FUSED-INT-0020,StandardMotorcycleSnatch,0.4,Weak Match,0.281,2,2,ROUTINE RECORD: Interaction INT-0020 exhibits low signature alignment (40%). No immediate forensic action required.
SIG-64CE0BBC,INT-0021,FUSED-INT-0021,StandardMotorcycleSnatch,0.4,Weak Match,0.2873,2,2,ROUTINE RECORD: Interaction INT-0021 exhibits low signature alignment (40%). No immediate forensic action required.
SIG-03E7B863,INT-0022,FUSED-INT-0022,StandardMotorcycleSnatch,0.0,No Match,0.0,0,4,ROUTINE RECORD: Interaction INT-0022 exhibits low signature alignment (0%). No immediate forensic action required.
SIG-D0D1FD74,INT-0023,FUSED-INT-0023,StandardMotorcycleSnatch,0.2,Weak Match,0.1432,1,3,ROUTINE RECORD: Interaction INT-0023 exhibits low signature alignment (20%). No immediate forensic action required.
SIG-CBF3BDAA,INT-0024,FUSED-INT-0024,StandardMotorcycleSnatch,0.2,Weak Match,0.1416,1,3,ROUTINE RECORD: Interaction INT-0024 exhibits low signature alignment (20%). No immediate forensic action required.
SIG-B375FFEF,INT-0025,FUSED-INT-0025,StandardMotorcycleSnatch,0.0,No Match,0.0,0,4,ROUTINE RECORD: Interaction INT-0025 exhibits low signature alignment (0%). No immediate forensic action required.
SIG-C6E45FE4,INT-0026,FUSED-INT-0026,StandardMotorcycleSnatch,0.2,Weak Match,0.1492,1,3,ROUTINE RECORD: Interaction INT-0026 exhibits low signature alignment (20%). No immediate forensic action required.
SIG-2F3EE14E,INT-0001,FUSED-INT-0001,StandardMotorcycleSnatch,0.2,Weak Match,0.1681,1,3,ROUTINE RECORD: Interaction INT-0001 exhibits low signature alignment (20%). No immediate forensic action required.
SIG-A8AC4B1F,INT-0002,FUSED-INT-0002,StandardMotorcycleSnatch,0.8,High Confidence Match,0.6634,3,1,FLAGGED FOR HIGH-PRIORITY FORENSIC REVIEW: Interaction INT-0002 exhibits strong signature alignment (80%). Export forensic video clip for investigation.
SIG-8FBF8EDC,INT-0003,FUSED-INT-0003,StandardMotorcycleSnatch,0.2,Weak Match,0.1538,1,3,ROUTINE RECORD: Interaction INT-0003 exhibits low signature alignment (20%). No immediate forensic action required.
SIG-191D70E6,INT-0004,FUSED-INT-0004,StandardMotorcycleSnatch,0.2,Weak Match,0.1491,1,3,ROUTINE RECORD: Interaction INT-0004 exhibits low signature alignment (20%). No immediate forensic action required.
SIG-37EC6FDB,INT-0005,FUSED-INT-0005,StandardMotorcycleSnatch,0.2,Weak Match,0.1391,1,3,ROUTINE RECORD: Interaction INT-0005 exhibits low signature alignment (20%). No immediate forensic action required.
SIG-6F09BB53,INT-0006,FUSED-INT-0006,StandardMotorcycleSnatch,0.2,Weak Match,0.1461,1,3,ROUTINE RECORD: Interaction INT-0006 exhibits low signature alignment (20%). No immediate forensic action required.
SIG-470B2175,INT-0007,FUSED-INT-0007,StandardMotorcycleSnatch,0.2,Weak Match,0.1692,1,3,ROUTINE RECORD: Interaction INT-0007 exhibits low signature alignment (20%). No immediate forensic action required.
SIG-96816A9E,INT-0008,FUSED-INT-0008,StandardMotorcycleSnatch,0.2,Weak Match,0.1809,1,3,ROUTINE RECORD: Interaction INT-0008 exhibits low signature alignment (20%). No immediate forensic action required.
SIG-99FEF569,INT-0009,FUSED-INT-0009,StandardMotorcycleSnatch,0.2,Weak Match,0.1457,1,3,ROUTINE RECORD: Interaction INT-0009 exhibits low signature alignment (20%). No immediate forensic action required.
SIG-B825195D,INT-0010,FUSED-INT-0010,StandardMotorcycleSnatch,0.2,Weak Match,0.147,1,3,ROUTINE RECORD: Interaction INT-0010 exhibits low signature alignment (20%). No immediate forensic action required.
SIG-A73B4E56,INT-0011,FUSED-INT-0011,StandardMotorcycleSnatch,0.2,Weak Match,0.148,1,3,ROUTINE RECORD: Interaction INT-0011 exhibits low signature alignment (20%). No immediate forensic action required.
SIG-57ED4750,INT-0012,FUSED-INT-0012,StandardMotorcycleSnatch,0.2,Weak Match,0.148,1,3,ROUTINE RECORD: Interaction INT-0012 exhibits low signature alignment (20%). No immediate forensic action required.
SIG-6A942E59,INT-0013,FUSED-INT-0013,StandardMotorcycleSnatch,0.2,Weak Match,0.148,1,3,ROUTINE RECORD: Interaction INT-0013 exhibits low signature alignment (20%). No immediate forensic action required.
SIG-D097D13D,INT-0014,FUSED-INT-0014,StandardMotorcycleSnatch,0.2,Weak Match,0.146,1,3,ROUTINE RECORD: Interaction INT-0014 exhibits low signature alignment (20%). No immediate forensic action required.
SIG-294DFFF4,INT-0015,FUSED-INT-0015,StandardMotorcycleSnatch,0.2,Weak Match,0.146,1,3,ROUTINE RECORD: Interaction INT-0015 exhibits low signature alignment (20%). No immediate forensic action required.
SIG-039765A4,INT-0016,FUSED-INT-0016,StandardMotorcycleSnatch,0.2,Weak Match,0.146,1,3,ROUTINE RECORD: Interaction INT-0016 exhibits low signature alignment (20%). No immediate forensic action required.
SIG-4A8DA76F,INT-0017,FUSED-INT-0017,StandardMotorcycleSnatch,0.2,Weak Match,0.146,1,3,ROUTINE RECORD: Interaction INT-0017 exhibits low signature alignment (20%). No immediate forensic action required.
SIG-4E3CF80C,INT-0018,FUSED-INT-0018,StandardMotorcycleSnatch,0.2,Weak Match,0.1415,1,3,ROUTINE RECORD: Interaction INT-0018 exhibits low signature alignment (20%). No immediate forensic action required.
SIG-0F986E61,INT-0019,FUSED-INT-0019,StandardMotorcycleSnatch,0.2,Weak Match,0.1542,1,3,ROUTINE RECORD: Interaction INT-0019 exhibits low signature alignment (20%). No immediate forensic action required.
SIG-8101B555,INT-0020,FUSED-INT-0020,StandardMotorcycleSnatch,0.4,Weak Match,0.281,2,2,ROUTINE RECORD: Interaction INT-0020 exhibits low signature alignment (40%). No immediate forensic action required.
SIG-41241F86,INT-0021,FUSED-INT-0021,StandardMotorcycleSnatch,0.4,Weak Match,0.2873,2,2,ROUTINE RECORD: Interaction INT-0021 exhibits low signature alignment (40%). No immediate forensic action required.
SIG-7CA92697,INT-0022,FUSED-INT-0022,StandardMotorcycleSnatch,0.0,No Match,0.0,0,4,ROUTINE RECORD: Interaction INT-0022 exhibits low signature alignment (0%). No immediate forensic action required.
SIG-357E6607,INT-0023,FUSED-INT-0023,StandardMotorcycleSnatch,0.2,Weak Match,0.1432,1,3,ROUTINE RECORD: Interaction INT-0023 exhibits low signature alignment (20%). No immediate forensic action required.
SIG-A28D8C13,INT-0024,FUSED-INT-0024,StandardMotorcycleSnatch,0.2,Weak Match,0.1416,1,3,ROUTINE RECORD: Interaction INT-0024 exhibits low signature alignment (20%). No immediate forensic action required.
SIG-4B65318A,INT-0025,FUSED-INT-0025,StandardMotorcycleSnatch,0.0,No Match,0.0,0,4,ROUTINE RECORD: Interaction INT-0025 exhibits low signature alignment (0%). No immediate forensic action required.
SIG-24DA3921,INT-0026,FUSED-INT-0026,StandardMotorcycleSnatch,0.2,Weak Match,0.1492,1,3,ROUTINE RECORD: Interaction INT-0026 exhibits low signature alignment (20%). No immediate forensic action required.
SIG-CD05B4A8,INT-0001,FUSED-INT-0001,StandardMotorcycleSnatch,0.4,Weak Match,0.3361,2,2,ROUTINE RECORD: Interaction INT-0001 exhibits low signature alignment (40%). No immediate forensic action required.
SIG-01EDB739,INT-0002,FUSED-INT-0002,StandardMotorcycleSnatch,0.8,High Confidence Match,0.6634,3,1,FLAGGED FOR HIGH-PRIORITY FORENSIC REVIEW: Interaction INT-0002 exhibits strong signature alignment (80%). Export forensic video clip for investigation.
SIG-E2650604,INT-0003,FUSED-INT-0003,StandardMotorcycleSnatch,0.2,Weak Match,0.1538,1,3,ROUTINE RECORD: Interaction INT-0003 exhibits low signature alignment (20%). No immediate forensic action required.
SIG-E84C7D7D,INT-0004,FUSED-INT-0004,StandardMotorcycleSnatch,0.2,Weak Match,0.1491,1,3,ROUTINE RECORD: Interaction INT-0004 exhibits low signature alignment (20%). No immediate forensic action required.
SIG-28966506,INT-0005,FUSED-INT-0005,StandardMotorcycleSnatch,0.4,Weak Match,0.2782,2,2,ROUTINE RECORD: Interaction INT-0005 exhibits low signature alignment (40%). No immediate forensic action required.
SIG-3175D531,INT-0006,FUSED-INT-0006,StandardMotorcycleSnatch,0.4,Weak Match,0.2922,2,2,ROUTINE RECORD: Interaction INT-0006 exhibits low signature alignment (40%). No immediate forensic action required.
SIG-67993B78,INT-0007,FUSED-INT-0007,StandardMotorcycleSnatch,0.4,Weak Match,0.3384,2,2,ROUTINE RECORD: Interaction INT-0007 exhibits low signature alignment (40%). No immediate forensic action required.
SIG-6ED4F868,INT-0008,FUSED-INT-0008,StandardMotorcycleSnatch,0.4,Weak Match,0.3618,2,2,ROUTINE RECORD: Interaction INT-0008 exhibits low signature alignment (40%). No immediate forensic action required.
SIG-B2D97A0F,INT-0009,FUSED-INT-0009,StandardMotorcycleSnatch,0.4,Weak Match,0.2915,2,2,ROUTINE RECORD: Interaction INT-0009 exhibits low signature alignment (40%). No immediate forensic action required.
SIG-37D150CA,INT-0010,FUSED-INT-0010,StandardMotorcycleSnatch,0.2,Weak Match,0.147,1,3,ROUTINE RECORD: Interaction INT-0010 exhibits low signature alignment (20%). No immediate forensic action required.
SIG-3907504E,INT-0011,FUSED-INT-0011,StandardMotorcycleSnatch,0.4,Weak Match,0.296,2,2,ROUTINE RECORD: Interaction INT-0011 exhibits low signature alignment (40%). No immediate forensic action required.
SIG-DADB7109,INT-0012,FUSED-INT-0012,StandardMotorcycleSnatch,0.4,Weak Match,0.296,2,2,ROUTINE RECORD: Interaction INT-0012 exhibits low signature alignment (40%). No immediate forensic action required.
SIG-261F7E17,INT-0013,FUSED-INT-0013,StandardMotorcycleSnatch,0.2,Weak Match,0.148,1,3,ROUTINE RECORD: Interaction INT-0013 exhibits low signature alignment (20%). No immediate forensic action required.
SIG-5473E235,INT-0014,FUSED-INT-0014,StandardMotorcycleSnatch,0.4,Weak Match,0.292,2,2,ROUTINE RECORD: Interaction INT-0014 exhibits low signature alignment (40%). No immediate forensic action required.
SIG-779E9256,INT-0015,FUSED-INT-0015,StandardMotorcycleSnatch,0.4,Weak Match,0.292,2,2,ROUTINE RECORD: Interaction INT-0015 exhibits low signature alignment (40%). No immediate forensic action required.
SIG-DCDD7867,INT-0016,FUSED-INT-0016,StandardMotorcycleSnatch,0.2,Weak Match,0.146,1,3,ROUTINE RECORD: Interaction INT-0016 exhibits low signature alignment (20%). No immediate forensic action required.
SIG-07AEC765,INT-0017,FUSED-INT-0017,StandardMotorcycleSnatch,0.2,Weak Match,0.146,1,3,ROUTINE RECORD: Interaction INT-0017 exhibits low signature alignment (20%). No immediate forensic action required.
SIG-7AA51415,INT-0018,FUSED-INT-0018,StandardMotorcycleSnatch,0.2,Weak Match,0.1415,1,3,ROUTINE RECORD: Interaction INT-0018 exhibits low signature alignment (20%). No immediate forensic action required.
SIG-242274A0,INT-0019,FUSED-INT-0019,StandardMotorcycleSnatch,0.2,Weak Match,0.1542,1,3,ROUTINE RECORD: Interaction INT-0019 exhibits low signature alignment (20%). No immediate forensic action required.
SIG-270EA133,INT-0020,FUSED-INT-0020,StandardMotorcycleSnatch,0.2,Weak Match,0.1405,1,3,ROUTINE RECORD: Interaction INT-0020 exhibits low signature alignment (20%). No immediate forensic action required.
SIG-DE623673,INT-0021,FUSED-INT-0021,StandardMotorcycleSnatch,0.2,Weak Match,0.1436,1,3,ROUTINE RECORD: Interaction INT-0021 exhibits low signature alignment (20%). No immediate forensic action required.
SIG-DC3BDFD8,INT-0022,FUSED-INT-0022,StandardMotorcycleSnatch,0.2,Weak Match,0.1254,1,3,ROUTINE RECORD: Interaction INT-0022 exhibits low signature alignment (20%). No immediate forensic action required.
SIG-7206147E,INT-0023,FUSED-INT-0023,StandardMotorcycleSnatch,0.4,Weak Match,0.2864,2,2,ROUTINE RECORD: Interaction INT-0023 exhibits low signature alignment (40%). No immediate forensic action required.
SIG-D444F101,INT-0024,FUSED-INT-0024,StandardMotorcycleSnatch,0.4,Weak Match,0.2832,2,2,ROUTINE RECORD: Interaction INT-0024 exhibits low signature alignment (40%). No immediate forensic action required.
SIG-A7056B77,INT-0025,FUSED-INT-0025,StandardMotorcycleSnatch,0.2,Weak Match,0.1242,1,3,ROUTINE RECORD: Interaction INT-0025 exhibits low signature alignment (20%). No immediate forensic action required.
SIG-0695A206,INT-0026,FUSED-INT-0026,StandardMotorcycleSnatch,0.2,Weak Match,0.1492,1,3,ROUTINE RECORD: Interaction INT-0026 exhibits low signature alignment (20%). No immediate forensic action required.
